# EDGA: state=0 mode=genetic completeness=0.9900075036 n_det=11857 gen=27
  -0.518753925297355  4444411111  |0 1 2 3 4  |0 1 2 3 4 
   0.246489595130581  1444441111  |1 2 3 4 5  |1 2 3 4 5 
   0.246489544090350  4444111114  |0 1 2 3 9  |0 1 2 3 9 
   0.237303905353601  4144414111  |0 2 3 4 6  |0 2 3 4 6 
   0.237303863764884  4441411141  |0 1 2 4 8  |0 1 2 4 8 
   0.236044106790250  4414411411  |0 1 3 4 7  |0 1 3 4 7 
  -0.117096926832282  1444141114  |1 2 3 5 9  |1 2 3 5 9 
  -0.112643979979474  4144114114  |0 2 3 6 9  |0 2 3 6 9 
  -0.112643979787011  1441441141  |1 2 4 5 8  |1 2 4 5 8 
  -0.111550298084481  1414441411  |1 3 4 5 7  |1 3 4 5 7 
  -0.111550274778706  4414111414  |0 1 3 7 9  |0 1 3 7 9 
  -0.109079738040739  1144444111  |2 3 4 5 6  |2 3 4 5 6 
  -0.109079719720542  4441111144  |0 1 2 8 9  |0 1 2 8 9 
  -0.107981786739943  4141414141  |0 2 4 6 8  |0 2 4 6 8 
  -0.104911673246617  4411411441  |0 1 4 7 8  |0 1 4 7 8 
  -0.104911668636060  4114414411  |0 3 4 6 7  |0 3 4 6 7 
  -0.086425564095117  4423411231  |0 1 2 4 7  |0 1 3 4 8 
  -0.086425415251134  4432411321  |0 1 3 4 8  |0 1 2 4 7 
   0.086425326503003  4234412311  |0 1 3 4 6  |0 2 3 4 7 
   0.086425225305360  4324413211  |0 2 3 4 7  |0 1 3 4 6 
   0.083279960194820  4442311123  |0 1 2 3 8  |0 1 2 4 9 
   0.083279839216341  4443211132  |0 1 2 4 9  |0 1 2 3 8 
  -0.083279521414197  2344423111  |0 2 3 4 5  |1 2 3 4 6 
  -0.083279444186236  3244432111  |1 2 3 4 6  |0 2 3 4 5 
   0.052707681013577  1414141414  |1 3 5 7 9  |1 3 5 7 9 
   0.051769312392675  1144144114  |2 3 5 6 9  |2 3 5 6 9 
   0.051769310957979  1441141144  |1 2 5 8 9  |1 2 5 8 9 
   0.049590071361661  4141114144  |0 2 6 8 9  |0 2 6 8 9 
   0.049590063912854  1141444141  |2 4 5 6 8  |2 4 5 6 8 
   0.049533656428706  1411441441  |1 4 5 7 8  |1 4 5 7 8 
   0.049533648308539  4114114414  |0 3 6 7 9  |0 3 6 7 9 
   0.047980015064018  4411111444  |0 1 7 8 9  |0 1 7 8 9 
   0.047980010338193  1114444411  |3 4 5 6 7  |3 4 5 6 7 
   0.046373102072484  4111414441  |0 4 6 7 8  |0 4 6 7 8 
   0.045599749646510  4422411331  |0 1 2 3 4  |0 1 4 7 8 
   0.045599749103986  4433411221  |0 1 4 7 8  |0 1 2 3 4 
  -0.045599532878783  4334412211  |0 3 4 6 7  |0 1 2 3 4 
  -0.045599532598791  4224413311  |0 1 2 3 4  |0 3 4 6 7 
  -0.044205478748737  4442211133  |0 1 2 3 4  |0 1 2 8 9 
  -0.044205475106891  4443311122  |0 1 2 8 9  |0 1 2 3 4 
   0.044205274588629  3344422111  |2 3 4 5 6  |0 1 2 3 4 
   0.044205272890059  2244433111  |0 1 2 3 4  |2 3 4 5 6 
   0.040825946476139  4432411231  |0 1 3 4 7  |0 1 2 4 8 
   0.040825945723822  4423411321  |0 1 2 4 8  |0 1 3 4 7 
  -0.040825689359318  4324412311  |0 2 3 4 6  |0 1 3 4 7 
  -0.040825687441832  4234413211  |0 1 3 4 7  |0 2 3 4 6 
   0.040773893538904  1423441231  |1 2 4 5 7  |1 3 4 5 8 
   0.040773823440216  1432441321  |1 3 4 5 8  |1 2 4 5 7 
  -0.040773773742628  4234112314  |0 1 3 6 9  |0 2 3 7 9 
  -0.040773727318076  4324113214  |0 2 3 7 9  |0 1 3 6 9 
  -0.039513842980770  1442341123  |1 2 3 5 8  |1 2 4 5 9 
  -0.039513786236539  1443241132  |1 2 4 5 9  |1 2 3 5 8 
   0.039513637846864  2344123114  |0 2 3 5 9  |1 2 3 6 9 
   0.039513601543886  3244132114  |1 2 3 6 9  |0 2 3 5 9 
   0.039364337770709  4423111234  |0 1 2 7 9  |0 1 3 8 9 
   0.039364270716514  4432111324  |0 1 3 8 9  |0 1 2 7 9 
  -0.039364237694354  1234442311  |1 3 4 5 6  |2 3 4 5 7 
  -0.039364191840880  1324443211  |2 3 4 5 7  |1 3 4 5 6 
  -0.039074467831040  4443211123  |0 1 2 4 8  |0 1 2 3 9 
  -0.039074464793965  4442311132  |0 1 2 3 9  |0 1 2 4 8 
   0.039074210053429  3244423111  |1 2 3 4 5  |0 2 3 4 6 
   0.039074208087166  2344432111  |0 2 3 4 6  |1 2 3 4 5 
  -0.038067724249871  4243412131  |0 1 2 4 6  |0 2 3 4 8 
  -0.038067638264139  4342413121  |0 2 3 4 8  |0 1 2 4 6 
   0.037863906906365  4123414231  |0 2 4 6 7  |0 3 4 6 8 
   0.037863842588541  4132414321  |0 3 4 6 8  |0 2 4 6 7 
  -0.037863786148035  4231412341  |0 1 4 6 8  |0 2 4 7 8 
  -0.037863744110037  4321413241  |0 2 4 7 8  |0 1 4 6 8 
  -0.037807777025479  4142314123  |0 2 3 6 8  |0 2 4 6 9 
  -0.037807722605793  4143214132  |0 2 4 6 9  |0 2 3 6 8 
   0.037807569299072  2341423141  |0 2 4 5 8  |1 2 4 6 8 
   0.037807535732357  3241432141  |1 2 4 6 8  |0 2 4 5 8 
  -0.036293570201963  4412311423  |0 1 3 7 8  |0 1 4 7 9 
  -0.036293517293713  4413211432  |0 1 4 7 9  |0 1 3 7 8 
   0.036293358998121  2314423411  |0 3 4 5 7  |1 3 4 6 7 
   0.036293326470327  3214432411  |1 3 4 6 7  |0 3 4 5 7 
  -0.035308512799382  4424311213  |0 1 2 3 7  |0 1 3 4 9 
  -0.035308429501520  4434211312  |0 1 3 4 9  |0 1 2 3 7 
  -0.035308078289526  2434421311  |0 1 3 4 5  |1 2 3 4 7 
  -0.035308015022391  3424431211  |1 2 3 4 7  |0 1 3 4 5 
   0.031320870063207  4441411123  |0 1 2 4 8  |0 1 2 4 9 
  -0.031320850810697  4441411132  |0 1 2 4 9  |0 1 2 4 8 
  -0.031320827580467  4144423111  |0 2 3 4 5  |0 2 3 4 6 
   0.031320825379825  4144432111  |0 2 3 4 6  |0 2 3 4 5 
   0.029855550272472  4414411231  |0 1 3 4 7  |0 1 3 4 8 
  -0.029855522244830  4414411321  |0 1 3 4 8  |0 1 3 4 7 
   0.029855487562245  4414412311  |0 1 3 4 6  |0 1 3 4 7 
  -0.029855481400302  4414413211  |0 1 3 4 7  |0 1 3 4 6 
   0.029141732016154  4441411231  |0 1 2 4 7  |0 1 2 4 8 
  -0.029141720301414  4441411321  |0 1 2 4 8  |0 1 2 4 7 
   0.029141711128807  4144412311  |0 2 3 4 6  |0 2 3 4 7 
  -0.029141689857253  4144413211  |0 2 3 4 7  |0 2 3 4 6 
   0.028795595268118  4444111123  |0 1 2 3 8  |0 1 2 3 9 
  -0.028795576954232  4444111132  |0 1 2 3 9  |0 1 2 3 8 
  -0.028795559003700  1444423111  |1 2 3 4 5  |1 2 3 4 6 
   0.028795541093140  1444432111  |1 2 3 4 6  |1 2 3 4 5 
  -0.027043212158829  4442311114  |0 1 2 3 9  |0 1 2 4 9 
   0.027043186164584  4443211114  |0 1 2 4 9  |0 1 2 3 9 
  -0.027043136909780  2344441111  |0 2 3 4 5  |1 2 3 4 5 
   0.027043115235311  3244441111  |1 2 3 4 5  |0 2 3 4 5 
  -0.025257686509678  4423411141  |0 1 2 4 8  |0 1 3 4 8 
   0.025257668957838  4432411141  |0 1 3 4 8  |0 1 2 4 8 
  -0.025257630479930  4234414111  |0 1 3 4 6  |0 2 3 4 6 
   0.025257605822398  4324414111  |0 2 3 4 6  |0 1 3 4 6 
  -0.024599000851102  4423411411  |0 1 2 4 7  |0 1 3 4 7 
   0.024598968327607  4432411411  |0 1 3 4 7  |0 1 2 4 7 
  -0.024598958233074  4234411411  |0 1 3 4 7  |0 2 3 4 7 
   0.024598948930002  4324411411  |0 2 3 4 7  |0 1 3 4 7 
  -0.023693446158265  4442311141  |0 1 2 3 8  |0 1 2 4 8 
   0.023693425273139  4443211141  |0 1 2 4 8  |0 1 2 3 8 
  -0.023693366233558  2344414111  |0 2 3 4 6  |1 2 3 4 6 
   0.023693362302183  3244414111  |1 2 3 4 6  |0 2 3 4 6 
  -0.022771756831566  1141144144  |2 5 6 8 9  |2 5 6 8 9 
  -0.022650844882165  1114144414  |3 5 6 7 9  |3 5 6 7 9 
  -0.022650844226079  1411141444  |1 5 7 8 9  |1 5 7 8 9 
  -0.021533171071983  1422441331  |1 2 3 4 5  |1 4 5 7 8 
  -0.021533170821733  1433441221  |1 4 5 7 8  |1 2 3 4 5 
   0.021533061824913  4334112214  |0 3 6 7 9  |0 1 2 3 9 
   0.021533061614901  4224113314  |0 1 2 3 9  |0 3 6 7 9 
   0.021262223487337  4423412131  |0 1 2 4 6  |0 1 3 4 8 
   0.021262219954664  4234412131  |0 1 3 4 6  |0 2 3 4 8 
   0.021262180147526  4432413121  |0 1 3 4 8  |0 1 2 4 6 
   0.021262178318331  4324413121  |0 2 3 4 8  |0 1 3 4 6 
  -0.021196838091678  4111114444  |0 6 7 8 9  |0 6 7 8 9 
  -0.021196837888956  1111444441  |4 5 6 7 8  |4 5 6 7 8 
   0.020978947349922  1442241133  |1 2 3 4 5  |1 2 5 8 9 
   0.020978945635969  1443341122  |1 2 5 8 9  |1 2 3 4 5 
  -0.020978846328225  3344122114  |2 3 5 6 9  |0 1 2 3 9 
  -0.020978845626259  2244133114  |0 1 2 3 9  |2 3 5 6 9 
  -0.020792385284670  4433111224  |0 1 7 8 9  |0 1 2 3 9 
  -0.020792385146554  4422111334  |0 1 2 3 9  |0 1 7 8 9 
   0.020792290142249  1224443311  |1 2 3 4 5  |3 4 5 6 7 
   0.020792289953511  1334442211  |3 4 5 6 7  |1 2 3 4 5 
   0.020765179344433  4423411213  |0 1 2 4 7  |0 1 3 4 9 
   0.020765132041733  4432411312  |0 1 3 4 9  |0 1 2 4 7 
   0.020765044713509  4234421311  |0 1 3 4 5  |0 2 3 4 7 
   0.020765016633131  4324431211  |0 2 3 4 7  |0 1 3 4 5 
   0.020088087024122  4142214133  |0 2 3 4 6  |0 2 6 8 9 
   0.020088085334070  4143314122  |0 2 6 8 9  |0 2 3 4 6 
  -0.020087987608125  3341422141  |2 4 5 6 8  |0 1 2 4 8 
  -0.020087986874176  2241433141  |0 1 2 4 8  |2 4 5 6 8 
  -0.019999963835649  4122414331  |0 2 3 4 6  |0 4 6 7 8 
  -0.019999963215098  4133414221  |0 4 6 7 8  |0 2 3 4 6 
   0.019999865472611  4331412241  |0 4 6 7 8  |0 1 2 4 8 
   0.019999864734319  4221413341  |0 1 2 4 8  |0 4 6 7 8 
   0.019876834456039  4442311213  |0 1 2 3 7  |0 1 2 4 9 
   0.019876792756296  4443211312  |0 1 2 4 9  |0 1 2 3 7 
  -0.019876642319482  2344421311  |0 2 3 4 5  |1 2 3 4 7 
  -0.019876610175206  3244431211  |1 2 3 4 7  |0 2 3 4 5 
   0.019468345926790  4343412121  |0 2 4 6 8  |0 1 2 3 4 
   0.019468345123668  4242413131  |0 1 2 3 4  |0 2 4 6 8 
   0.019284125070576  4412211433  |0 1 3 4 7  |0 1 7 8 9 
   0.019284122970886  4413311422  |0 1 7 8 9  |0 1 3 4 7 
  -0.019284021034540  3314422411  |3 4 5 6 7  |0 1 3 4 7 
  -0.019284020047888  2214433411  |0 1 3 4 7  |3 4 5 6 7 
  -0.019240778532277  1432441231  |1 3 4 5 7  |1 2 4 5 8 
  -0.019240778209203  1423441321  |1 2 4 5 8  |1 3 4 5 7 
   0.019240656771032  4324112314  |0 2 3 6 9  |0 1 3 7 9 
   0.019240655938178  4234113214  |0 1 3 7 9  |0 2 3 6 9 
  -0.019102683800801  4243412311  |0 1 2 4 6  |0 2 3 4 7 
  -0.019102676012712  4243411231  |0 1 2 4 7  |0 2 3 4 8 
  -0.019102642412250  4342413211  |0 2 3 4 7  |0 1 2 4 6 
  -0.019102636137479  4342411321  |0 2 3 4 8  |0 1 2 4 7 
  -0.018760525262388  4232312323  |0 1 3 6 8  |0 2 4 7 9 
  -0.018760475184913  4323213232  |0 2 4 7 9  |0 1 3 6 8 
  -0.018760420311099  3232432321  |1 3 4 6 8  |0 2 4 5 7 
   0.018599389206937  4342412131  |0 2 3 4 6  |0 1 2 4 8 
   0.018599388280088  4243413121  |0 1 2 4 8  |0 2 3 4 6 
  -0.018572008916460  4423111324  |0 1 2 8 9  |0 1 3 7 9 
  -0.018572008904836  4432111234  |0 1 3 7 9  |0 1 2 8 9 
   0.018571896149619  1324442311  |2 3 4 5 6  |1 3 4 5 7 
   0.018571895633048  1234443211  |1 3 4 5 7  |2 3 4 5 6 
  -0.018569434694857  1423141234  |1 2 5 7 9  |1 3 5 8 9 
  -0.018569403146992  1432141324  |1 3 5 8 9  |1 2 5 7 9 
   0.018569376185363  1234142314  |1 3 5 6 9  |2 3 5 7 9 
   0.018569355145125  1324143214  |2 3 5 7 9  |1 3 5 6 9 
   0.018534890277620  1443241123  |1 2 4 5 8  |1 2 3 5 9 
   0.018534888946319  1442341132  |1 2 3 5 9  |1 2 4 5 8 
  -0.018534775250808  3244123114  |1 2 3 5 9  |0 2 3 6 9 
  -0.018534774554359  2344132114  |0 2 3 6 9  |1 2 3 5 9 
  -0.018402719665667  4424311123  |0 1 2 3 8  |0 1 3 4 9 
  -0.018402678794978  4434211132  |0 1 3 4 9  |0 1 2 3 8 
   0.018402512215161  2434423111  |0 1 3 4 5  |1 2 3 4 6 
   0.018402480161951  3424432111  |1 2 3 4 6  |0 1 3 4 5 
   0.018112642276807  4424211313  |0 1 2 3 4  |0 1 3 7 9 
   0.018112639772847  4434311212  |0 1 3 7 9  |0 1 2 3 4 
   0.018112337669139  3434421211  |1 3 4 5 7  |0 1 2 3 4 
   0.018112335297936  2424431311  |0 1 2 3 4  |1 3 4 5 7 
  -0.018097434194705  4244312113  |0 1 2 3 6  |0 2 3 4 9 
  -0.018097381906710  4344213112  |0 2 3 4 9  |0 1 2 3 6 
   0.018097033739033  2443421131  |0 1 2 4 5  |1 2 3 4 8 
   0.018096983723252  3442431121  |1 2 3 4 8  |0 1 2 4 5 
  -0.017863999088999  4123414321  |0 2 4 6 8  |0 3 4 6 7 
  -0.017863999051855  4132414231  |0 3 4 6 7  |0 2 4 6 8 
   0.017863879615998  4321412341  |0 2 4 6 8  |0 1 4 7 8 
   0.017863879374175  4231413241  |0 1 4 7 8  |0 2 4 6 8 
   0.017719684440934  4143214123  |0 2 4 6 8  |0 2 3 6 9 
   0.017719683037866  4142314132  |0 2 3 6 9  |0 2 4 6 8 
  -0.017719564727939  3241423141  |1 2 4 5 8  |0 2 4 6 8 
  -0.017719563848348  2341432141  |0 2 4 6 8  |1 2 4 5 8 
  -0.017570692921572  4424311231  |0 1 2 3 7  |0 1 3 4 8 
  -0.017570651121174  4434211321  |0 1 3 4 8  |0 1 2 3 7 
   0.017570536618637  2434412311  |0 1 3 4 6  |1 2 3 4 7 
   0.017570511654127  3424413211  |1 2 3 4 7  |0 1 3 4 6 
   0.017366126105269  1142344123  |2 3 5 6 8  |2 4 5 6 9 
   0.017366101169873  1143244132  |2 4 5 6 9  |2 3 5 6 8 
  -0.017366035826597  2341123144  |0 2 5 8 9  |1 2 6 8 9 
  -0.017366020377950  3241132144  |1 2 6 8 9  |0 2 5 8 9 
  -0.017346551056787  1123444231  |2 4 5 6 7  |3 4 5 6 8 
  -0.017346521527401  1132444321  |3 4 5 6 8  |2 4 5 6 7 
   0.017346497187975  4231112344  |0 1 6 8 9  |0 2 7 8 9 
   0.017346477832174  4321113244  |0 2 7 8 9  |0 1 6 8 9 
   0.017262384993268  4243112134  |0 1 2 6 9  |0 2 3 8 9 
   0.017262384130345  1243442131  |1 2 4 5 6  |2 3 4 5 8 
   0.017262346252405  4342113124  |0 2 3 8 9  |0 1 2 6 9 
   0.017262345293288  1342443121  |2 3 4 5 8  |1 2 4 5 6 
  -0.017237619225970  4123114234  |0 2 6 7 9  |0 3 6 8 9 
  -0.017237590248766  4132114324  |0 3 6 8 9  |0 2 6 7 9 
   0.017237569181150  1231442341  |1 4 5 6 8  |2 4 5 7 8 
   0.017237550174096  1321443241  |2 4 5 7 8  |1 4 5 6 8 
   0.017195969836639  4434211213  |0 1 3 4 7  |0 1 2 3 9 
   0.017195967792015  4424311312  |0 1 2 3 9  |0 1 3 4 7 
   0.017195656147858  3424421311  |1 2 3 4 5  |0 1 3 4 7 
   0.017195653935798  2434431211  |0 1 3 4 7  |1 2 3 4 5 
   0.017137965934428  1412341423  |1 3 5 7 8  |1 4 5 7 9 
   0.017137941290562  1413241432  |1 4 5 7 9  |1 3 5 7 8 
  -0.017137872224529  2314123414  |0 3 5 7 9  |1 3 6 7 9 
  -0.017137856949247  3214132414  |1 3 6 7 9  |0 3 5 7 9 
   0.017009446343961  4413211423  |0 1 4 7 8  |0 1 3 7 9 
   0.017009445500147  4412311432  |0 1 3 7 9  |0 1 4 7 8 
  -0.017009321923558  3214423411  |1 3 4 5 7  |0 3 4 6 7 
  -0.017009321355049  2314432411  |0 3 4 6 7  |1 3 4 5 7 
   0.016637271477593  1424341213  |1 2 3 5 7  |1 3 4 5 9 
   0.016637232371776  1434241312  |1 3 4 5 9  |1 2 3 5 7 
   0.016637061528424  2434121314  |0 1 3 5 9  |1 2 3 7 9 
   0.016637032212057  3424131214  |1 2 3 7 9  |0 1 3 5 9 
   0.016070798463476  4112314423  |0 3 6 7 8  |0 4 6 7 9 
   0.016070775068954  4113214432  |0 4 6 7 9  |0 3 6 7 8 
  -0.016070707570519  2311423441  |0 4 5 7 8  |1 4 6 7 8 
  -0.016070693026264  3211432441  |1 4 6 7 8  |0 4 5 7 8 
   0.015792033373084  3243232132  |1 2 4 6 9  |0 2 3 5 8 
   0.015382497277499  4124314213  |0 2 3 6 7  |0 3 4 6 9 
   0.015382461764526  4134214312  |0 3 4 6 9  |0 2 3 6 7 
   0.015382314048835  2431421341  |0 1 4 5 8  |1 2 4 7 8 
   0.015382287506108  3421431241  |1 2 4 7 8  |0 1 4 5 8 
  -0.015012904752746  3144442111  |2 3 4 5 6  |0 2 3 4 5 
   0.015012904117831  2144443111  |0 2 3 4 5  |2 3 4 5 6 
  -0.015012849895057  4441311124  |0 1 2 8 9  |0 1 2 4 9 
   0.015012842279907  4441211134  |0 1 2 4 9  |0 1 2 8 9 
  -0.014854458851466  1441441123  |1 2 4 5 8  |1 2 4 5 9 
   0.014854449565903  1441441132  |1 2 4 5 9  |1 2 4 5 8 
   0.014854423664566  4144123114  |0 2 3 5 9  |0 2 3 6 9 
  -0.014854422526922  4144132114  |0 2 3 6 9  |0 2 3 5 9 
   0.014421523643205  4213412431  |0 1 4 6 7  |0 3 4 7 8 
   0.014421491032648  4312413421  |0 3 4 7 8  |0 1 4 6 7 
  -0.014190468565204  4141414123  |0 2 4 6 8  |0 2 4 6 9 
   0.014190459864294  4141414132  |0 2 4 6 9  |0 2 4 6 8 
   0.014190449416298  4141423141  |0 2 4 5 8  |0 2 4 6 8 
  -0.014190448274263  4141432141  |0 2 4 6 8  |0 2 4 5 8 
   0.014181773909120  4232412331  |0 1 3 4 6  |0 2 4 7 8 
  -0.014181722198850  4323413221  |0 2 4 7 8  |0 1 3 4 6 
   0.014181721859351  4323412231  |0 2 4 6 7  |0 1 3 4 8 
  -0.014181680797705  4232413321  |0 1 3 4 8  |0 2 4 6 7 
  -0.014116703896713  4423211233  |0 1 2 4 7  |0 1 3 8 9 
   0.014116647688280  4432311322  |0 1 3 8 9  |0 1 2 4 7 
   0.014116555000681  3234422311  |1 3 4 5 6  |0 2 3 4 7 
  -0.014116531121728  2324433211  |0 2 3 4 7  |1 3 4 5 6 
  -0.014041806508826  1414441231  |1 3 4 5 7  |1 3 4 5 8 
   0.014041793173618  1414441321  |1 3 4 5 8  |1 3 4 5 7 
  -0.014041774336497  4414112314  |0 1 3 6 9  |0 1 3 7 9 
   0.014041771363794  4414113214  |0 1 3 7 9  |0 1 3 6 9 
  -0.013780348998518  4411411423  |0 1 4 7 8  |0 1 4 7 9 
   0.013780339586774  4411411432  |0 1 4 7 9  |0 1 4 7 8 
   0.013780317784021  4114423411  |0 3 4 5 7  |0 3 4 6 7 
  -0.013780316305161  4114432411  |0 3 4 6 7  |0 3 4 5 7 
  -0.013766978335287  4233412231  |0 1 4 6 7  |0 2 3 4 8 
  -0.013766971682269  4223412331  |0 1 2 4 6  |0 3 4 7 8 
   0.013766945568077  4322413321  |0 2 3 4 8  |0 1 4 6 7 
   0.013766938821027  4332413221  |0 3 4 7 8  |0 1 2 4 6 
  -0.013665966645318  1441441231  |1 2 4 5 7  |1 2 4 5 8 
  -0.013665963198829  4144112314  |0 2 3 6 9  |0 2 3 7 9 
   0.013665961423320  1441441321  |1 2 4 5 8  |1 2 4 5 7 
   0.013665953623231  4144113214  |0 2 3 7 9  |0 2 3 6 9 
  -0.013646335123627  1444141123  |1 2 3 5 8  |1 2 3 5 9 
   0.013646326462322  1444141132  |1 2 3 5 9  |1 2 3 5 8 
   0.013646308565213  1444123114  |1 2 3 5 9  |1 2 3 6 9 
  -0.013646300357187  1444132114  |1 2 3 6 9  |1 2 3 5 9 
  -0.013608693456535  1244434111  |1 2 3 4 6  |2 3 4 5 6 
   0.013608692788951  1344424111  |2 3 4 5 6  |1 2 3 4 6 
   0.013608630802061  4442111143  |0 1 2 3 8  |0 1 2 8 9 
  -0.013608625515410  4443111142  |0 1 2 8 9  |0 1 2 3 8 
   0.013553681865699  4214414311  |0 1 3 4 6  |0 3 4 6 7 
  -0.013553681707776  4314414211  |0 3 4 6 7  |0 1 3 4 6 
  -0.013553639718298  4413411241  |0 1 4 7 8  |0 1 3 4 8 
   0.013553638756888  4412411341  |0 1 3 4 8  |0 1 4 7 8 
   0.013364574561819  4421311243  |0 1 2 7 8  |0 1 4 8 9 
   0.013364543486567  4431211342  |0 1 4 8 9  |0 1 2 7 8 
   0.013364401845091  2134424311  |0 3 4 5 6  |2 3 4 6 7 
   0.013364377206103  3124434211  |2 3 4 6 7  |0 3 4 5 6 
   0.013352233380161  4233412321  |0 1 4 6 8  |0 2 3 4 7 
  -0.013352182344305  4322413231  |0 2 3 4 7  |0 1 4 6 8 
   0.013352175078646  4223413231  |0 1 2 4 7  |0 3 4 6 8 
  -0.013352135322830  4332412321  |0 3 4 6 8  |0 1 2 4 7 
  -0.013286810639519  4441111234  |0 1 2 7 9  |0 1 2 8 9 
   0.013286804524512  4441111324  |0 1 2 8 9  |0 1 2 7 9 
  -0.013286800082885  1144442311  |2 3 4 5 6  |2 3 4 5 7 
   0.013286790149595  1144443211  |2 3 4 5 7  |2 3 4 5 6 
  -0.013215418529507  4134412411  |0 3 4 6 7  |0 2 3 4 7 
   0.013215417857537  4124413411  |0 2 3 4 7  |0 3 4 6 7 
  -0.013215365249129  4431411421  |0 1 4 7 8  |0 1 2 4 7 
   0.013215364503394  4421411431  |0 1 2 4 7  |0 1 4 7 8 
  -0.013208875796645  4114414231  |0 3 4 6 7  |0 3 4 6 8 
   0.013208863053177  4114414321  |0 3 4 6 8  |0 3 4 6 7 
  -0.013208853308336  4411412341  |0 1 4 6 8  |0 1 4 7 8 
   0.013208849728782  4411413241  |0 1 4 7 8  |0 1 4 6 8 
  -0.013159120753793  4432311223  |0 1 3 7 8  |0 1 2 4 9 
   0.013159078145529  4423211332  |0 1 2 4 9  |0 1 3 7 8 
   0.013158930957847  2324423311  |0 2 3 4 5  |1 3 4 6 7 
  -0.013158888070159  3234432211  |1 3 4 6 7  |0 2 3 4 5 
  -0.013034469521203  4414111234  |0 1 3 7 9  |0 1 3 8 9 
   0.013034458426842  4414111324  |0 1 3 8 9  |0 1 3 7 9 
  -0.013034446023737  1414442311  |1 3 4 5 6  |1 3 4 5 7 
   0.013034443929036  1414443211  |1 3 4 5 7  |1 3 4 5 6 
   0.013016416167185  4423311223  |0 1 2 7 8  |0 1 3 4 9 
  -0.013016381968438  4432211332  |0 1 3 4 9  |0 1 2 7 8 
  -0.013016273924194  2234423311  |0 1 3 4 5  |2 3 4 6 7 
   0.013016253144499  3324432211  |2 3 4 6 7  |0 1 3 4 5 
  -0.013001506427162  4144114123  |0 2 3 6 8  |0 2 3 6 9 
   0.013001498606754  4144114132  |0 2 3 6 9  |0 2 3 6 8 
   0.013001486609243  1441423141  |1 2 4 5 8  |1 2 4 6 8 
  -0.013001479148922  1441432141  |1 2 4 6 8  |1 2 4 5 8 
   0.012985128576100  4422311233  |0 1 2 3 7  |0 1 4 8 9 
  -0.012985094736870  4433211322  |0 1 4 8 9  |0 1 2 3 7 
  -0.012984983959513  2334422311  |0 3 4 5 6  |1 2 3 4 7 
   0.012984963316757  3224433211  |1 2 3 4 7  |0 3 4 5 6 
  -0.012842526963774  4422311323  |0 1 2 3 8  |0 1 4 7 9 
   0.012842484261198  4433211232  |0 1 4 7 9  |0 1 2 3 8 
   0.012842322822264  2334423211  |0 3 4 5 7  |1 2 3 4 6 
  -0.012842280397264  3224432311  |1 2 3 4 6  |0 3 4 5 7 
   0.012829077608521  1442341114  |1 2 3 5 9  |1 2 4 5 9 
  -0.012829065400804  1443241114  |1 2 4 5 9  |1 2 3 5 9 
   0.012829047236195  2344141114  |0 2 3 5 9  |1 2 3 5 9 
  -0.012829037114679  3244141114  |1 2 3 5 9  |0 2 3 5 9 
   0.012260502027426  4142314114  |0 2 3 6 9  |0 2 4 6 9 
  -0.012260490626403  4143214114  |0 2 4 6 9  |0 2 3 6 9 
   0.012260465119294  2341441141  |0 2 4 5 8  |1 2 4 5 8 
  -0.012260455998433  3241441141  |1 2 4 5 8  |0 2 4 5 8 
  -0.012231419063229  4141414231  |0 2 4 6 7  |0 2 4 6 8 
   0.012231415223012  4141414321  |0 2 4 6 8  |0 2 4 6 7 
  -0.012231412339057  4141412341  |0 2 4 6 8  |0 2 4 7 8 
   0.012231404973164  4141413241  |0 2 4 7 8  |0 2 4 6 8 
  -0.012065643648762  4414111423  |0 1 3 7 8  |0 1 3 7 9 
   0.012065636756310  4414111432  |0 1 3 7 9  |0 1 3 7 8 
   0.012065626813519  1414423411  |1 3 4 5 7  |1 3 4 6 7 
  -0.012065620349205  1414432411  |1 3 4 6 7  |1 3 4 5 7 
  -0.011884855009237  4423311232  |0 1 2 7 9  |0 1 3 4 8 
   0.011884802312653  4432211323  |0 1 3 4 8  |0 1 2 7 9 
   0.011884703255116  2234432311  |0 1 3 4 6  |2 3 4 5 7 
  -0.011884681849900  3324423211  |2 3 4 5 7  |0 1 3 4 6 
   0.011880390418476  1423441141  |1 2 4 5 8  |1 3 4 5 8 
  -0.011880382398407  1432441141  |1 3 4 5 8  |1 2 4 5 8 
   0.011880358046664  4234114114  |0 1 3 6 9  |0 2 3 6 9 
  -0.011880346863789  4324114114  |0 2 3 6 9  |0 1 3 6 9 
   0.011643147484289  4412311414  |0 1 3 7 9  |0 1 4 7 9 
  -0.011643137047714  4413211414  |0 1 4 7 9  |0 1 3 7 9 
   0.011643107319504  2314441411  |0 3 4 5 7  |1 3 4 5 7 
  -0.011643098991597  3214441411  |1 3 4 5 7  |0 3 4 5 7 
   0.011523562390332  1423441411  |1 2 4 5 7  |1 3 4 5 7 
  -0.011523546949287  1432441411  |1 3 4 5 7  |1 2 4 5 7 
   0.011523545523134  4234111414  |0 1 3 7 9  |0 2 3 7 9 
  -0.011523541141236  4324111414  |0 2 3 7 9  |0 1 3 7 9 
   0.011236711029750  4423111144  |0 1 2 8 9  |0 1 3 8 9 
  -0.011236702618664  4432111144  |0 1 3 8 9  |0 1 2 8 9 
   0.011236678656152  1234444111  |1 3 4 5 6  |2 3 4 5 6 
  -0.011236667293760  1324444111  |2 3 4 5 6  |1 3 4 5 6 
   0.011223888719095  1442341141  |1 2 3 5 8  |1 2 4 5 8 
  -0.011223878768728  1443241141  |1 2 4 5 8  |1 2 3 5 8 
   0.011223848665336  2344114114  |0 2 3 6 9  |1 2 3 6 9 
  -0.011223846658497  3244114114  |1 2 3 6 9  |0 2 3 6 9 
  -0.011165008452738  4433412121  |0 1 4 6 8  |0 1 2 3 4 
  -0.011165002513256  4422413131  |0 1 2 3 4  |0 1 4 6 8 
  -0.011164969344029  4224413131  |0 1 2 3 4  |0 3 4 6 8 
  -0.011164957059540  4334412121  |0 3 4 6 8  |0 1 2 3 4 
   0.010979808396445  4423111414  |0 1 2 7 9  |0 1 3 7 9 
  -0.010979794789464  4432111414  |0 1 3 7 9  |0 1 2 7 9 
   0.010979791673611  1234441411  |1 3 4 5 7  |2 3 4 5 7 
  -0.010979787892738  1324441411  |2 3 4 5 7  |1 3 4 5 7 
   0.010885799887504  4123414141  |0 2 4 6 8  |0 3 4 6 8 
  -0.010885793192495  4132414141  |0 3 4 6 8  |0 2 4 6 8 
   0.010885774253453  4231414141  |0 1 4 6 8  |0 2 4 6 8 
  -0.010885764919677  4321414141  |0 2 4 6 8  |0 1 4 6 8 
  -0.010875985589046  4422411313  |0 1 2 3 4  |0 1 4 7 9 
  -0.010875975403181  4433411212  |0 1 4 7 9  |0 1 2 3 4 
  -0.010875880391553  4334421211  |0 3 4 5 7  |0 1 2 3 4 
  -0.010875874347554  4224431311  |0 1 2 3 4  |0 3 4 5 7 
   0.010846320937197  3242332123  |1 2 3 6 8  |0 2 4 5 9 
   0.010846309257402  2343223132  |0 2 4 5 9  |1 2 3 6 8 
   0.010678289756366  4142314141  |0 2 3 6 8  |0 2 4 6 8 
  -0.010678280226171  4143214141  |0 2 4 6 8  |0 2 3 6 8 
   0.010678238792400  2341414141  |0 2 4 6 8  |1 2 4 6 8 
  -0.010678236925567  3241414141  |1 2 4 6 8  |0 2 4 6 8 
   0.010576600659452  4123414411  |0 2 4 6 7  |0 3 4 6 7 
  -0.010576586152876  4132414411  |0 3 4 6 7  |0 2 4 6 7 
   0.010576583604640  4231411441  |0 1 4 7 8  |0 2 4 7 8 
  -0.010576578982391  4321411441  |0 2 4 7 8  |0 1 4 7 8 
  -0.010555110251846  4443311212  |0 1 2 7 9  |0 1 2 3 4 
  -0.010555102470123  4442211313  |0 1 2 3 4  |0 1 2 7 9 
   0.010555029817983  2244431311  |0 1 2 3 4  |2 3 4 5 7 
   0.010555020324298  3344421211  |2 3 4 5 7  |0 1 2 3 4 
   0.010239161244682  4242411331  |0 1 2 3 4  |0 2 4 7 8 
   0.010239155676772  4343411221  |0 2 4 7 8  |0 1 2 3 4 
   0.010239137813986  4343412211  |0 2 4 6 7  |0 1 2 3 4 
   0.010239125077698  4242413311  |0 1 2 3 4  |0 2 4 6 7 
   0.010123591974958  4412311441  |0 1 3 7 8  |0 1 4 7 8 
  -0.010123582612455  4413211441  |0 1 4 7 8  |0 1 3 7 8 
   0.010123545304578  2314414411  |0 3 4 6 7  |1 3 4 6 7 
  -0.010123543291681  3214414411  |1 3 4 6 7  |0 3 4 6 7 
   0.010119060569774  4243412113  |0 1 2 4 6  |0 2 3 4 9 
   0.010119032404418  4342413112  |0 2 3 4 9  |0 1 2 4 6 
  -0.010119032137240  4243421131  |0 1 2 4 5  |0 2 3 4 8 
  -0.010119007092438  4342431121  |0 2 3 4 8  |0 1 2 4 5 
  -0.010097262163089  4432412131  |0 1 3 4 6  |0 1 2 4 8 
  -0.010097257934806  4423413121  |0 1 2 4 8  |0 1 3 4 6 
  -0.010097208096207  4324412131  |0 2 3 4 6  |0 1 3 4 8 
  -0.010097197447403  4234413121  |0 1 3 4 8  |0 2 3 4 6 
  -0.009976701231718  4423311214  |0 1 2 7 9  |0 1 3 4 9 
  -0.009976680587091  4432211314  |0 1 3 4 9  |0 1 2 7 9 
  -0.009976679805297  2234441311  |0 1 3 4 5  |2 3 4 5 7 
  -0.009976668257635  3324441211  |2 3 4 5 7  |0 1 3 4 5 
   0.009959088638649  4424211133  |0 1 2 3 4  |0 1 3 8 9 
   0.009959078619023  4434311122  |0 1 3 8 9  |0 1 2 3 4 
  -0.009958998804072  3434422111  |1 3 4 5 6  |0 1 2 3 4 
  -0.009958987734354  2424433111  |0 1 2 3 4  |1 3 4 5 6 
  -0.009889248885737  4432411213  |0 1 3 4 7  |0 1 2 4 9 
  -0.009889241068230  4423411312  |0 1 2 4 9  |0 1 3 4 7 
  -0.009889136436848  4324421311  |0 2 3 4 5  |0 1 3 4 7 
  -0.009889131192657  4234431211  |0 1 3 4 7  |0 2 3 4 5 
   0.009817019538770  1433141224  |1 5 7 8 9  |1 2 3 5 9 
   0.009817019476024  1422141334  |1 2 3 5 9  |1 5 7 8 9 
  -0.009816967384272  1224143314  |1 2 3 5 9  |3 5 6 7 9 
  -0.009816967327397  1334142214  |3 5 6 7 9  |1 2 3 5 9 
  -0.009790418108750  1423441213  |1 2 4 5 7  |1 3 4 5 9 
  -0.009790395763211  1432441312  |1 3 4 5 9  |1 2 4 5 7 
  -0.009790359176145  4234121314  |0 1 3 5 9  |0 2 3 7 9 
  -0.009790346302806  4324131214  |0 2 3 7 9  |0 1 3 5 9 
  -0.009752747338358  4414411213  |0 1 3 4 7  |0 1 3 4 9 
   0.009752729313635  4414411312  |0 1 3 4 9  |0 1 3 4 7 
   0.009752696181876  4414421311  |0 1 3 4 5  |0 1 3 4 7 
  -0.009752692471055  4414431211  |0 1 3 4 7  |0 1 3 4 5 
   0.009688164088800  1111144444  |5 6 7 8 9  |5 6 7 8 9 
  -0.009684174239177  4423112134  |0 1 2 6 9  |0 1 3 8 9 
  -0.009684170195662  1234442131  |1 3 4 5 6  |2 3 4 5 8 
  -0.009684154831453  4432113124  |0 1 3 8 9  |0 1 2 6 9 
  -0.009684151218613  1324443121  |2 3 4 5 8  |1 3 4 5 6 
   0.009643263539264  4424312113  |0 1 2 3 6  |0 1 3 4 9 
   0.009643233252933  4434213112  |0 1 3 4 9  |0 1 2 3 6 
  -0.009643103716352  2434421131  |0 1 3 4 5  |1 2 3 4 8 
  -0.009643077622270  3424431121  |1 2 3 4 8  |0 1 3 4 5 
   0.009454455376590  4223414131  |0 1 2 4 6  |0 3 4 6 8 
   0.009454438171597  4332414121  |0 3 4 6 8  |0 1 2 4 6 
  -0.009454419236940  4233412141  |0 1 4 6 8  |0 2 3 4 8 
  -0.009454406795512  4322413141  |0 2 3 4 8  |0 1 4 6 8 
   0.009445783121046  4434311221  |0 1 3 7 8  |0 1 2 3 4 
   0.009445774140527  4424211331  |0 1 2 3 4  |0 1 3 7 8 
  -0.009445679162559  2424413311  |0 1 2 3 4  |1 3 4 6 7 
  -0.009445674894295  3434412211  |1 3 4 6 7  |0 1 2 3 4 
  -0.009356140583381  1423442131  |1 2 4 5 6  |1 3 4 5 8 
  -0.009356134436848  4234112134  |0 1 3 6 9  |0 2 3 8 9 
  -0.009356121655438  1432443121  |1 3 4 5 8  |1 2 4 5 6 
  -0.009330847097182  1442341213  |1 2 3 5 7  |1 2 4 5 9 
  -0.009330827803960  1443241312  |1 2 4 5 9  |1 2 3 5 7 
   0.009330744999926  2344121314  |0 2 3 5 9  |1 2 3 7 9 
   0.009330730236320  3244131214  |1 2 3 7 9  |0 2 3 5 9 
  -0.009321705948199  4443211213  |0 1 2 4 7  |0 1 2 3 9 
  -0.009321699288799  4442311312  |0 1 2 3 9  |0 1 2 4 7 
   0.009321607103766  3244421311  |1 2 3 4 5  |0 2 3 4 7 
   0.009321597751729  2344431211  |0 2 3 4 7  |1 2 3 4 5 
  -0.009309763304917  2414441311  |0 1 3 4 5  |1 3 4 5 7 
   0.009309760392968  3414441211  |1 3 4 5 7  |0 1 3 4 5 
   0.009309760307476  4414311214  |0 1 3 7 9  |0 1 3 4 9 
  -0.009309753240585  4414211314  |0 1 3 4 9  |0 1 3 7 9 
  -0.009309342610435  4144412131  |0 2 3 4 6  |0 2 3 4 8 
   0.009309322463487  4144413121  |0 2 3 4 8  |0 2 3 4 6 
  -0.009309311816293  4441412131  |0 1 2 4 6  |0 1 2 4 8 
   0.009309304481141  4441413121  |0 1 2 4 8  |0 1 2 4 6 
  -0.009228031397416  1142244133  |2 3 4 5 6  |2 5 6 8 9 
  -0.009228030651775  1143344122  |2 5 6 8 9  |2 3 4 5 6 
   0.009227988707840  3341122144  |2 5 6 8 9  |0 1 2 8 9 
   0.009227988409956  2241133144  |0 1 2 8 9  |2 5 6 8 9 
   0.009169113730752  4244213113  |0 1 2 3 4  |0 2 3 6 9 
   0.009169113034072  4344312112  |0 2 3 6 9  |0 1 2 3 4 
  -0.009168961737443  3443421121  |1 2 4 5 8  |0 1 2 3 4 
  -0.009168958702998  2442431131  |0 1 2 3 4  |1 2 4 5 8 
   0.009166723413290  1122444331  |2 3 4 5 6  |4 5 6 7 8 
   0.009166723187920  1133444221  |4 5 6 7 8  |2 3 4 5 6 
  -0.009166679078465  4331112244  |0 6 7 8 9  |0 1 2 8 9 
  -0.009166678740063  4221113344  |0 1 2 8 9  |0 6 7 8 9 
   0.009160707664856  4424311114  |0 1 2 3 9  |0 1 3 4 9 
  -0.009160692261977  4434211114  |0 1 3 4 9  |0 1 2 3 9 
   0.009160670005600  2434441111  |0 1 3 4 5  |1 2 3 4 5 
  -0.009160653043813  3424441111  |1 2 3 4 5  |0 1 3 4 5 
   0.009113944221884  4122114334  |0 2 3 6 9  |0 6 7 8 9 
   0.009113944101085  4133114224  |0 6 7 8 9  |0 2 3 6 9 
  -0.009113903858637  1331442241  |4 5 6 7 8  |1 2 4 5 8 
  -0.009113903700161  1221443341  |1 2 4 5 8  |4 5 6 7 8 
  -0.009107406058900  1412241433  |1 3 4 5 7  |1 5 7 8 9 
  -0.009107405087515  1413341422  |1 5 7 8 9  |1 3 4 5 7 
   0.009107362056659  3314122414  |3 5 6 7 9  |0 1 3 7 9 
   0.009107361689275  2214133414  |0 1 3 7 9  |3 5 6 7 9 
  -0.009098709951459  4123414213  |0 2 4 6 7  |0 3 4 6 9 
  -0.009098689604784  4132414312  |0 3 4 6 9  |0 2 4 6 7 
  -0.009098639301098  4231421341  |0 1 4 5 8  |0 2 4 7 8 
  -0.009098627464557  4321431241  |0 2 4 7 8  |0 1 4 5 8 
   0.009070539814457  2444321113  |0 1 2 3 5  |1 2 3 4 9 
   0.009070506165366  3444231112  |1 2 3 4 9  |0 1 2 3 5 
   0.009062692360801  4143412141  |0 2 4 6 8  |0 2 3 4 8 
  -0.009062687456906  4142413141  |0 2 3 4 8  |0 2 4 6 8 
  -0.009062683274519  4241414131  |0 1 2 4 6  |0 2 4 6 8 
   0.009062679290428  4341414121  |0 2 4 6 8  |0 1 2 4 6 
   0.009031681594786  4424111233  |0 1 2 3 7  |0 1 3 8 9 
  -0.009031676224387  1434422311  |1 3 4 5 6  |1 2 3 4 7 
  -0.009031666728977  1424433211  |1 2 3 4 7  |1 3 4 5 6 
   0.009031665636895  4434111322  |0 1 3 8 9  |0 1 2 3 7 
   0.008955935466349  4422311413  |0 1 2 3 7  |0 1 4 7 9 
   0.008955919757011  4433211412  |0 1 4 7 9  |0 1 2 3 7 
   0.008955882663523  2334421411  |0 3 4 5 7  |1 2 3 4 7 
   0.008955872701948  3224431411  |1 2 3 4 7  |0 3 4 5 7 
   0.008928224492528  4344212113  |0 2 3 4 6  |0 1 2 3 9 
   0.008928222284315  4244313112  |0 1 2 3 9  |0 2 3 4 6 
  -0.008928073515621  3442421131  |1 2 3 4 5  |0 1 2 4 8 
  -0.008928070145136  2443431121  |0 1 2 4 8  |1 2 3 4 5 
  -0.008898560881040  4143412231  |0 2 4 6 7  |0 2 3 4 8 
  -0.008898546064106  4142413321  |0 2 3 4 8  |0 2 4 6 7 
   0.008898534840610  4241412331  |0 1 2 4 6  |0 2 4 7 8 
   0.008898524963037  4341413221  |0 2 4 7 8  |0 1 2 4 6 
  -0.008889211595618  4244311213  |0 1 2 3 7  |0 2 3 4 9 
  -0.008889182626687  4344211312  |0 2 3 4 9  |0 1 2 3 7 
   0.008889040445064  2443421311  |0 1 2 4 5  |1 2 3 4 7 
   0.008889014891518  3442431211  |1 2 3 4 7  |0 1 2 4 5 
   0.008863548131395  4243411321  |0 1 2 4 8  |0 2 3 4 7 
   0.008863545022268  4342411231  |0 2 3 4 7  |0 1 2 4 8 
   0.008863508059823  4243413211  |0 1 2 4 7  |0 2 3 4 6 
   0.008863498003778  4342412311  |0 2 3 4 6  |0 1 2 4 7 
  -0.008820828551203  4343112124  |0 2 6 8 9  |0 1 2 3 9 
  -0.008820827855714  4242113134  |0 1 2 3 9  |0 2 6 8 9 
  -0.008820827049695  1242443131  |1 2 3 4 5  |2 4 5 6 8 
  -0.008820827028451  1343442121  |2 4 5 6 8  |1 2 3 4 5 
  -0.008820457316934  1434421411  |1 3 4 5 7  |1 2 3 4 7 
   0.008820454665647  1424431411  |1 2 3 4 7  |1 3 4 5 7 
  -0.008820443610964  4424111413  |0 1 2 3 7  |0 1 3 7 9 
   0.008820437227991  4434111412  |0 1 3 7 9  |0 1 2 3 7 
  -0.008781444637195  4244312131  |0 1 2 3 6  |0 2 3 4 8 
  -0.008781419067223  4344213121  |0 2 3 4 8  |0 1 2 3 6 
  -0.008781390797549  2443412131  |0 1 2 4 6  |1 2 3 4 8 
  -0.008781368384206  3442413121  |1 2 3 4 8  |0 1 2 4 6 
   0.008752449789082  1432141234  |1 3 5 7 9  |1 2 5 8 9 
   0.008752449771442  1423141324  |1 2 5 8 9  |1 3 5 7 9 
  -0.008752392897837  1324142314  |2 3 5 6 9  |1 3 5 7 9 
  -0.008752392679865  1234143214  |1 3 5 7 9  |2 3 5 6 9 
  -0.008731307538624  4414311223  |0 1 3 7 8  |0 1 3 4 9 
  -0.008731293504504  4414211332  |0 1 3 4 9  |0 1 3 7 8 
  -0.008731258794484  2414423311  |0 1 3 4 5  |1 3 4 6 7 
  -0.008731250650141  3414432211  |1 3 4 6 7  |0 1 3 4 5 
   0.008687525288261  4243414111  |0 1 2 4 6  |0 2 3 4 6 
   0.008687518467167  4243411141  |0 1 2 4 8  |0 2 3 4 8 
  -0.008687509932856  4342411141  |0 2 3 4 8  |0 1 2 4 8 
  -0.008687504561869  4342414111  |0 2 3 4 6  |0 1 2 4 6 
   0.008672800531442  1243442311  |1 2 4 5 6  |2 3 4 5 7 
   0.008672794046417  4243111234  |0 1 2 7 9  |0 2 3 8 9 
   0.008672781700160  1342443211  |2 3 4 5 7  |1 2 4 5 6 
   0.008672776230295  4342111324  |0 2 3 8 9  |0 1 2 7 9 
   0.008656896878712  1434241132  |1 3 4 5 9  |1 2 3 5 8 
  -0.008656829715764  2434123114  |0 1 3 5 9  |1 2 3 6 9 
  -0.008656815004450  3424132114  |1 2 3 6 9  |0 1 3 5 9 
  -0.008615929425342  4444111213  |0 1 2 3 7  |0 1 2 3 9 
   0.008615915402200  4444111312  |0 1 2 3 9  |0 1 2 3 7 
   0.008615876981717  1444421311  |1 2 3 4 5  |1 2 3 4 7 
  -0.008615861501516  1444431211  |1 2 3 4 7  |1 2 3 4 5 
   0.008555625074241  4243112314  |0 1 2 6 9  |0 2 3 7 9 
   0.008555619518533  1243441231  |1 2 4 5 7  |2 3 4 5 8 
   0.008555607076260  4342113214  |0 2 3 7 9  |0 1 2 6 9 
   0.008555601799482  1342441321  |2 3 4 5 8  |1 2 4 5 7 
  -0.008544966962816  3223432231  |1 2 4 6 7  |0 3 4 5 8 
  -0.008544920171678  4233212332  |0 1 4 6 9  |0 2 3 7 8 
  -0.008544918197023  4322313223  |0 2 3 7 8  |0 1 4 6 9 
  -0.008543042496527  4112214433  |0 3 4 6 7  |0 6 7 8 9 
  -0.008543041568046  4113314422  |0 6 7 8 9  |0 3 4 6 7 
   0.008542998992689  3311422441  |4 5 6 7 8  |0 1 4 7 8 
   0.008542998558979  2211433441  |0 1 4 7 8  |4 5 6 7 8 
  -0.008536289605888  1424241313  |1 2 3 4 5  |1 3 5 7 9 
  -0.008536288415253  1434341212  |1 3 5 7 9  |1 2 3 4 5 
  -0.008536140867723  3434121214  |1 3 5 7 9  |0 1 2 3 9 
  -0.008536139736506  2424131314  |0 1 2 3 9  |1 3 5 7 9 
   0.008532101705531  3232132324  |1 3 6 8 9  |0 2 5 7 9 
   0.008443618055334  4424311132  |0 1 2 3 9  |0 1 3 4 8 
   0.008443612561732  4434211123  |0 1 3 4 8  |0 1 2 3 9 
  -0.008443504296838  2434432111  |0 1 3 4 6  |1 2 3 4 5 
  -0.008443495914772  3424423111  |1 2 3 4 5  |0 1 3 4 6 
  -0.008441562340243  1342442131  |2 3 4 5 6  |1 2 4 5 8 
  -0.008441562245979  1243443121  |1 2 4 5 8  |2 3 4 5 6 
  -0.008441560532981  4342112134  |0 2 3 6 9  |0 1 2 8 9 
  -0.008441560435678  4243113124  |0 1 2 8 9  |0 2 3 6 9 
  -0.008373262484032  4142314213  |0 2 3 6 7  |0 2 4 6 9 
  -0.008373245633355  4143214312  |0 2 4 6 9  |0 2 3 6 7 
   0.008373165372754  3241431241  |1 2 4 7 8  |0 2 4 5 8 
   0.008277776801269  1434241321  |1 3 4 5 8  |1 2 3 5 7 
  -0.008277725434829  2434112314  |0 1 3 6 9  |1 2 3 7 9 
  -0.008277713975657  3424113214  |1 2 3 7 9  |0 1 3 6 9 
   0.008196480001959  1244342113  |1 2 3 5 6  |2 3 4 5 9 
   0.008196456161647  1344243112  |2 3 4 5 9  |1 2 3 5 6 
  -0.008196294862574  2443121134  |0 1 2 5 9  |1 2 3 8 9 
  -0.008196272726441  3442131124  |1 2 3 8 9  |0 1 2 5 9 
   0.008179851749645  1123444321  |2 4 5 6 8  |3 4 5 6 7 
   0.008179851737359  1132444231  |3 4 5 6 7  |2 4 5 6 8 
  -0.008179797134472  4321112344  |0 2 6 8 9  |0 1 7 8 9 
  -0.008179797008280  4231113244  |0 1 7 8 9  |0 2 6 8 9 
  -0.008166991108852  2324323213  |0 2 3 5 7  |1 3 4 6 9 
   0.008166893274840  3423231232  |1 2 4 7 9  |0 1 3 5 8 
  -0.008138092119625  1143244123  |2 4 5 6 8  |2 3 5 6 9 
  -0.008138091528459  1142344132  |2 3 5 6 9  |2 4 5 6 8 
   0.008138039123566  3241123144  |1 2 5 8 9  |0 2 6 8 9 
   0.008138038765040  2341132144  |0 2 6 8 9  |1 2 5 8 9 
   0.008124953315084  4424311321  |0 1 2 3 8  |0 1 3 4 7 
   0.008124947180787  4434211231  |0 1 3 4 7  |0 1 2 3 8 
  -0.008124825281686  2434413211  |0 1 3 4 7  |1 2 3 4 6 
  -0.008124822478203  3424412311  |1 2 3 4 6  |0 1 3 4 7 
   0.008123695487436  4123114324  |0 2 6 8 9  |0 3 6 7 9 
   0.008123695310621  4132114234  |0 3 6 7 9  |0 2 6 8 9 
  -0.008123644847252  1231443241  |1 4 5 7 8  |2 4 5 6 8 
  -0.008123644821194  1321442341  |2 4 5 6 8  |1 4 5 7 8 
  -0.008101032509873  1434241213  |1 3 4 5 7  |1 2 3 5 9 
  -0.008101031604592  1424341312  |1 2 3 5 9  |1 3 4 5 7 
  -0.008100873155111  3424121314  |1 2 3 5 9  |0 1 3 7 9 
  -0.008100872140575  2434131214  |0 1 3 7 9  |1 2 3 5 9 
  -0.008030561168824  1413241423  |1 4 5 7 8  |1 3 5 7 9 
  -0.008030560771794  1412341432  |1 3 5 7 9  |1 4 5 7 8 
   0.008030502930874  3214123414  |1 3 5 7 9  |0 3 6 7 9 
   0.008030502833684  2314132414  |0 3 6 7 9  |1 3 5 7 9 
   0.007962354817164  4424311411  |0 1 2 3 7  |0 1 3 4 7 
  -0.007962337663770  4434211411  |0 1 3 4 7  |0 1 2 3 7 
   0.007962273641028  2434411411  |0 1 3 4 7  |1 2 3 4 7 
  -0.007962270047017  3424411411  |1 2 3 4 7  |0 1 3 4 7 
   0.007914469398447  4124314123  |0 2 3 6 8  |0 3 4 6 9 
   0.007914452424959  4134214132  |0 3 4 6 9  |0 2 3 6 8 
  -0.007914383247367  2431423141  |0 1 4 5 8  |1 2 4 6 8 
   0.007896436975382  1123144234  |2 5 6 7 9  |3 5 6 8 9 
  -0.007896406648606  1321143244  |2 5 7 8 9  |1 5 6 8 9 
  -0.007887300778305  4124214313  |0 2 3 4 6  |0 3 6 7 9 
  -0.007887299390134  4134314212  |0 3 6 7 9  |0 2 3 4 6 
  -0.007887174477606  3431421241  |1 4 5 7 8  |0 1 2 4 8 
  -0.007887173274644  2421431341  |0 1 2 4 8  |1 4 5 7 8 
  -0.007827617723741  1342143124  |2 3 5 8 9  |1 2 5 6 9 
   0.007670403850574  4124314231  |0 2 3 6 7  |0 3 4 6 8 
   0.007670385946799  4134214321  |0 3 4 6 8  |0 2 3 6 7 
  -0.007670324522760  3421413241  |1 2 4 7 8  |0 1 4 6 8 
   0.007550554010573  4234212313  |0 1 3 4 6  |0 2 3 7 9 
  -0.007550499970441  4324313212  |0 2 3 7 9  |0 1 3 4 6 
  -0.007550392389162  3423421231  |1 2 4 5 7  |0 1 3 4 8 
   0.007550368925574  2432431321  |0 1 3 4 8  |1 2 4 5 7 
  -0.007527756476099  4113214423  |0 4 6 7 8  |0 3 6 7 9 
  -0.007527756088141  4112314432  |0 3 6 7 9  |0 4 6 7 8 
   0.007527701657668  3211423441  |1 4 5 7 8  |0 4 6 7 8 
   0.007527701414314  2311432441  |0 4 6 7 8  |1 4 5 7 8 
  -0.007495239053895  4134214213  |0 3 4 6 7  |0 2 3 6 9 
  -0.007495238412467  4124314312  |0 2 3 6 9  |0 3 4 6 7 
  -0.007495107040599  3421421341  |1 2 4 5 8  |0 1 4 7 8 
  -0.007495106439815  2431431241  |0 1 4 7 8  |1 2 4 5 8 
  -0.007358720300685  4234412113  |0 1 3 4 6  |0 2 3 4 9 
  -0.007358698141330  4324413112  |0 2 3 4 9  |0 1 3 4 6 
   0.007358676996466  4423421131  |0 1 2 4 5  |0 1 3 4 8 
   0.007358660507100  4432431121  |0 1 3 4 8  |0 1 2 4 5 
   0.007347509012460  2311123444  |0 5 7 8 9  |1 6 7 8 9 
   0.007347502355897  3211132444  |1 6 7 8 9  |0 5 7 8 9 
   0.007334304223944  3323422231  |2 4 5 6 7  |0 1 3 4 8 
   0.007334292178755  4232212333  |0 1 3 4 6  |0 2 7 8 9 
   0.007334290000452  2232433321  |0 1 3 4 8  |2 4 5 6 7 
   0.007334278214938  4323313222  |0 2 7 8 9  |0 1 3 4 6 
  -0.007259085295363  4313412421  |0 4 6 7 8  |0 1 3 4 7 
  -0.007259085139576  4212413431  |0 1 3 4 7  |0 4 6 7 8 
   0.007168712939749  2322423331  |0 2 3 4 5  |1 4 6 7 8 
   0.007168700002494  4332312223  |0 3 6 7 8  |0 1 2 4 9 
   0.007168699565891  3233432221  |1 4 6 7 8  |0 2 3 4 5 
   0.007168687836636  4223213332  |0 1 2 4 9  |0 3 6 7 8 
  -0.007162445798643  4312412431  |0 3 4 6 7  |0 1 4 7 8 
  -0.007162444418703  4213413421  |0 1 4 7 8  |0 3 4 6 7 
  -0.007138247013791  3342322123  |2 3 5 6 8  |0 1 2 4 9 
  -0.007138234878592  2243233132  |0 1 2 4 9  |2 3 5 6 8 
  -0.007138234036376  2342223133  |0 2 3 4 5  |1 2 6 8 9 
  -0.007138223174588  3243332122  |1 2 6 8 9  |0 2 3 4 5 
   0.007126577690134  3144142114  |2 3 5 6 9  |0 2 3 5 9 
  -0.007126577433579  2144143114  |0 2 3 5 9  |2 3 5 6 9 
   0.007126556962954  1441341124  |1 2 5 8 9  |1 2 4 5 9 
  -0.007126553243053  1441241134  |1 2 4 5 9  |1 2 5 8 9 
  -0.007117974685597  3243422131  |1 2 4 5 6  |0 2 3 4 8 
  -0.007117964632449  4243212133  |0 1 2 4 6  |0 2 3 8 9 
   0.007117956961303  2342433121  |0 2 3 4 8  |1 2 4 5 6 
   0.007117936870877  4342313122  |0 2 3 8 9  |0 1 2 4 6 
   0.007064126859998  2333423221  |0 4 5 7 8  |1 2 3 4 6 
   0.007064113902548  3222432331  |1 2 3 4 6  |0 4 5 7 8 
   0.007064105098747  4222313323  |0 1 2 3 8  |0 4 6 7 9 
   0.007064093100171  4333212232  |0 4 6 7 9  |0 1 2 3 8 
  -0.007021155568294  4442312113  |0 1 2 3 6  |0 1 2 4 9 
   0.007021105603364  2344421131  |0 2 3 4 5  |1 2 3 4 8 
   0.007021086331234  3244431121  |1 2 3 4 8  |0 2 3 4 5 
  -0.006994844988560  2343323122  |0 2 5 8 9  |1 2 3 4 6 
  -0.006994843432829  2242333123  |0 1 2 3 8  |2 4 5 6 9 
  -0.006994835288438  3242232133  |1 2 3 4 6  |0 2 5 8 9 
  -0.006994831982857  3343222132  |2 4 5 6 9  |0 1 2 3 8 
   0.006982332092737  2223433231  |0 1 2 4 7  |3 4 5 6 8 
   0.006982318919183  3332422321  |3 4 5 6 8  |0 1 2 4 7 
   0.006982318504201  4233312322  |0 1 6 8 9  |0 2 3 4 7 
   0.006982306056896  4322213233  |0 2 3 4 7  |0 1 6 8 9 
  -0.006922108226630  4342312123  |0 2 3 6 8  |0 1 2 4 9 
  -0.006922073765746  2342423131  |0 2 3 4 5  |1 2 4 6 8 
   0.006922072845037  4243213132  |0 1 2 4 9  |0 2 3 6 8 
   0.006922024080662  3243432121  |1 2 4 6 8  |0 2 3 4 5 
   0.006828850758690  3141442141  |2 4 5 6 8  |0 2 4 5 8 
  -0.006828850556096  2141443141  |0 2 4 5 8  |2 4 5 6 8 
   0.006828821142873  4141314124  |0 2 6 8 9  |0 2 4 6 9 
  -0.006828817591629  4141214134  |0 2 4 6 9  |0 2 6 8 9 
   0.006772306220025  4241312143  |0 1 2 6 8  |0 2 4 8 9 
   0.006772286860689  4341213142  |0 2 4 8 9  |0 1 2 6 8 
  -0.006772115815414  2143424131  |0 2 4 5 6  |2 3 4 6 8 
  -0.006772096566316  3142434121  |2 3 4 6 8  |0 2 4 5 6 
   0.006765668543472  4214312413  |0 1 3 6 7  |0 3 4 7 9 
   0.006765649207692  4314213412  |0 3 4 7 9  |0 1 3 6 7 
  -0.006765488292570  2413421431  |0 1 4 5 7  |1 3 4 7 8 
  -0.006765468985991  3412431421  |1 3 4 7 8  |0 1 4 5 7 
  -0.006728509713983  4421211343  |0 1 2 4 8  |0 1 7 8 9 
  -0.006728508883884  4431311242  |0 1 7 8 9  |0 1 2 4 8 
  -0.006728378588106  3134424211  |3 4 5 6 7  |0 2 3 4 6 
  -0.006728377534004  2124434311  |0 2 3 4 6  |3 4 5 6 7 
   0.006703436670475  2343422131  |0 2 4 5 6  |1 2 3 4 8 
   0.006703434825502  4242312133  |0 1 2 3 6  |0 2 4 8 9 
  -0.006703416989358  3242433121  |1 2 3 4 8  |0 2 4 5 6 
  -0.006703414827747  4343213122  |0 2 4 8 9  |0 1 2 3 6 
   0.006671545327887  4324312213  |0 2 3 6 7  |0 1 3 4 9 
  -0.006671519953320  4234213312  |0 1 3 4 9  |0 2 3 6 7 
  -0.006671435321355  2432421331  |0 1 3 4 5  |1 2 4 7 8 
   0.006671410916015  3423431221  |1 2 4 7 8  |0 1 3 4 5 
   0.006654639739795  1423241233  |1 2 4 5 7  |1 3 5 8 9 
  -0.006654613252548  1432341322  |1 3 5 8 9  |1 2 4 5 7 
  -0.006654569356253  3234122314  |1 3 5 6 9  |0 2 3 7 9 
   0.006654558517320  2324133214  |0 2 3 7 9  |1 3 5 6 9 
  -0.006636115550343  4431211243  |0 1 4 7 8  |0 1 2 8 9 
  -0.006636113671990  4421311342  |0 1 2 8 9  |0 1 4 7 8 
  -0.006635988395646  3124424311  |2 3 4 5 6  |0 3 4 6 7 
  -0.006635986843550  2134434211  |0 3 4 6 7  |2 3 4 5 6 
  -0.006618175284634  2423423131  |0 1 2 4 5  |1 3 4 6 8 
   0.006618161057820  4324213132  |0 2 3 4 9  |0 1 3 6 8 
   0.006618159709527  3432432121  |1 3 4 6 8  |0 1 2 4 5 
  -0.006592411437472  4234312213  |0 1 3 6 7  |0 2 3 4 9 
   0.006592384545578  4324213312  |0 2 3 4 9  |0 1 3 6 7 
   0.006592256935403  2423421331  |0 1 2 4 5  |1 3 4 7 8 
  -0.006592234501978  3432431221  |1 3 4 7 8  |0 1 2 4 5 
   0.006575592994008  2243423131  |0 1 2 4 5  |2 3 4 6 8 
  -0.006575573777812  4342213132  |0 2 3 4 9  |0 1 2 6 8 
  -0.006575573553882  3342432121  |2 3 4 6 8  |0 1 2 4 5 
  -0.006570008807137  2114443411  |0 3 4 5 7  |3 4 5 6 7 
   0.006570008718909  3114442411  |3 4 5 6 7  |0 3 4 5 7 
   0.006569981454973  4411311424  |0 1 7 8 9  |0 1 4 7 9 
  -0.006569977787615  4411211434  |0 1 4 7 9  |0 1 7 8 9 
  -0.006537822181750  1213442431  |1 4 5 6 7  |3 4 5 7 8 
   0.006532247358675  4242312313  |0 1 2 3 6  |0 2 4 7 9 
   0.006532238164956  2343421231  |0 2 4 5 7  |1 2 3 4 8 
  -0.006532227907618  4343213212  |0 2 4 7 9  |0 1 2 3 6 
  -0.006532222976970  3242431321  |1 2 3 4 8  |0 2 4 5 7 
   0.006517675718616  3223423231  |1 2 4 5 7  |0 3 4 6 8 
   0.006517662939474  2332432321  |0 3 4 6 8  |1 2 4 5 7 
   0.006517661865807  4233212323  |0 1 4 6 8  |0 2 3 7 9 
   0.006517648187966  4322313232  |0 2 3 7 9  |0 1 4 6 8 
   0.006513411719810  1141444123  |2 4 5 6 8  |2 4 5 6 9 
  -0.006513407508888  1141444132  |2 4 5 6 9  |2 4 5 6 8 
  -0.006513400849468  4141123144  |0 2 5 8 9  |0 2 6 8 9 
   0.006513400340349  4141132144  |0 2 6 8 9  |0 2 5 8 9 
   0.006509908320323  4244311123  |0 1 2 3 8  |0 2 3 4 9 
   0.006509889109171  4344211132  |0 2 3 4 9  |0 1 2 3 8 
  -0.006509859394373  2443423111  |0 1 2 4 5  |1 2 3 4 6 
  -0.006509840334801  3442432111  |1 2 3 4 6  |0 1 2 4 5 
   0.006501879438684  1411441423  |1 4 5 7 8  |1 4 5 7 9 
  -0.006501874923471  1411441432  |1 4 5 7 9  |1 4 5 7 8 
  -0.006501857196274  4114123414  |0 3 5 7 9  |0 3 6 7 9 
   0.006501856507285  4114132414  |0 3 6 7 9  |0 3 5 7 9 
   0.006462094513197  1244134114  |1 2 3 6 9  |2 3 5 6 9 
  -0.006462094101558  1344124114  |2 3 5 6 9  |1 2 3 6 9 
  -0.006462074512073  1442141143  |1 2 3 5 8  |1 2 5 8 9 
   0.006462071923860  1443141142  |1 2 5 8 9  |1 2 3 5 8 
   0.006453029199320  2332423231  |0 3 4 5 7  |1 2 4 6 8 
   0.006453015413025  3223432321  |1 2 4 6 8  |0 3 4 5 7 
   0.006453003630127  4322312323  |0 2 3 6 8  |0 1 4 7 9 
   0.006452991781431  4233213232  |0 1 4 7 9  |0 2 3 6 8 
  -0.006444177446609  1232442331  |1 3 4 5 6  |2 4 5 7 8 
  -0.006444154212307  4323112234  |0 2 6 7 9  |0 1 3 8 9 
   0.006444153905257  1323443221  |2 4 5 7 8  |1 3 4 5 6 
   0.006444135752364  4232113324  |0 1 3 8 9  |0 2 6 7 9 
  -0.006428036607745  4224312313  |0 1 2 3 6  |0 3 4 7 9 
   0.006428010450983  4334213212  |0 3 4 7 9  |0 1 2 3 6 
   0.006427873809500  2433421231  |0 1 4 5 7  |1 2 3 4 8 
  -0.006427851689895  3422431321  |1 2 3 4 8  |0 1 4 5 7 
  -0.006403602464540  4214114314  |0 1 3 6 9  |0 3 6 7 9 
   0.006403602233802  4314114214  |0 3 6 7 9  |0 1 3 6 9 
   0.006403587409059  1413441241  |1 4 5 7 8  |1 3 4 5 8 
  -0.006403586981835  1412441341  |1 3 4 5 8  |1 4 5 7 8 
  -0.006357002343595  4242313123  |0 1 2 3 8  |0 2 4 6 9 
  -0.006356987165413  2343423121  |0 2 4 5 8  |1 2 3 4 6 
   0.006356967896560  4343212132  |0 2 4 6 9  |0 1 2 3 8 
   0.006356937296724  3242432131  |1 2 3 4 6  |0 2 4 5 8 
  -0.006355843917947  4232112334  |0 1 3 6 9  |0 2 7 8 9 
  -0.006355821176838  1323442231  |2 4 5 6 7  |1 3 4 5 8 
   0.006355820866586  4323113224  |0 2 7 8 9  |0 1 3 6 9 
   0.006355802866835  1232443321  |1 3 4 5 8  |2 4 5 6 7 
   0.006348776133451  4224313213  |0 1 2 3 7  |0 3 4 6 9 
  -0.006348751140174  4334212312  |0 3 4 6 9  |0 1 2 3 7 
  -0.006348658467126  2433421321  |0 1 4 5 8  |1 2 3 4 7 
   0.006348634546282  3422431231  |1 2 3 4 7  |0 1 4 5 8 
  -0.006337633748132  2343223123  |0 2 4 5 8  |1 2 3 6 9 
  -0.006337623472988  3242332132  |1 2 3 6 9  |0 2 4 5 8 
  -0.006337615869892  3242323123  |1 2 3 5 8  |0 2 4 6 9 
  -0.006337604341360  2343232132  |0 2 4 6 9  |1 2 3 5 8 
   0.006319283361012  2323423321  |0 2 4 5 8  |1 3 4 6 7 
   0.006319269881178  3232432231  |1 3 4 6 7  |0 2 4 5 8 
   0.006319251138572  4232313223  |0 1 3 7 8  |0 2 4 6 9 
   0.006319239592230  4323212332  |0 2 4 6 9  |0 1 3 7 8 
  -0.006307464148959  4444211113  |0 1 2 3 4  |0 1 2 3 9 
  -0.006307379771389  3444421111  |1 2 3 4 5  |0 1 2 3 4 
   0.006307293758295  2444431111  |0 1 2 3 4  |1 2 3 4 5 
   0.006307181108809  4444311112  |0 1 2 3 9  |0 1 2 3 4 
  -0.006295591988846  1421341243  |1 2 5 7 8  |1 4 5 8 9 
  -0.006295577440938  1431241342  |1 4 5 8 9  |1 2 5 7 8 
  -0.006295501193868  3124134214  |2 3 6 7 9  |0 3 5 6 9 
   0.006262634596338  4233112234  |0 1 6 7 9  |0 2 3 8 9 
   0.006262630817542  1223442331  |1 2 4 5 6  |3 4 5 7 8 
  -0.006262619985219  4322113324  |0 2 3 8 9  |0 1 6 7 9 
  -0.006262615672993  1332443221  |3 4 5 7 8  |1 2 4 5 6 
   0.006253143199812  4134112414  |0 3 6 7 9  |0 2 3 7 9 
  -0.006253142755064  4124113414  |0 2 3 7 9  |0 3 6 7 9 
   0.006253118908714  1431441421  |1 4 5 7 8  |1 2 4 5 7 
  -0.006253118476184  1421441431  |1 2 4 5 7  |1 4 5 7 8 
   0.006248556094516  1233442231  |1 4 5 6 7  |2 3 4 5 8 
  -0.006248541040131  1322443321  |2 3 4 5 8  |1 4 5 6 7 
  -0.006248535748659  4332113224  |0 3 7 8 9  |0 1 2 6 9 
   0.006230126322176  1441141234  |1 2 5 7 9  |1 2 5 8 9 
  -0.006230123575120  1441141324  |1 2 5 8 9  |1 2 5 7 9 
   0.006230114591678  1144142314  |2 3 5 6 9  |2 3 5 7 9 
  -0.006230110123354  1144143214  |2 3 5 7 9  |2 3 5 6 9 
  -0.006200671052561  1214444311  |1 3 4 5 6  |3 4 5 6 7 
   0.006200671001926  1314444211  |3 4 5 6 7  |1 3 4 5 6 
   0.006200653528142  4413111244  |0 1 7 8 9  |0 1 3 8 9 
  -0.006200652925707  4412111344  |0 1 3 8 9  |0 1 7 8 9 
   0.006197446213431  1432341223  |1 3 5 7 8  |1 2 4 5 9 
  -0.006197426518524  1423241332  |1 2 4 5 9  |1 3 5 7 8 
  -0.006197363614464  2324123314  |0 2 3 5 9  |1 3 6 7 9 
   0.006197343897848  3234132214  |1 3 6 7 9  |0 2 3 5 9 
   0.006196590042704  1241434141  |1 2 4 6 8  |2 4 5 6 8 
  -0.006196589856214  1341424141  |2 4 5 6 8  |1 2 4 6 8 
  -0.006196569336221  4142114143  |0 2 3 6 8  |0 2 6 8 9 
   0.006196566855695  4143114142  |0 2 6 8 9  |0 2 3 6 8 
   0.006193523970642  4244312311  |0 1 2 3 6  |0 2 3 4 7 
   0.006193503584786  4344213211  |0 2 3 4 7  |0 1 2 3 6 
   0.006193473899894  2443411231  |0 1 2 4 7  |1 2 3 4 8 
   0.006193459856011  3442411321  |1 2 3 4 8  |0 1 2 4 7 
   0.006170784799042  2323432231  |0 2 4 6 7  |1 3 4 5 8 
   0.006170780398436  4232312332  |0 1 3 6 9  |0 2 4 7 8 
   0.006170772778815  3232423321  |1 3 4 5 8  |0 2 4 6 7 
   0.006170767312822  4323213223  |0 2 4 7 8  |0 1 3 6 9 
   0.006164931128981  4123214233  |0 2 4 6 7  |0 3 6 8 9 
  -0.006164906835973  4132314322  |0 3 6 8 9  |0 2 4 6 7 
  -0.006164862683371  3231422341  |1 4 5 6 8  |0 2 4 7 8 
   0.006164852349095  2321433241  |0 2 4 7 8  |1 4 5 6 8 
  -0.006161056434526  2243432131  |0 1 2 4 6  |2 3 4 5 8 
  -0.006161055289980  4243312132  |0 1 2 6 9  |0 2 3 4 8 
   0.006161040797350  3342423121  |2 3 4 5 8  |0 1 2 4 6 
   0.006161029440701  4342213123  |0 2 3 4 8  |0 1 2 6 9 
  -0.006155370309501  4233112324  |0 1 6 8 9  |0 2 3 7 9 
   0.006155347128257  4322113234  |0 2 3 7 9  |0 1 6 8 9 
  -0.006155345720203  1223443231  |1 2 4 5 7  |3 4 5 6 8 
   0.006155327703689  1332442321  |3 4 5 6 8  |1 2 4 5 7 
  -0.006149821729567  2342332123  |0 2 3 6 8  |1 2 4 5 9 
  -0.006149816581269  2342323132  |0 2 3 5 9  |1 2 4 6 8 
  -0.006149811401121  3243223132  |1 2 4 5 9  |0 2 3 6 8 
  -0.006149807415763  3243232123  |1 2 4 6 8  |0 2 3 5 9 
  -0.006134396168389  1423341223  |1 2 5 7 8  |1 3 4 5 9 
   0.006134380138121  1432241332  |1 3 4 5 9  |1 2 5 7 8 
  -0.006134331533340  3324132214  |2 3 6 7 9  |0 1 3 5 9 
  -0.006129170579020  1414141324  |1 3 5 8 9  |1 3 5 7 9 
   0.006129161304659  1414142314  |1 3 5 6 9  |1 3 5 7 9 
  -0.006129160278866  1414143214  |1 3 5 7 9  |1 3 5 6 9 
  -0.006121098041121  3224133214  |1 2 3 7 9  |0 3 5 6 9 
   0.006078070263209  4111414423  |0 4 6 7 8  |0 4 6 7 9 
  -0.006078066173446  4111414432  |0 4 6 7 9  |0 4 6 7 8 
  -0.006078060679041  4111423441  |0 4 5 7 8  |0 4 6 7 8 
   0.006078059998115  4111432441  |0 4 6 7 8  |0 4 5 7 8 
  -0.006067039285919  1233442321  |1 4 5 6 8  |2 3 4 5 7 
   0.006067016056427  1322443231  |2 3 4 5 7  |1 4 5 6 8 
  -0.006067008413974  4223113234  |0 1 2 7 9  |0 3 6 8 9 
   0.006066990555644  4332112324  |0 3 6 8 9  |0 1 2 7 9 
   0.006058178942334  1422341323  |1 2 3 5 8  |1 4 5 7 9 
  -0.006058159138697  1433241232  |1 4 5 7 9  |1 2 3 5 8 
  -0.006058081316219  2334123214  |0 3 5 7 9  |1 2 3 6 9 
   0.006058061821785  3224132314  |1 2 3 6 9  |0 3 5 7 9 
   0.006033930611374  1134442411  |3 4 5 6 7  |2 3 4 5 7 
  -0.006033930119354  1124443411  |2 3 4 5 7  |3 4 5 6 7 
  -0.006033910221382  4421111434  |0 1 2 7 9  |0 1 7 8 9 
   0.006033910081638  4431111424  |0 1 7 8 9  |0 1 2 7 9 
   0.006024263082080  4411112344  |0 1 6 8 9  |0 1 7 8 9 
  -0.006024261430212  4411113244  |0 1 7 8 9  |0 1 6 8 9 
   0.005965950139102  1144144123  |2 3 5 6 8  |2 3 5 6 9 
  -0.005965946479308  1144144132  |2 3 5 6 9  |2 3 5 6 8 
  -0.005965940106932  1441123144  |1 2 5 8 9  |1 2 6 8 9 
   0.005965936689454  1441132144  |1 2 6 8 9  |1 2 5 8 9 
   0.005963053220584  1214434411  |1 3 4 6 7  |3 4 5 6 7 
  -0.005963053152534  1314424411  |3 4 5 6 7  |1 3 4 6 7 
  -0.005963025489673  4412111443  |0 1 3 7 8  |0 1 7 8 9 
   0.005963023458352  4413111442  |0 1 7 8 9  |0 1 3 7 8 
  -0.005954007776414  4211414341  |0 1 4 6 8  |0 4 6 7 8 
   0.005954007146003  4311414241  |0 4 6 7 8  |0 1 4 6 8 
   0.005953992210165  4113414241  |0 4 6 7 8  |0 3 4 6 8 
  -0.005953991474285  4112414341  |0 3 4 6 8  |0 4 6 7 8 
   0.005856033708329  4232312314  |0 1 3 6 9  |0 2 4 7 9 
   0.005856026484776  3232441321  |1 3 4 5 8  |0 2 4 5 7 
  -0.005856023206306  4323213214  |0 2 4 7 9  |0 1 3 6 9 
  -0.005821737469480  1423423231  |1 2 4 5 7  |1 3 4 6 8 
   0.005821725659304  1432432321  |1 3 4 6 8  |1 2 4 5 7 
  -0.005821719714556  4234112323  |0 1 3 6 8  |0 2 3 7 9 
  -0.005818630816654  4121314243  |0 2 6 7 8  |0 4 6 8 9 
  -0.005818617617976  4131214342  |0 4 6 8 9  |0 2 6 7 8 
  -0.005818558863742  2131424341  |0 4 5 6 8  |2 4 6 7 8 
   0.005817893128917  4131412441  |0 4 6 7 8  |0 2 4 7 8 
  -0.005817892490721  4121413441  |0 2 4 7 8  |0 4 6 7 8 
   0.005817872619634  4131414421  |0 4 6 7 8  |0 2 4 6 7 
  -0.005817872333191  4121414431  |0 2 4 6 7  |0 4 6 7 8 
   0.005762712211354  4114114234  |0 3 6 7 9  |0 3 6 8 9 
  -0.005762707145249  4114114324  |0 3 6 8 9  |0 3 6 7 9 
   0.005762702605220  1411442341  |1 4 5 6 8  |1 4 5 7 8 
  -0.005762701300066  1411443241  |1 4 5 7 8  |1 4 5 6 8 
   0.005692082769564  1414141423  |1 3 5 7 8  |1 3 5 7 9 
  -0.005692079556994  1414141432  |1 3 5 7 9  |1 3 5 7 8 
  -0.005692074121947  1414123414  |1 3 5 7 9  |1 3 6 7 9 
   0.005692071131350  1414132414  |1 3 6 7 9  |1 3 5 7 9 
   0.005691264027958  4122314323  |0 2 3 6 8  |0 4 6 7 9 
  -0.005691245871574  4133214232  |0 4 6 7 9  |0 2 3 6 8 
  -0.005691168980422  2331423241  |0 4 5 7 8  |1 2 4 6 8 
   0.005691150635453  3221432341  |1 2 4 6 8  |0 4 5 7 8 
  -0.005676450429494  4122314233  |0 2 3 6 7  |0 4 6 8 9 
   0.005676435780928  4133214322  |0 4 6 8 9  |0 2 3 6 7 
  -0.005675345211522  4123314223  |0 2 6 7 8  |0 3 4 6 9 
   0.005675330450160  4132214332  |0 3 4 6 9  |0 2 6 7 8 
  -0.005675268861086  3321432241  |2 4 6 7 8  |0 1 4 5 8 
   0.005660577463823  4132314223  |0 3 6 7 8  |0 2 4 6 9 
  -0.005660559460624  4123214332  |0 2 4 6 9  |0 3 6 7 8 
  -0.005660491475436  2321423341  |0 2 4 5 8  |1 4 6 7 8 
   0.005660473452502  3231432241  |1 4 6 7 8  |0 2 4 5 8 
  -0.005628985063746  1142344114  |2 3 5 6 9  |2 4 5 6 9 
   0.005628979719154  1143244114  |2 4 5 6 9  |2 3 5 6 9 
  -0.005628973682434  2341141144  |0 2 5 8 9  |1 2 5 8 9 
   0.005628969506367  3241141144  |1 2 5 8 9  |0 2 5 8 9 
   0.005600937662359  1423341232  |1 2 5 7 9  |1 3 4 5 8 
  -0.005600912808623  1432241323  |1 3 4 5 8  |1 2 5 7 9 
  -0.005600878518366  2234132314  |0 1 3 6 9  |2 3 5 7 9 
   0.005600868854379  3324123214  |2 3 5 7 9  |0 1 3 6 9 
  -0.005586113634921  4142312323  |0 2 3 6 8  |0 2 4 7 9 
   0.005586103831767  4143213232  |0 2 4 7 9  |0 2 3 6 8 
   0.005586067235853  2341423231  |0 2 4 5 7  |1 2 4 6 8 
  -0.005586060427862  3241432321  |1 2 4 6 8  |0 2 4 5 7 
   0.005575705489228  4141112344  |0 2 6 8 9  |0 2 7 8 9 
  -0.005575702111634  4141113244  |0 2 7 8 9  |0 2 6 8 9 
   0.005572015714659  4141114234  |0 2 6 7 9  |0 2 6 8 9 
  -0.005572013636766  4141114324  |0 2 6 8 9  |0 2 6 7 9 
   0.005572013300064  1141442341  |2 4 5 6 8  |2 4 5 7 8 
  -0.005572009837958  1141443241  |2 4 5 7 8  |2 4 5 6 8 
  -0.005495627430774  1412341414  |1 3 5 7 9  |1 4 5 7 9 
  -0.005495618978043  2314141414  |0 3 5 7 9  |1 3 5 7 9 
   0.005495615032605  3214141414  |1 3 5 7 9  |0 3 5 7 9 
   0.005469827907196  4234312312  |0 1 3 6 9  |0 2 3 4 7 
  -0.005469775473856  4324213213  |0 2 3 4 7  |0 1 3 6 9 
  -0.005469648490055  2423431231  |0 1 2 4 7  |1 3 4 5 8 
   0.005469628640150  3432421321  |1 3 4 5 8  |0 1 2 4 7 
   0.005440929843617  4422311314  |0 1 2 3 9  |0 1 4 7 9 
   0.005440917012035  4433211214  |0 1 4 7 9  |0 1 2 3 9 
   0.005440896914268  2334441211  |0 3 4 5 7  |1 2 3 4 5 
   0.005440884797473  3224441311  |1 2 3 4 5  |0 3 4 5 7 
   0.005314868530537  4114114423  |0 3 6 7 8  |0 3 6 7 9 
  -0.005314865500943  4114114432  |0 3 6 7 9  |0 3 6 7 8 
  -0.005314858030597  1411423441  |1 4 5 7 8  |1 4 6 7 8 
   0.005314855152439  1411432441  |1 4 6 7 8  |1 4 5 7 8 
  -0.005314236942619  2423441131  |0 1 2 4 5  |1 3 4 5 8 
  -0.005314226669527  3432441121  |1 3 4 5 8  |0 1 2 4 5 
  -0.005289266299940  1443232132  |1 2 4 6 9  |1 2 3 5 8 
   0.005289243681837  2344123123  |0 2 3 5 8  |1 2 3 6 9 
  -0.005284728575185  1423141144  |1 2 5 8 9  |1 3 5 8 9 
   0.005284724703602  1432141144  |1 3 5 8 9  |1 2 5 8 9 
  -0.005284715998560  1234144114  |1 3 5 6 9  |2 3 5 6 9 
   0.005284710844020  1324144114  |2 3 5 6 9  |1 3 5 6 9 
  -0.005239523044643  4242413113  |0 1 2 3 4  |0 2 4 6 9 
  -0.005239515675198  4343412112  |0 2 4 6 9  |0 1 2 3 4 
   0.005239501486971  4343421121  |0 2 4 5 8  |0 1 2 3 4 
   0.005239497366881  4242431131  |0 1 2 3 4  |0 2 4 5 8 
   0.005213915829980  4232314123  |0 1 3 6 8  |0 2 4 6 9 
  -0.005213905329800  4323214132  |0 2 4 6 9  |0 1 3 6 8 
  -0.005213892146203  2323423141  |0 2 4 5 8  |1 3 4 6 8 
   0.005213884470517  3232432141  |1 3 4 6 8  |0 2 4 5 8 
   0.005186873867266  4123314232  |0 2 6 7 9  |0 3 4 6 8 
  -0.005186851161676  4132214323  |0 3 4 6 8  |0 2 6 7 9 
  -0.005186801942695  2231432341  |0 1 4 6 8  |2 4 5 7 8 
   0.005186792628369  3321423241  |2 4 5 7 8  |0 1 4 6 8 
   0.005161076926903  4414211233  |0 1 3 4 7  |0 1 3 8 9 
   0.005161059479597  4414311322  |0 1 3 8 9  |0 1 3 4 7 
   0.005161049129235  3414422311  |1 3 4 5 6  |0 1 3 4 7 
   0.005161043233214  2414433211  |0 1 3 4 7  |1 3 4 5 6 
  -0.005150332368178  4233414121  |0 1 4 6 8  |0 2 3 4 6 
  -0.005150318651673  4322414131  |0 2 3 4 6  |0 1 4 6 8 
   0.005150292485946  4223413141  |0 1 2 4 8  |0 3 4 6 8 
   0.005150282892012  4332412141  |0 3 4 6 8  |0 1 2 4 8 
  -0.005143177242806  1423141414  |1 2 5 7 9  |1 3 5 7 9 
   0.005143170774433  1432141414  |1 3 5 7 9  |1 2 5 7 9 
  -0.005143169226021  1234141414  |1 3 5 7 9  |2 3 5 7 9 
   0.005143167436293  1324141414  |2 3 5 7 9  |1 3 5 7 9 
  -0.005141869867098  4423411123  |0 1 2 4 8  |0 1 3 4 9 
  -0.005141867057824  4432411132  |0 1 3 4 9  |0 1 2 4 8 
   0.005141843352155  4234423111  |0 1 3 4 5  |0 2 3 4 6 
   0.005141839850534  4324432111  |0 2 3 4 6  |0 1 3 4 5 
  -0.005139762944873  4112314414  |0 3 6 7 9  |0 4 6 7 9 
   0.005139758351770  4113214414  |0 4 6 7 9  |0 3 6 7 9 
  -0.005139749683778  2311441441  |0 4 5 7 8  |1 4 5 7 8 
   0.005139745956874  3211441441  |1 4 5 7 8  |0 4 5 7 8 
   0.005134028656592  1422441313  |1 2 3 4 5  |1 4 5 7 9 
   0.005134023904974  1433441212  |1 4 5 7 9  |1 2 3 4 5 
   0.005133977663114  4334121214  |0 3 5 7 9  |0 1 2 3 9 
   0.005133974843987  4224131314  |0 1 2 3 9  |0 3 5 7 9 
  -0.005123263704445  3243241132  |1 2 4 5 9  |0 2 3 5 8 
   0.005123241483049  3243232114  |1 2 4 6 9  |0 2 3 5 9 
   0.005087243043536  4433112124  |0 1 6 8 9  |0 1 2 3 9 
   0.005087240285727  4422113134  |0 1 2 3 9  |0 1 6 8 9 
   0.005087224146493  1224443131  |1 2 3 4 5  |3 4 5 6 8 
   0.005087218532959  1334442121  |3 4 5 6 8  |1 2 3 4 5 
  -0.005042956797383  4423412113  |0 1 2 4 6  |0 1 3 4 9 
  -0.005042942921838  4432413112  |0 1 3 4 9  |0 1 2 4 6 
   0.005042929520325  4234421131  |0 1 3 4 5  |0 2 3 4 8 
   0.005042919421395  4324431121  |0 2 3 4 8  |0 1 3 4 5 
  -0.005020010728297  4231412323  |0 1 4 6 8  |0 2 4 7 9 
  -0.005020007762464  4123423231  |0 2 4 5 7  |0 3 4 6 8 
   0.005020000233440  4321413232  |0 2 4 7 9  |0 1 4 6 8 
   0.005019998509261  4132432321  |0 3 4 6 8  |0 2 4 5 7 
  -0.005005099222280  4434312112  |0 1 3 6 9  |0 1 2 3 4 
  -0.005005093594372  4424213113  |0 1 2 3 4  |0 1 3 6 9 
   0.005004994772542  2424431131  |0 1 2 3 4  |1 3 4 5 8 
   0.005004990611761  3434421121  |1 3 4 5 8  |0 1 2 3 4 
   0.004985470225474  4142412331  |0 2 3 4 6  |0 2 4 7 8 
   0.004985455130880  4143413221  |0 2 4 7 8  |0 2 3 4 6 
  -0.004985435519044  4341412231  |0 2 4 6 7  |0 1 2 4 8 
  -0.004985425672756  4241413321  |0 1 2 4 8  |0 2 4 6 7 
   0.004984374519851  4142323123  |0 2 3 5 8  |0 2 4 6 9 
  -0.004984367009832  4143232132  |0 2 4 6 9  |0 2 3 5 8 
  -0.004984338763521  3241432132  |1 2 4 6 9  |0 2 4 5 8 
  -0.004981169447278  1443421231  |1 2 4 5 7  |1 2 3 4 8 
  -0.004981160188695  1442431321  |1 2 3 4 8  |1 2 4 5 7 
  -0.004981155179976  4244112313  |0 1 2 3 6  |0 2 3 7 9 
  -0.004981146147525  4344113212  |0 2 3 7 9  |0 1 2 3 6 
  -0.004969974170150  1123444141  |2 4 5 6 8  |3 4 5 6 8 
  -0.004969959745352  4231114144  |0 1 6 8 9  |0 2 6 8 9 
   0.004969955481227  4321114144  |0 2 6 8 9  |0 1 6 8 9 
  -0.004961735039931  4244321113  |0 1 2 3 5  |0 2 3 4 9 
  -0.004961721404387  4344231112  |0 2 3 4 9  |0 1 2 3 5 
  -0.004961666115768  2443421113  |0 1 2 4 5  |1 2 3 4 9 
  -0.004961646291377  3442431112  |1 2 3 4 9  |0 1 2 4 5 
   0.004960979429657  1443341212  |1 2 5 7 9  |1 2 3 4 5 
   0.004960975985313  1442241313  |1 2 3 4 5  |1 2 5 7 9 
  -0.004960942623246  2244131314  |0 1 2 3 9  |2 3 5 7 9 
  -0.004960938381647  3344121214  |2 3 5 7 9  |0 1 2 3 9 
  -0.004954091924923  2341423132  |0 2 4 5 9  |1 2 4 6 8 
   0.004954090914627  3241432123  |1 2 4 6 8  |0 2 4 5 9 
  -0.004954090804775  4142332123  |0 2 3 6 8  |0 2 4 5 9 
   0.004954083468852  4143223132  |0 2 4 5 9  |0 2 3 6 8 
  -0.004948628726312  4242314113  |0 1 2 3 6  |0 2 4 6 9 
  -0.004948606562803  2343421141  |0 2 4 5 8  |1 2 3 4 8 
  -0.004948599124105  3242431141  |1 2 3 4 8  |0 2 4 5 8 
  -0.004934752549426  4434111223  |0 1 3 7 8  |0 1 2 3 9 
   0.004934743782677  1424423311  |1 2 3 4 5  |1 3 4 6 7 
  -0.004934739714943  4424111332  |0 1 2 3 9  |0 1 3 7 8 
   0.004934731631662  1434432211  |1 3 4 6 7  |1 2 3 4 5 
   0.004932081509888  1433442121  |1 4 5 6 8  |1 2 3 4 5 
   0.004932079253809  1422443131  |1 2 3 4 5  |1 4 5 6 8 
   0.004932058283955  4224113134  |0 1 2 3 9  |0 3 6 8 9 
   0.004932053306245  4334112124  |0 3 6 8 9  |0 1 2 3 9 
   0.004903841734434  4123432231  |0 2 4 6 7  |0 3 4 5 8 
  -0.004903834062598  4132423321  |0 3 4 5 8  |0 2 4 6 7 
   0.004903808944717  4231412332  |0 1 4 6 9  |0 2 4 7 8 
  -0.004903806248632  4321413223  |0 2 4 7 8  |0 1 4 6 9 
  -0.004898029643245  1142344141  |2 3 5 6 8  |2 4 5 6 8 
   0.004898025177134  1143244141  |2 4 5 6 8  |2 3 5 6 8 
  -0.004898005255990  2341114144  |0 2 6 8 9  |1 2 6 8 9 
   0.004898004410459  3241114144  |1 2 6 8 9  |0 2 6 8 9 
   0.004888980166752  4243411213  |0 1 2 4 7  |0 2 3 4 9 
  -0.004888956976588  4243421311  |0 1 2 4 5  |0 2 3 4 7 
  -0.004888946308931  4342431211  |0 2 3 4 7  |0 1 2 4 5 
  -0.004879554938233  4342412113  |0 2 3 4 6  |0 1 2 4 9 
  -0.004879547571074  4243413112  |0 1 2 4 9  |0 2 3 4 6 
   0.004879529471545  4342421131  |0 2 3 4 5  |0 1 2 4 8 
   0.004879525573332  4243431121  |0 1 2 4 8  |0 2 3 4 5 
   0.004878060354231  4144213132  |0 2 3 4 9  |0 2 3 6 8 
   0.004878034287265  2441423131  |0 1 2 4 5  |1 2 4 6 8 
   0.004878027728043  3441432121  |1 2 4 6 8  |0 1 2 4 5 
  -0.004839934128786  4123114144  |0 2 6 8 9  |0 3 6 8 9 
   0.004839930920651  4132114144  |0 3 6 8 9  |0 2 6 8 9 
  -0.004839921588947  1231444141  |1 4 5 6 8  |2 4 5 6 8 
   0.004821077223470  4414411141  |0 1 3 4 8  |0 1 3 4 8 
   0.004821028564407  4414414111  |0 1 3 4 6  |0 1 3 4 6 
  -0.004810457414026  4423412311  |0 1 2 4 6  |0 1 3 4 7 
  -0.004810453307327  4432413211  |0 1 3 4 7  |0 1 2 4 6 
   0.004810451800559  4234411231  |0 1 3 4 7  |0 2 3 4 8 
   0.004810449250133  4324411321  |0 2 3 4 8  |0 1 3 4 7 
  -0.004810372878322  1123444411  |2 4 5 6 7  |3 4 5 6 7 
  -0.004810368014986  4231111444  |0 1 7 8 9  |0 2 7 8 9 
   0.004810365877365  4321111444  |0 2 7 8 9  |0 1 7 8 9 
   0.004790788240920  2243441131  |0 1 2 4 5  |2 3 4 5 8 
   0.004790777363970  3342441121  |2 3 4 5 8  |0 1 2 4 5 
  -0.004790758812894  4243312114  |0 1 2 6 9  |0 2 3 4 9 
  -0.004790747033004  4342213114  |0 2 3 4 9  |0 1 2 6 9 
  -0.004772418002728  1412341441  |1 3 5 7 8  |1 4 5 7 8 
   0.004772413618224  1413241441  |1 4 5 7 8  |1 3 5 7 8 
  -0.004772399306120  2314114414  |0 3 6 7 9  |1 3 6 7 9 
   0.004772398215734  3214114414  |1 3 6 7 9  |0 3 6 7 9 
   0.004769255832917  4122414313  |0 2 3 4 6  |0 4 6 7 9 
   0.004769251476201  4133414212  |0 4 6 7 9  |0 2 3 4 6 
   0.004769202247491  4331421241  |0 4 5 7 8  |0 1 2 4 8 
   0.004769199419528  4221431341  |0 1 2 4 8  |0 4 5 7 8 
  -0.004728015129490  4423311412  |0 1 2 7 9  |0 1 3 4 7 
  -0.004728000534314  4432211413  |0 1 3 4 7  |0 1 2 7 9 
  -0.004727994793522  2234431411  |0 1 3 4 7  |2 3 4 5 7 
  -0.004727988874838  3324421411  |2 3 4 5 7  |0 1 3 4 7 
  -0.004717014264183  4123114414  |0 2 6 7 9  |0 3 6 7 9 
  -0.004717008370923  1231441441  |1 4 5 7 8  |2 4 5 7 8 
   0.004717008186460  4132114414  |0 3 6 7 9  |0 2 6 7 9 
   0.004717006476772  1321441441  |2 4 5 7 8  |1 4 5 7 8 
   0.004700548736729  4441411411  |0 1 2 4 7  |0 1 2 4 7 
   0.004700509685599  4144411411  |0 2 3 4 7  |0 2 3 4 7 
  -0.004688900462856  1424241133  |1 2 3 4 5  |1 3 5 8 9 
  -0.004688895908141  1434341122  |1 3 5 8 9  |1 2 3 4 5 
   0.004688850468080  3434122114  |1 3 5 6 9  |0 1 2 3 9 
   0.004688845454298  2424133114  |0 1 2 3 9  |1 3 5 6 9 
   0.004656418875878  1432441213  |1 3 4 5 7  |1 2 4 5 9 
   0.004656415274772  1423441312  |1 2 4 5 9  |1 3 4 5 7 
   0.004656372804211  4324121314  |0 2 3 5 9  |0 1 3 7 9 
   0.004656370405663  4234131214  |0 1 3 7 9  |0 2 3 5 9 
   0.004648265601391  4244211313  |0 1 2 3 4  |0 2 3 7 9 
   0.004648259543207  4344311212  |0 2 3 7 9  |0 1 2 3 4 
  -0.004648176086703  3443421211  |1 2 4 5 7  |0 1 2 3 4 
  -0.004648169721400  2442431311  |0 1 2 3 4  |1 2 4 5 7 
  -0.004647007069775  4242111334  |0 1 2 3 9  |0 2 7 8 9 
  -0.004647004774757  4343111224  |0 2 7 8 9  |0 1 2 3 9 
  -0.004646995759006  1343442211  |2 4 5 6 7  |1 2 3 4 5 
  -0.004646990153735  1242443311  |1 2 3 4 5  |2 4 5 6 7 
  -0.004638158262561  4434212113  |0 1 3 4 6  |0 1 2 3 9 
  -0.004638151864337  4424313112  |0 1 2 3 9  |0 1 3 4 6 
   0.004638069217057  3424421131  |1 2 3 4 5  |0 1 3 4 8 
   0.004638063525329  2434431121  |0 1 3 4 8  |1 2 3 4 5 
   0.004627875782504  3232432312  |1 3 4 6 9  |0 2 4 5 7 
   0.004621798011580  2314423231  |0 3 4 5 7  |1 3 4 6 8 
  -0.004621788742919  3214432321  |1 3 4 6 8  |0 3 4 5 7 
  -0.004620272064669  4144312114  |0 2 3 6 9  |0 2 3 4 9 
   0.004620267433648  4144213114  |0 2 3 4 9  |0 2 3 6 9 
  -0.004620265399264  3441441121  |1 2 4 5 8  |0 1 2 4 5 
   0.004616418669641  4441411114  |0 1 2 4 9  |0 1 2 4 9 
   0.004616379712326  4144441111  |0 2 3 4 5  |0 2 3 4 5 
  -0.004603250305942  1242441331  |1 2 3 4 5  |2 4 5 7 8 
  -0.004603247969212  1343441221  |2 4 5 7 8  |1 2 3 4 5 
  -0.004603240129914  4343112214  |0 2 6 7 9  |0 1 2 3 9 
  -0.004603234613533  4242113314  |0 1 2 3 9  |0 2 6 7 9 
   0.004601516242220  4424312131  |0 1 2 3 6  |0 1 3 4 8 
   0.004601502863499  4434213121  |0 1 3 4 8  |0 1 2 3 6 
   0.004601481178237  2434412131  |0 1 3 4 6  |1 2 3 4 8 
   0.004601471679966  3424413121  |1 2 3 4 8  |0 1 3 4 6 
   0.004596953625171  4432112134  |0 1 3 6 9  |0 1 2 8 9 
   0.004596951843920  4423113124  |0 1 2 8 9  |0 1 3 6 9 
   0.004596927236540  1324442131  |2 3 4 5 6  |1 3 4 5 8 
   0.004596922530250  1234443121  |1 3 4 5 8  |2 3 4 5 6 
  -0.004588366589545  1342443112  |2 3 4 5 9  |1 2 4 5 6 
   0.004588349936625  4342131124  |0 2 3 8 9  |0 1 2 5 9 
   0.004570126598962  1414441213  |1 3 4 5 7  |1 3 4 5 9 
  -0.004570118045972  1414441312  |1 3 4 5 9  |1 3 4 5 7 
   0.004570102489908  4414131214  |0 1 3 7 9  |0 1 3 5 9 
   0.004564010827675  4344312121  |0 2 3 6 8  |0 1 2 3 4 
   0.004564004121857  4244213131  |0 1 2 3 4  |0 2 3 6 8 
   0.004563977383859  2442413131  |0 1 2 3 4  |1 2 4 6 8 
   0.004563975760422  3443412121  |1 2 4 6 8  |0 1 2 3 4 
  -0.004551090156125  3444221113  |1 2 3 4 5  |0 1 2 3 9 
  -0.004551085944055  2444331112  |0 1 2 3 9  |1 2 3 4 5 
   0.004535802547597  4432311214  |0 1 3 7 9  |0 1 2 4 9 
   0.004535790708673  4423211314  |0 1 2 4 9  |0 1 3 7 9 
   0.004535781627405  2324441311  |0 2 3 4 5  |1 3 4 5 7 
   0.004535769474087  3234441211  |1 3 4 5 7  |0 2 3 4 5 
  -0.004519333543300  3444321112  |1 2 3 5 9  |0 1 2 3 4 
  -0.004519331174375  2444231113  |0 1 2 3 4  |1 2 3 5 9 
   0.004491241571438  4442311231  |0 1 2 3 7  |0 1 2 4 8 
   0.004491240334839  4443211321  |0 1 2 4 8  |0 1 2 3 7 
   0.004491198731783  2344412311  |0 2 3 4 6  |1 2 3 4 7 
   0.004491196555660  3244413211  |1 2 3 4 7  |0 2 3 4 6 
   0.004487951343960  4412313223  |0 1 3 7 8  |0 1 4 6 9 
  -0.004487946440095  4413212332  |0 1 4 6 9  |0 1 3 7 8 
   0.004487924013164  3214432231  |1 3 4 6 7  |0 3 4 5 8 
   0.004471358603015  4143314212  |0 2 6 7 9  |0 2 3 4 6 
   0.004471355979124  4142214313  |0 2 3 4 6  |0 2 6 7 9 
  -0.004471316414411  2241431341  |0 1 2 4 8  |2 4 5 7 8 
  -0.004471312776618  3341421241  |2 4 5 7 8  |0 1 2 4 8 
  -0.004456351114928  1434341221  |1 3 5 7 8  |1 2 3 4 5 
  -0.004456346966166  1424241331  |1 2 3 4 5  |1 3 5 7 8 
   0.004456305394202  2424113314  |0 1 2 3 9  |1 3 6 7 9 
   0.004456303427149  3434112214  |1 3 6 7 9  |0 1 2 3 9 
  -0.004449282134940  4112314441  |0 3 6 7 8  |0 4 6 7 8 
   0.004449278062852  4113214441  |0 4 6 7 8  |0 3 6 7 8 
   0.004449257684461  3211414441  |1 4 6 7 8  |0 4 6 7 8 
   0.004437957311177  1443421141  |1 2 4 5 8  |1 2 3 4 8 
  -0.004437954180701  1442431141  |1 2 3 4 8  |1 2 4 5 8 
   0.004437947786771  4244114113  |0 1 2 3 6  |0 2 3 6 9 
  -0.004437943650916  4344114112  |0 2 3 6 9  |0 1 2 3 6 
   0.004424080192836  1432442131  |1 3 4 5 6  |1 2 4 5 8 
   0.004424078758776  1423443121  |1 2 4 5 8  |1 3 4 5 6 
   0.004424055714731  4324112134  |0 2 3 6 9  |0 1 3 8 9 
   0.004424051511859  4234113124  |0 1 3 8 9  |0 2 3 6 9 
   0.004390223751323  2414141314  |0 1 3 5 9  |1 3 5 7 9 
  -0.004390222345308  3414141214  |1 3 5 7 9  |0 1 3 5 9 
  -0.004390216772247  1414341214  |1 3 5 7 9  |1 3 4 5 9 
   0.004390213445201  1414241314  |1 3 4 5 9  |1 3 5 7 9 
   0.004369858354805  1443241213  |1 2 4 5 7  |1 2 3 5 9 
   0.004369855469647  1442341312  |1 2 3 5 9  |1 2 4 5 7 
  -0.004369799814250  3244121314  |1 2 3 5 9  |0 2 3 7 9 
  -0.004369795648074  2344131214  |0 2 3 7 9  |1 2 3 5 9 
   0.004352674479107  4123314214  |0 2 6 7 9  |0 3 4 6 9 
   0.004352665529595  4132214314  |0 3 4 6 9  |0 2 6 7 9 
   0.004352656281342  2231441341  |0 1 4 5 8  |2 4 5 7 8 
   0.004352651373527  3321441241  |2 4 5 7 8  |0 1 4 5 8 
  -0.004332504505036  1332444121  |3 4 5 6 8  |1 2 4 5 6 
   0.004332488248404  4322113144  |0 2 3 8 9  |0 1 6 8 9 
  -0.004331829416953  2444312113  |0 1 2 3 6  |1 2 3 4 9 
  -0.004331817134685  3444213112  |1 2 3 4 9  |0 1 2 3 6 
   0.004331772652711  2444321131  |0 1 2 3 5  |1 2 3 4 8 
   0.004331754443819  3444231121  |1 2 3 4 8  |0 1 2 3 5 
   0.004329478033285  4132414213  |0 3 4 6 7  |0 2 4 6 9 
   0.004329474798642  4123414312  |0 2 4 6 9  |0 3 4 6 7 
   0.004329421370903  4321421341  |0 2 4 5 8  |0 1 4 7 8 
   0.004329419136092  4231431241  |0 1 4 7 8  |0 2 4 5 8 
   0.004321605042477  3442321123  |1 2 3 5 8  |0 1 2 4 9 
  -0.004321594751200  2344223113  |0 2 3 4 5  |1 2 3 6 9 
  -0.004321584239661  2443231132  |0 1 2 4 9  |1 2 3 5 8 
   0.004321544420524  3244332112  |1 2 3 6 9  |0 2 3 4 5 
  -0.004305938048098  1424341114  |1 2 3 5 9  |1 3 4 5 9 
   0.004305930920956  1434241114  |1 3 4 5 9  |1 2 3 5 9 
  -0.004305922717133  2434141114  |0 1 3 5 9  |1 2 3 5 9 
   0.004305915021832  3424141114  |1 2 3 5 9  |0 1 3 5 9 
  -0.004304159834923  4232414131  |0 1 3 4 6  |0 2 4 6 8 
  -0.004304146457327  4323414121  |0 2 4 6 8  |0 1 3 4 6 
   0.004304112462092  4323412141  |0 2 4 6 8  |0 1 3 4 8 
   0.004304104449433  4232413141  |0 1 3 4 8  |0 2 4 6 8 
  -0.004295438863844  4124214133  |0 2 3 4 6  |0 3 6 8 9 
  -0.004295434914855  4134314122  |0 3 6 8 9  |0 2 3 4 6 
   0.004295405118682  3431422141  |1 4 5 6 8  |0 1 2 4 8 
   0.004295400620339  2421433141  |0 1 2 4 8  |1 4 5 6 8 
   0.004294622484076  2342323213  |0 2 3 5 7  |1 2 4 6 9 
  -0.004290053466246  4223114134  |0 1 2 6 9  |0 3 6 8 9 
  -0.004290045761744  4332114124  |0 3 6 8 9  |0 1 2 6 9 
   0.004290037347113  1233442141  |1 4 5 6 8  |2 3 4 5 8 
   0.004290031649940  1322443141  |2 3 4 5 8  |1 4 5 6 8 
   0.004259014802053  1434122314  |1 3 5 6 9  |1 2 3 7 9 
   0.004259010482332  1424133214  |1 2 3 7 9  |1 3 5 6 9 
   0.004257240697269  1443422131  |1 2 4 5 6  |1 2 3 4 8 
   0.004257231432110  1442433121  |1 2 3 4 8  |1 2 4 5 6 
   0.004257207211949  4244112133  |0 1 2 3 6  |0 2 3 8 9 
   0.004257197821228  4344113122  |0 2 3 8 9  |0 1 2 3 6 
   0.004241078539940  4114414213  |0 3 4 6 7  |0 3 4 6 9 
  -0.004241070421921  4114414312  |0 3 4 6 9  |0 3 4 6 7 
  -0.004241052097975  4411421341  |0 1 4 5 8  |0 1 4 7 8 
   0.004241050104489  4411431241  |0 1 4 7 8  |0 1 4 5 8 
   0.004240926667695  4244311312  |0 1 2 3 9  |0 2 3 4 7 
   0.004240922100687  4344211213  |0 2 3 4 7  |0 1 2 3 9 
  -0.004240830799062  2443431211  |0 1 2 4 7  |1 2 3 4 5 
  -0.004240827282917  3442421311  |1 2 3 4 5  |0 1 2 4 7 
  -0.004233949594076  1433241412  |1 4 5 7 9  |1 2 3 5 7 
  -0.004233922292391  2334121414  |0 3 5 7 9  |1 2 3 7 9 
  -0.004233917605899  3224131414  |1 2 3 7 9  |0 3 5 7 9 
  -0.004230589371817  1424342113  |1 2 3 5 6  |1 3 4 5 9 
   0.004230497533254  3424131124  |1 2 3 8 9  |0 1 3 5 9 
  -0.004227918580098  4423211413  |0 1 2 4 7  |0 1 3 7 9 
  -0.004227904540557  4432311412  |0 1 3 7 9  |0 1 2 4 7 
  -0.004227896011215  3234421411  |1 3 4 5 7  |0 2 3 4 7 
  -0.004227890961978  2324431411  |0 2 3 4 7  |1 3 4 5 7 
   0.004217443530826  4244313121  |0 1 2 3 8  |0 2 3 4 6 
   0.004217437915239  4344212131  |0 2 3 4 6  |0 1 2 3 8 
   0.004217410420544  2443413121  |0 1 2 4 8  |1 2 3 4 6 
   0.004217409099018  3442412131  |1 2 3 4 6  |0 1 2 4 8 
   0.004204634683546  4334214112  |0 3 4 6 9  |0 1 2 3 6 
   0.004204592842530  2433421141  |0 1 4 5 8  |1 2 3 4 8 
   0.004204584545167  3422431141  |1 2 3 4 8  |0 1 4 5 8 
  -0.004195902598185  2432433121  |0 1 3 4 8  |1 2 4 5 6 
  -0.004195900657571  4324313122  |0 2 3 8 9  |0 1 3 4 6 
   0.004177421856082  4444111141  |0 1 2 3 8  |0 1 2 3 8 
   0.004177378583896  1444414111  |1 2 3 4 6  |1 2 3 4 6 
  -0.004176755920602  1122144334  |2 3 5 6 9  |5 6 7 8 9 
  -0.004176755851726  1133144224  |5 6 7 8 9  |2 3 5 6 9 
   0.004176738588541  1331142244  |5 6 7 8 9  |1 2 5 8 9 
   0.004176738521252  1221143344  |1 2 5 8 9  |5 6 7 8 9 
   0.004171850192044  1144442131  |2 3 4 5 6  |2 3 4 5 8 
  -0.004171840914307  1144443121  |2 3 4 5 8  |2 3 4 5 6 
   0.004171837483122  4441112134  |0 1 2 6 9  |0 1 2 8 9 
  -0.004171833753840  4441113124  |0 1 2 8 9  |0 1 2 6 9 
   0.004168532308481  4321131244  |0 2 7 8 9  |0 1 5 8 9 
   0.004161410130143  1434121414  |1 3 5 7 9  |1 2 3 7 9 
  -0.004161408852289  1424131414  |1 2 3 7 9  |1 3 5 7 9 
  -0.004161406135976  1434141412  |1 3 5 7 9  |1 2 3 5 7 
  -0.004153595530249  1244243113  |1 2 3 4 5  |2 3 5 6 9 
  -0.004153594923990  1344342112  |2 3 5 6 9  |1 2 3 4 5 
   0.004153525450061  3443121124  |1 2 5 8 9  |0 1 2 3 9 
   0.004153523884568  2442131134  |0 1 2 3 9  |1 2 5 8 9 
   0.004127191291233  1414341223  |1 3 5 7 8  |1 3 4 5 9 
   0.004127184727756  1414241332  |1 3 4 5 9  |1 3 5 7 8 
  -0.004122708064640  4134314221  |0 3 6 7 8  |0 2 3 4 6 
  -0.004122704311085  4124214331  |0 2 3 4 6  |0 3 6 7 8 
   0.004122661421927  2421413341  |0 1 2 4 8  |1 4 6 7 8 
   0.004122659681174  3431412241  |1 4 6 7 8  |0 1 2 4 8 
  -0.004112051880864  4143112144  |0 2 6 8 9  |0 2 3 8 9 
  -0.004112043722463  1341444121  |2 4 5 6 8  |1 2 4 5 6 
  -0.004106568287158  1143442141  |2 4 5 6 8  |2 3 4 5 8 
   0.004106561673453  4241114134  |0 1 2 6 9  |0 2 6 8 9 
  -0.004106559605987  4341114124  |0 2 6 8 9  |0 1 2 6 9 
  -0.004096947028134  4424111323  |0 1 2 3 8  |0 1 3 7 9 
  -0.004096935735117  4434111232  |0 1 3 7 9  |0 1 2 3 8 
   0.004096934927405  1434423211  |1 3 4 5 7  |1 2 3 4 6 
   0.004096923228547  1424432311  |1 2 3 4 6  |1 3 4 5 7 
   0.004090470729674  1142443321  |2 3 4 5 8  |2 4 5 6 7 
  -0.004090469209356  4241112334  |0 1 2 6 9  |0 2 7 8 9 
  -0.004090464525959  4341113224  |0 2 7 8 9  |0 1 2 6 9 
  -0.004071178910868  3411441241  |1 4 5 7 8  |0 1 4 5 8 
  -0.004049180420772  4232412313  |0 1 3 4 6  |0 2 4 7 9 
   0.004049158082165  4323413212  |0 2 4 7 9  |0 1 3 4 6 
   0.004049129764810  4323421231  |0 2 4 5 7  |0 1 3 4 8 
  -0.004049116200224  4232431321  |0 1 3 4 8  |0 2 4 5 7 
   0.004046251795332  4143112234  |0 2 6 7 9  |0 2 3 8 9 
  -0.004046244639814  1241442331  |1 2 4 5 6  |2 4 5 7 8 
  -0.004042842624709  1344242113  |2 3 4 5 6  |1 2 3 5 9 
  -0.004042841963357  1244343112  |1 2 3 5 9  |2 3 4 5 6 
   0.004042770083305  3442121134  |1 2 3 5 9  |0 1 2 8 9 
   0.004042768748904  2443131124  |0 1 2 8 9  |1 2 3 5 9 
   0.004026721920889  1444141213  |1 2 3 5 7  |1 2 3 5 9 
  -0.004026715462776  1444141312  |1 2 3 5 9  |1 2 3 5 7 
  -0.004026703685679  1444121314  |1 2 3 5 9  |1 2 3 7 9 
   0.004026696659184  1444131214  |1 2 3 7 9  |1 2 3 5 9 
  -0.004025802967781  4243111324  |0 1 2 8 9  |0 2 3 7 9 
  -0.004025801468424  4342111234  |0 2 3 7 9  |0 1 2 8 9 
  -0.004025788178635  1243443211  |1 2 4 5 7  |2 3 4 5 6 
  -0.004025783528868  1342442311  |2 3 4 5 6  |1 2 4 5 7 
   0.003996166301935  1343142124  |2 5 6 8 9  |1 2 3 5 9 
   0.003996166156804  1242143134  |1 2 3 5 9  |2 5 6 8 9 
   0.003986870658199  4144112134  |0 2 3 6 9  |0 2 3 8 9 
  -0.003986862284849  4144113124  |0 2 3 8 9  |0 2 3 6 9 
   0.003986853386642  1441442131  |1 2 4 5 6  |1 2 4 5 8 
  -0.003986850466988  1441443121  |1 2 4 5 8  |1 2 4 5 6 
  -0.003979722967929  2323423411  |0 2 4 5 7  |1 3 4 6 7 
   0.003979713072048  3232432411  |1 3 4 6 7  |0 2 4 5 7 
  -0.003979711312814  4323211432  |0 2 4 7 9  |0 1 3 7 8 
   0.003979256545648  1244342131  |1 2 3 5 6  |2 3 4 5 8 
   0.003979221677505  3442113124  |1 2 3 8 9  |0 1 2 6 9 
  -0.003970695853269  4332212233  |0 3 4 6 7  |0 1 2 8 9 
  -0.003970695668906  3322422331  |2 3 4 5 6  |0 1 4 7 8 
  -0.003970695236739  4223313322  |0 1 2 8 9  |0 3 4 6 7 
  -0.003970695206720  2233433221  |0 1 4 7 8  |2 3 4 5 6 
   0.003969427064905  1244341213  |1 2 3 5 7  |2 3 4 5 9 
   0.003969414113040  1344241312  |2 3 4 5 9  |1 2 3 5 7 
  -0.003969342938655  2443121314  |0 1 2 5 9  |1 2 3 7 9 
  -0.003969331769814  3442131214  |1 2 3 7 9  |0 1 2 5 9 
  -0.003968008644461  1424341132  |1 2 3 5 9  |1 3 4 5 8 
  -0.003968006190198  1434241123  |1 3 4 5 8  |1 2 3 5 9 
   0.003967974447056  2434132114  |0 1 3 6 9  |1 2 3 5 9 
   0.003967970672450  3424123114  |1 2 3 5 9  |0 1 3 6 9 
  -0.003962591962176  4122314413  |0 2 3 6 7  |0 4 6 7 9 
  -0.003962564798760  3221431441  |1 2 4 7 8  |0 4 5 7 8 
  -0.003952384114226  1243441321  |1 2 4 5 8  |2 3 4 5 7 
  -0.003952382919052  1342441231  |2 3 4 5 7  |1 2 4 5 8 
  -0.003952367027448  4243113214  |0 1 2 7 9  |0 2 3 6 9 
  -0.003952362779023  4342112314  |0 2 3 6 9  |0 1 2 7 9 
  -0.003950362485060  4342312213  |0 2 3 6 7  |0 1 2 4 9 
   0.003950350336228  4243213312  |0 1 2 4 9  |0 2 3 6 7 
   0.003950343284365  3243431221  |1 2 4 7 8  |0 2 3 4 5 
  -0.003948854012403  4124114233  |0 2 3 6 7  |0 3 6 8 9 
   0.003948851750426  1431422341  |1 4 5 6 8  |1 2 4 7 8 
  -0.003948847124298  4134114322  |0 3 6 8 9  |0 2 3 6 7 
  -0.003918800654509  4124314114  |0 2 3 6 9  |0 3 4 6 9 
   0.003918794518768  4134214114  |0 3 4 6 9  |0 2 3 6 9 
  -0.003918783517106  2431441141  |0 1 4 5 8  |1 2 4 5 8 
   0.003918776898626  3421441141  |1 2 4 5 8  |0 1 4 5 8 
  -0.003917673713542  4244311231  |0 1 2 3 7  |0 2 3 4 8 
  -0.003917661829153  4344211321  |0 2 3 4 8  |0 1 2 3 7 
  -0.003917649958296  2443412311  |0 1 2 4 6  |1 2 3 4 7 
  -0.003917641236627  3442413211  |1 2 3 4 7  |0 1 2 4 6 
   0.003913128280483  4143412321  |0 2 4 6 8  |0 2 3 4 7 
   0.003913113614412  4142413231  |0 2 3 4 7  |0 2 4 6 8 
  -0.003913090895260  4241413231  |0 1 2 4 7  |0 2 4 6 8 
  -0.003913082675895  4341412321  |0 2 4 6 8  |0 1 2 4 7 
   0.003906074810455  1112244433  |3 4 5 6 7  |5 6 7 8 9 
   0.003906074389066  1113344422  |5 6 7 8 9  |3 4 5 6 7 
  -0.003906057551312  3311122444  |5 6 7 8 9  |0 1 7 8 9 
  -0.003906057370083  2211133444  |0 1 7 8 9  |5 6 7 8 9 
   0.003901896544906  4143214213  |0 2 4 6 7  |0 2 3 6 9 
   0.003901894465750  4142314312  |0 2 3 6 9  |0 2 4 6 7 
  -0.003901860146304  3241421341  |1 2 4 5 8  |0 2 4 7 8 
  -0.003901856573736  2341431241  |0 2 4 7 8  |1 2 4 5 8 
  -0.003897698202816  4144312213  |0 2 3 6 7  |0 2 3 4 9 
  -0.003897688154168  4144213312  |0 2 3 4 9  |0 2 3 6 7 
  -0.003897662962596  2441421331  |0 1 2 4 5  |1 2 4 7 8 
  -0.003897656228962  3441431221  |1 2 4 7 8  |0 1 2 4 5 
   0.003888175134029  4232312341  |0 1 3 6 8  |0 2 4 7 8 
  -0.003888171028855  2323414231  |0 2 4 6 7  |1 3 4 6 8 
  -0.003888164849433  4323213241  |0 2 4 7 8  |0 1 3 6 8 
   0.003888163272175  3232414321  |1 3 4 6 8  |0 2 4 6 7 
  -0.003884168069285  1243142314  |1 2 5 6 9  |2 3 5 7 9 
  -0.003884165354214  1342141324  |2 3 5 8 9  |1 2 5 7 9 
   0.003883651170074  4224313123  |0 1 2 3 8  |0 3 4 6 9 
  -0.003883639469110  4334212132  |0 3 4 6 9  |0 1 2 3 8 
   0.003883638575366  2433423121  |0 1 4 5 8  |1 2 3 4 6 
  -0.003883625819948  3422432131  |1 2 3 4 6  |0 1 4 5 8 
   0.003874397783520  4114314223  |0 3 6 7 8  |0 3 4 6 9 
   0.003874391419126  4114214332  |0 3 4 6 9  |0 3 6 7 8 
   0.003874366971526  3411432241  |1 4 6 7 8  |0 1 4 5 8 
   0.003870802593350  4144412113  |0 2 3 4 6  |0 2 3 4 9 
  -0.003870791312057  4144413112  |0 2 3 4 9  |0 2 3 4 6 
  -0.003870769373520  4441421131  |0 1 2 4 5  |0 1 2 4 8 
   0.003870766181990  4441431121  |0 1 2 4 8  |0 1 2 4 5 
   0.003858817542538  4224413113  |0 1 2 3 4  |0 3 4 6 9 
   0.003858809047244  4334412112  |0 3 4 6 9  |0 1 2 3 4 
  -0.003858798266907  4433421121  |0 1 4 5 8  |0 1 2 3 4 
  -0.003858795577918  4422431131  |0 1 2 3 4  |0 1 4 5 8 
  -0.003852519815488  4243114114  |0 1 2 6 9  |0 2 3 6 9 
  -0.003852517958285  1243441141  |1 2 4 5 8  |2 3 4 5 8 
   0.003852514381582  1342441141  |2 3 4 5 8  |1 2 4 5 8 
   0.003852510938551  4342114114  |0 2 3 6 9  |0 1 2 6 9 
   0.003852246537666  1431421441  |1 4 5 7 8  |1 2 4 7 8 
  -0.003831662517960  2344123132  |0 2 3 5 9  |1 2 3 6 8 
  -0.003831654861239  1442332123  |1 2 3 6 8  |1 2 4 5 9 
   0.003831651588509  1443223132  |1 2 4 5 9  |1 2 3 6 8 
   0.003831471118550  1243143124  |1 2 5 8 9  |2 3 5 6 9 
   0.003831471006673  1342142134  |2 3 5 6 9  |1 2 5 8 9 
   0.003827577766876  1143244312  |2 4 5 6 9  |2 3 5 6 7 
  -0.003821471894830  1424341321  |1 2 3 5 8  |1 3 4 5 7 
  -0.003821469022414  1434241231  |1 3 4 5 7  |1 2 3 5 8 
   0.003821408748278  2434113214  |0 1 3 7 9  |1 2 3 6 9 
   0.003821407427731  3424112314  |1 2 3 6 9  |0 1 3 7 9 
  -0.003820846996421  1243444111  |1 2 4 5 6  |2 3 4 5 6 
   0.003820838721771  4342111144  |0 2 3 8 9  |0 1 2 8 9 
   0.003820837492959  1342444111  |2 3 4 5 6  |1 2 4 5 6 
  -0.003813909388197  4213412413  |0 1 4 6 7  |0 3 4 7 9 
   0.003813899075579  4213421431  |0 1 4 5 7  |0 3 4 7 8 
  -0.003813899067700  4312413412  |0 3 4 7 9  |0 1 4 6 7 
   0.003813889431989  4312431421  |0 3 4 7 8  |0 1 4 5 7 
   0.003809838946621  2342314123  |0 2 3 6 8  |1 2 4 6 9 
  -0.003809832793612  3243214132  |1 2 4 6 9  |0 2 3 6 8 
  -0.003809798899463  2342323141  |0 2 3 5 8  |1 2 4 6 8 
   0.003809791473604  3243232141  |1 2 4 6 8  |0 2 3 5 8 
   0.003808062386500  4432312123  |0 1 3 6 8  |0 1 2 4 9 
   0.003808060878041  2324423131  |0 2 3 4 5  |1 3 4 6 8 
  -0.003808044359104  4423213132  |0 1 2 4 9  |0 1 3 6 8 
  -0.003808040257927  3234432121  |1 3 4 6 8  |0 2 3 4 5 
   0.003787496783452  4423411132  |0 1 2 4 9  |0 1 3 4 8 
   0.003787496608619  4432411123  |0 1 3 4 8  |0 1 2 4 9 
  -0.003787490964959  4234432111  |0 1 3 4 6  |0 2 3 4 5 
  -0.003787486101357  4324423111  |0 2 3 4 5  |0 1 3 4 6 
   0.003779297382517  3342222133  |2 3 4 5 6  |0 1 2 8 9 
   0.003779296817631  2243333122  |0 1 2 8 9  |2 3 4 5 6 
   0.003742098926011  4443312112  |0 1 2 6 9  |0 1 2 3 4 
   0.003742093834332  4442213113  |0 1 2 3 4  |0 1 2 6 9 
  -0.003742083747956  2244431131  |0 1 2 3 4  |2 3 4 5 8 
  -0.003742076612745  3344421121  |2 3 4 5 8  |0 1 2 3 4 
  -0.003736448582303  4222213333  |0 1 2 3 4  |0 6 7 8 9 
  -0.003736448252797  4333312222  |0 6 7 8 9  |0 1 2 3 4 
  -0.003736442762806  3333422221  |4 5 6 7 8  |0 1 2 3 4 
  -0.003736442539507  2222433331  |0 1 2 3 4  |4 5 6 7 8 
   0.003733597949588  2242233133  |0 1 2 3 4  |2 5 6 8 9 
   0.003733597873941  3343322122  |2 5 6 8 9  |0 1 2 3 4 
  -0.003721268553150  4244311114  |0 1 2 3 9  |0 2 3 4 9 
   0.003721261166847  4344211114  |0 2 3 4 9  |0 1 2 3 9 
  -0.003721258217417  2443441111  |0 1 2 4 5  |1 2 3 4 5 
   0.003721246005316  3442441111  |1 2 3 4 5  |0 1 2 4 5 
  -0.003719693542115  1123144324  |2 5 6 8 9  |3 5 6 7 9 
  -0.003719693450865  1132144234  |3 5 6 7 9  |2 5 6 8 9 
   0.003719670162173  1231143244  |1 5 7 8 9  |2 5 6 8 9 
   0.003719670151341  1321142344  |2 5 6 8 9  |1 5 7 8 9 
   0.003717589299801  1434241411  |1 3 4 5 7  |1 2 3 5 7 
  -0.003717561685754  2434111414  |0 1 3 7 9  |1 2 3 7 9 
   0.003717559953521  3424111414  |1 2 3 7 9  |0 1 3 7 9 
  -0.003716756188704  2243431231  |0 1 2 4 7  |2 3 4 5 8 
  -0.003716751671219  4243312312  |0 1 2 6 9  |0 2 3 4 7 
   0.003716748234657  3342421321  |2 3 4 5 8  |0 1 2 4 7 
   0.003716737778858  4342213213  |0 2 3 4 7  |0 1 2 6 9 
  -0.003709217564012  3243421231  |1 2 4 5 7  |0 2 3 4 8 
  -0.003709211770041  4243212313  |0 1 2 4 6  |0 2 3 7 9 
   0.003709197676240  4342313212  |0 2 3 7 9  |0 1 2 4 6 
  -0.003693376202520  3242332141  |1 2 3 6 8  |0 2 4 5 8 
   0.003693376106630  2343223141  |0 2 4 5 8  |1 2 3 6 8 
   0.003666530700702  3144414211  |2 3 4 6 7  |0 2 3 4 6 
  -0.003666527041887  2144414311  |0 2 3 4 6  |2 3 4 6 7 
  -0.003666514038457  4441211341  |0 1 2 4 8  |0 1 2 7 8 
   0.003666509027736  4441311241  |0 1 2 7 8  |0 1 2 4 8 
   0.003638400884783  3124434121  |2 3 4 6 8  |0 3 4 5 6 
   0.003630143567406  4324312123  |0 2 3 6 8  |0 1 3 4 9 
  -0.003630132500461  4234213132  |0 1 3 4 9  |0 2 3 6 8 
  -0.003630129268316  3423432121  |1 2 4 6 8  |0 1 3 4 5 
  -0.003622887126831  1124344123  |2 3 5 6 8  |3 4 5 6 9 
  -0.003619025801981  4124314132  |0 2 3 6 9  |0 3 4 6 8 
  -0.003619023910767  4134214123  |0 3 4 6 8  |0 2 3 6 9 
   0.003618975097506  2431432141  |0 1 4 6 8  |1 2 4 5 8 
   0.003618971730387  3421423141  |1 2 4 5 8  |0 1 4 6 8 
   0.003614794276678  1124244313  |2 3 4 5 6  |3 5 6 7 9 
   0.003614793659953  1134344212  |3 5 6 7 9  |2 3 4 5 6 
   0.003614735607581  3431121244  |1 5 7 8 9  |0 1 2 8 9 
   0.003614735054490  2421131344  |0 1 2 8 9  |1 5 7 8 9 
  -0.003610455233878  3424321213  |1 2 3 5 7  |0 1 3 4 9 
  -0.003610445183561  2434221313  |0 1 3 4 5  |1 2 3 7 9 
   0.003610439924412  2434231312  |0 1 3 4 9  |1 2 3 5 7 
   0.003610415763196  3424331212  |1 2 3 7 9  |0 1 3 4 5 
   0.003609940997913  4314411421  |0 3 4 7 8  |0 1 3 4 7 
  -0.003609935632524  4412413411  |0 1 3 4 7  |0 1 4 6 7 
  -0.003609935439762  4214411431  |0 1 3 4 7  |0 3 4 7 8 
   0.003609930041725  4413412411  |0 1 4 6 7  |0 1 3 4 7 
   0.003584830530629  4423212133  |0 1 2 4 6  |0 1 3 8 9 
   0.003584817475119  3234422131  |1 3 4 5 6  |0 2 3 4 8 
  -0.003584813977847  4432313122  |0 1 3 8 9  |0 1 2 4 6 
  -0.003584809879802  2324433121  |0 2 3 4 8  |1 3 4 5 6 
   0.003570234493233  4414311232  |0 1 3 7 9  |0 1 3 4 8 
   0.003570218529511  4414211323  |0 1 3 4 8  |0 1 3 7 9 
   0.003570217318324  2414432311  |0 1 3 4 6  |1 3 4 5 7 
   0.003570212501204  3414423211  |1 3 4 5 7  |0 1 3 4 6 
   0.003560538991984  4233412213  |0 1 4 6 7  |0 2 3 4 9 
  -0.003560527262660  4322413312  |0 2 3 4 9  |0 1 4 6 7 
   0.003560517089548  4332431221  |0 3 4 7 8  |0 1 2 4 5 
  -0.003548246744794  3323422321  |2 4 5 6 8  |0 1 3 4 7 
  -0.003548246414126  2232433231  |0 1 3 4 7  |2 4 5 6 8 
  -0.003548243229725  4232213233  |0 1 3 4 7  |0 2 6 8 9 
  -0.003548243054089  4323312322  |0 2 6 8 9  |0 1 3 4 7 
  -0.003547710091860  4124314321  |0 2 3 6 8  |0 3 4 6 7 
  -0.003547707458757  4134214231  |0 3 4 6 7  |0 2 3 6 8 
   0.003547664934236  2431413241  |0 1 4 7 8  |1 2 4 6 8 
   0.003547663495086  3421412341  |1 2 4 6 8  |0 1 4 7 8 
   0.003537863646575  4144114213  |0 2 3 6 7  |0 2 3 6 9 
  -0.003537858127078  4144114312  |0 2 3 6 9  |0 2 3 6 7 
  -0.003537852531233  1441421341  |1 2 4 5 8  |1 2 4 7 8 
   0.003537846759013  1441431241  |1 2 4 7 8  |1 2 4 5 8 
   0.003534454282314  3223414231  |1 2 4 6 7  |0 3 4 6 8 
  -0.003534422893651  4233212341  |0 1 4 6 8  |0 2 3 7 8 
   0.003534421277217  4322313241  |0 2 3 7 8  |0 1 4 6 8 
  -0.003533689584017  3244322113  |1 2 3 5 6  |0 2 3 4 9 
   0.003533680630874  2344233112  |0 2 3 4 9  |1 2 3 5 6 
   0.003533637237231  2443221133  |0 1 2 4 5  |1 2 3 8 9 
  -0.003533615934833  3442331122  |1 2 3 8 9  |0 1 2 4 5 
  -0.003519505483748  4323412213  |0 2 4 6 7  |0 1 3 4 9 
   0.003519495312557  4232421331  |0 1 3 4 5  |0 2 4 7 8 
   0.003519492380992  4232413312  |0 1 3 4 9  |0 2 4 6 7 
  -0.003519482317180  4323431221  |0 2 4 7 8  |0 1 3 4 5 
  -0.003512593293753  1124344231  |2 3 5 6 7  |3 4 5 6 8 
   0.003512564186328  2431112344  |0 1 6 8 9  |1 2 7 8 9 
  -0.003510135712815  1444421131  |1 2 3 4 5  |1 2 3 4 8 
   0.003510133877227  4444112113  |0 1 2 3 6  |0 1 2 3 9 
  -0.003510127379701  4444113112  |0 1 2 3 9  |0 1 2 3 6 
   0.003510124187652  1444431121  |1 2 3 4 8  |1 2 3 4 5 
  -0.003504129684183  4223213323  |0 1 2 4 8  |0 3 6 7 9 
  -0.003504129563352  4332312232  |0 3 6 7 9  |0 1 2 4 8 
  -0.003504120212796  3233423221  |1 4 5 7 8  |0 2 3 4 6 
  -0.003504120038051  2322432331  |0 2 3 4 6  |1 4 5 7 8 
   0.003499892619014  4324412113  |0 2 3 4 6  |0 1 3 4 9 
  -0.003499892205158  4432421131  |0 1 3 4 5  |0 1 2 4 8 
  -0.003499890399032  4423431121  |0 1 2 4 8  |0 1 3 4 5 
   0.003499884880741  4234413112  |0 1 3 4 9  |0 2 3 4 6 
  -0.003480852566409  4244211133  |0 1 2 3 4  |0 2 3 8 9 
   0.003480848045272  3443422111  |1 2 4 5 6  |0 1 2 3 4 
  -0.003480846969061  4344311122  |0 2 3 8 9  |0 1 2 3 4 
   0.003480840343738  2442433111  |0 1 2 3 4  |1 2 4 5 6 
  -0.003475631389358  2343421321  |0 2 4 5 8  |1 2 3 4 7 
  -0.003475621291843  4242313213  |0 1 2 3 7  |0 2 4 6 9 
   0.003475617959816  3242431231  |1 2 3 4 7  |0 2 4 5 8 
   0.003475610005160  4343212312  |0 2 4 6 9  |0 1 2 3 7 
  -0.003460130634581  4422312133  |0 1 2 3 6  |0 1 4 8 9 
   0.003460120146492  4433213122  |0 1 4 8 9  |0 1 2 3 6 
  -0.003460100141043  2334422131  |0 3 4 5 6  |1 2 3 4 8 
   0.003460092251867  3224433121  |1 2 3 4 8  |0 3 4 5 6 
   0.003456371734788  4424321113  |0 1 2 3 5  |0 1 3 4 9 
   0.003456360656937  4434231112  |0 1 3 4 9  |0 1 2 3 5 
   0.003456330652174  2434421113  |0 1 3 4 5  |1 2 3 4 9 
   0.003456317060662  3424431112  |1 2 3 4 9  |0 1 3 4 5 
  -0.003453158977385  3242332114  |1 2 3 6 9  |0 2 4 5 9 
   0.003453158275357  2343223114  |0 2 4 5 9  |1 2 3 6 9 
  -0.003453147588872  3242341123  |1 2 3 5 8  |0 2 4 5 9 
   0.003453144850558  2343241132  |0 2 4 5 9  |1 2 3 5 8 
  -0.003450096440960  4322311423  |0 2 3 7 8  |0 1 4 7 9 
   0.003450093573618  4233211432  |0 1 4 7 9  |0 2 3 7 8 
   0.003450076727134  2332423411  |0 3 4 5 7  |1 2 4 6 7 
  -0.003450076302305  3223432411  |1 2 4 6 7  |0 3 4 5 7 
   0.003441471303075  1113244423  |4 5 6 7 8  |3 5 6 7 9 
  -0.003441448424645  3211123444  |1 5 7 8 9  |0 6 7 8 9 
  -0.003441448324125  2311132444  |0 6 7 8 9  |1 5 7 8 9 
   0.003434063386632  1134244213  |3 4 5 6 7  |2 3 5 6 9 
   0.003434063127648  1124344312  |2 3 5 6 9  |3 4 5 6 7 
   0.003434005376521  3421121344  |1 2 5 8 9  |0 1 7 8 9 
   0.003434005109451  2431131244  |0 1 7 8 9  |1 2 5 8 9 
  -0.003430764590021  1234242313  |1 3 4 5 6  |2 3 5 7 9 
   0.003430740029329  1324343212  |2 3 5 7 9  |1 3 4 5 6 
   0.003430680253708  3423121234  |1 2 5 7 9  |0 1 3 8 9 
  -0.003430669750084  2432131324  |0 1 3 8 9  |1 2 5 7 9 
  -0.003411915053381  4241213143  |0 1 2 4 8  |0 2 6 8 9 
  -0.003411914455172  4341312142  |0 2 6 8 9  |0 1 2 4 8 
   0.003411842644802  3143424121  |2 4 5 6 8  |0 2 3 4 6 
   0.003411841076148  2142434131  |0 2 3 4 6  |2 4 5 6 8 
  -0.003408714153996  2441321143  |0 1 2 5 8  |1 2 4 8 9 
  -0.003408701447136  3441231142  |1 2 4 8 9  |0 1 2 5 8 
  -0.003408687281451  2144324113  |0 2 3 5 6  |2 3 4 6 9 
  -0.003408673630884  3144234112  |2 3 4 6 9  |0 2 3 5 6 
  -0.003403693100532  4223413213  |0 1 2 4 7  |0 3 4 6 9 
   0.003403689262014  4233421321  |0 1 4 5 8  |0 2 3 4 7 
   0.003403680263699  4332412312  |0 3 4 6 9  |0 1 2 4 7 
  -0.003403676489521  4322431231  |0 2 3 4 7  |0 1 4 5 8 
  -0.003403668937907  4314312412  |0 3 6 7 9  |0 1 3 4 7 
  -0.003403668861202  4214213413  |0 1 3 4 7  |0 3 6 7 9 
   0.003403603504899  3413421421  |1 4 5 7 8  |0 1 3 4 7 
   0.003403602412730  2412431431  |0 1 3 4 7  |1 4 5 7 8 
  -0.003398898129912  2414321413  |0 1 3 5 7  |1 3 4 7 9 
  -0.003398884557114  3414231412  |1 3 4 7 9  |0 1 3 5 7 
  -0.003375534263290  4124314411  |0 2 3 6 7  |0 3 4 6 7 
   0.003375526585897  4134214411  |0 3 4 6 7  |0 2 3 6 7 
  -0.003375504789456  2431411441  |0 1 4 7 8  |1 2 4 7 8 
   0.003375502987534  3421411441  |1 2 4 7 8  |0 1 4 7 8 
   0.003362675370217  4223412313  |0 1 2 4 6  |0 3 4 7 9 
  -0.003362663940831  4332413212  |0 3 4 7 9  |0 1 2 4 6 
  -0.003362660449231  4233421231  |0 1 4 5 7  |0 2 3 4 8 
  -0.003361952434125  4314212413  |0 3 4 6 7  |0 1 3 7 9 
  -0.003361951110665  4214313412  |0 1 3 7 9  |0 3 4 6 7 
   0.003361889637631  3412421431  |1 3 4 5 7  |0 1 4 7 8 
   0.003361887887774  2413431421  |0 1 4 7 8  |1 3 4 5 7 
  -0.003361625410324  3332422231  |3 4 5 6 7  |0 1 2 4 8 
  -0.003361624957772  2223433321  |0 1 2 4 8  |3 4 5 6 7 
  -0.003361621760741  4322212333  |0 2 3 4 6  |0 1 7 8 9 
  -0.003361621079395  4233313222  |0 1 7 8 9  |0 2 3 4 6 
  -0.003360344677310  4341212143  |0 2 4 6 8  |0 1 2 8 9 
  -0.003360343441354  4241313142  |0 1 2 8 9  |0 2 4 6 8 
   0.003360274691314  3142424131  |2 3 4 5 6  |0 2 4 6 8 
   0.003360272916172  2143434121  |0 2 4 6 8  |2 3 4 5 6 
   0.003346999318929  1324443112  |2 3 4 5 9  |1 3 4 5 6 
  -0.003346992031888  4423121134  |0 1 2 5 9  |0 1 3 8 9 
  -0.003338712198448  1232242333  |1 3 4 5 6  |2 5 7 8 9 
  -0.003338705801266  3323122234  |2 5 6 7 9  |0 1 3 8 9 
  -0.003338699359321  2232133324  |0 1 3 8 9  |2 5 6 7 9 
   0.003334752533239  2344322113  |0 2 3 5 6  |1 2 3 4 9 
  -0.003334745735481  3244233112  |1 2 3 4 9  |0 2 3 5 6 
   0.003334684459627  3443231122  |1 2 4 8 9  |0 1 2 3 5 
   0.003332975160736  2243233123  |0 1 2 4 8  |2 3 5 6 9 
   0.003332975146979  3342322132  |2 3 5 6 9  |0 1 2 4 8 
   0.003332971778341  2342232133  |0 2 3 4 6  |1 2 5 8 9 
   0.003332971742878  3243323122  |1 2 5 8 9  |0 2 3 4 6 
  -0.003327873220083  2323223233  |0 2 4 5 7  |1 3 6 8 9 
   0.003327858599844  3232332322  |1 3 6 8 9  |0 2 4 5 7 
   0.003327845757673  2323233232  |0 2 4 7 9  |1 3 5 6 8 
  -0.003321929463158  4333212223  |0 4 6 7 8  |0 1 2 3 9 
  -0.003321929095366  4222313332  |0 1 2 3 9  |0 4 6 7 8 
  -0.003321924583091  3222423331  |1 2 3 4 5  |0 4 6 7 8 
  -0.003321924125869  2333432221  |0 4 6 7 8  |1 2 3 4 5 
   0.003317866082497  4234312132  |0 1 3 6 9  |0 2 3 4 8 
  -0.003317851091027  4324213123  |0 2 3 4 8  |0 1 3 6 9 
  -0.003317842476096  3432423121  |1 3 4 5 8  |0 1 2 4 6 
  -0.003306457684585  4244314111  |0 1 2 3 6  |0 2 3 4 6 
   0.003306447003931  4344214111  |0 2 3 4 6  |0 1 2 3 6 
  -0.003306425100810  2443411141  |0 1 2 4 8  |1 2 3 4 8 
   0.003306422073223  3442411141  |1 2 3 4 8  |0 1 2 4 8 
   0.003305068277688  3343222123  |2 4 5 6 8  |0 1 2 3 9 
   0.003305067723346  2242333132  |0 1 2 3 9  |2 4 5 6 8 
   0.003305058263721  3242223133  |1 2 3 4 5  |0 2 6 8 9 
   0.003305057714286  2343332122  |0 2 6 8 9  |1 2 3 4 5 
   0.003290021504037  4313112424  |0 6 7 8 9  |0 1 3 7 9 
   0.003290021292818  4212113434  |0 1 3 7 9  |0 6 7 8 9 
   0.003290020775752  1212443431  |1 3 4 5 7  |4 5 6 7 8 
   0.003290020704701  1313442421  |4 5 6 7 8  |1 3 4 5 7 
   0.003287867395272  4124434111  |0 2 3 4 6  |0 3 4 5 6 
  -0.003287863706641  4134424111  |0 3 4 5 6  |0 2 3 4 6 
   0.003287842516808  4431411142  |0 1 4 8 9  |0 1 2 4 8 
  -0.003287836801182  4421411143  |0 1 2 4 8  |0 1 4 8 9 
  -0.003287505419482  4344312211  |0 2 3 6 7  |0 1 2 3 4 
  -0.003287497565541  4244213311  |0 1 2 3 4  |0 2 3 6 7 
  -0.003287487199923  2442411331  |0 1 2 3 4  |1 2 4 7 8 
  -0.003287485358143  3443411221  |1 2 4 7 8  |0 1 2 3 4 
  -0.003285665237638  4243211233  |0 1 2 4 7  |0 2 3 8 9 
  -0.003285658599196  3243422311  |1 2 4 5 6  |0 2 3 4 7 
   0.003285651239653  2342433211  |0 2 3 4 7  |1 2 4 5 6 
   0.003285649859210  4342311322  |0 2 3 8 9  |0 1 2 4 7 
   0.003281545439325  2244323113  |0 1 2 3 5  |2 3 4 6 9 
  -0.003281538542529  3344232112  |2 3 4 6 9  |0 1 2 3 5 
  -0.003281513088097  2443321123  |0 1 2 5 8  |1 2 3 4 9 
   0.003281497181068  3442231132  |1 2 3 4 9  |0 1 2 5 8 
   0.003279042028417  4443212113  |0 1 2 4 6  |0 1 2 3 9 
   0.003279037459181  4442313112  |0 1 2 3 9  |0 1 2 4 6 
  -0.003279022576660  3244421131  |1 2 3 4 5  |0 2 3 4 8 
  -0.003279015563613  2344431121  |0 2 3 4 8  |1 2 3 4 5 
  -0.003264212775561  4423312123  |0 1 2 6 8  |0 1 3 4 9 
   0.003264202609007  4432213132  |0 1 3 4 9  |0 1 2 6 8 
  -0.003264188932961  2234423131  |0 1 3 4 5  |2 3 4 6 8 
   0.003264181218392  3324432121  |2 3 4 6 8  |0 1 3 4 5 
   0.003253980373957  4441211143  |0 1 2 4 8  |0 1 2 8 9 
   0.003253939649972  3144424111  |2 3 4 5 6  |0 2 3 4 6 
  -0.003253906600219  2144434111  |0 2 3 4 6  |2 3 4 5 6 
  -0.003253857974530  4441311142  |0 1 2 8 9  |0 1 2 4 8 
  -0.003253335356516  3233132224  |1 6 7 8 9  |0 2 3 5 9 
  -0.003253330750089  1223243332  |1 2 4 5 9  |3 5 6 7 8 
   0.003251730164806  4241311243  |0 1 2 7 8  |0 2 4 8 9 
  -0.003251643910362  3142434211  |2 3 4 6 7  |0 2 4 5 6 
   0.003247805054284  4312112434  |0 3 6 7 9  |0 1 7 8 9 
   0.003247804915075  1312442431  |3 4 5 6 7  |1 4 5 7 8 
   0.003247804566491  4213113424  |0 1 7 8 9  |0 3 6 7 9 
   0.003247804453952  1213443421  |1 4 5 7 8  |3 4 5 6 7 
  -0.003231269836465  2333123224  |0 5 7 8 9  |1 2 3 6 9 
  -0.003231263856320  3222132334  |1 2 3 6 9  |0 5 7 8 9 
  -0.003231254957743  1333242232  |4 5 6 7 9  |1 2 3 5 8 
   0.003229558074347  4423413211  |0 1 2 4 7  |0 1 3 4 6 
  -0.003229553137668  4324411231  |0 2 3 4 7  |0 1 3 4 8 
   0.003229552511940  4432412311  |0 1 3 4 6  |0 1 2 4 7 
  -0.003229549617737  4234411321  |0 1 3 4 8  |0 2 3 4 7 
   0.003226567177487  1243242133  |1 2 4 5 6  |2 3 5 8 9 
  -0.003226554768074  1342343122  |2 3 5 8 9  |1 2 4 5 6 
  -0.003226545527322  2342133124  |0 2 3 8 9  |1 2 5 6 9 
   0.003218249646356  4314213421  |0 3 4 7 8  |0 1 3 6 7 
   0.003218230645995  3412413421  |1 3 4 7 8  |0 1 4 6 7 
   0.003190282605415  2424321313  |0 1 2 3 5  |1 3 4 7 9 
   0.003190273723013  2434321213  |0 1 3 5 7  |1 2 3 4 9 
  -0.003190267607907  3434231212  |1 3 4 7 9  |0 1 2 3 5 
  -0.003190258588998  3424231312  |1 2 3 4 9  |0 1 3 5 7 
  -0.003178336638112  2223133234  |0 1 2 7 9  |3 5 6 8 9 
  -0.003178330659949  3332122324  |3 5 6 8 9  |0 1 2 7 9 
  -0.003178314421441  1322243233  |2 3 4 5 7  |1 5 6 8 9 
  -0.003172343942286  2343423211  |0 2 4 5 7  |1 2 3 4 6 
  -0.003172331603651  4242311323  |0 1 2 3 8  |0 2 4 7 9 
   0.003172323253065  3242432311  |1 2 3 4 6  |0 2 4 5 7 
   0.003172314398184  4343211232  |0 2 4 7 9  |0 1 2 3 8 
   0.003169695294206  1421241343  |1 2 4 5 8  |1 5 7 8 9 
   0.003169694950250  1431341242  |1 5 7 8 9  |1 2 4 5 8 
   0.003169640481954  3134124214  |3 5 6 7 9  |0 2 3 6 9 
   0.003169640015736  2124134314  |0 2 3 6 9  |3 5 6 7 9 
  -0.003156756254262  3224332213  |1 2 3 6 7  |0 3 4 5 9 
  -0.003152591060670  4323212323  |0 2 4 6 8  |0 1 3 7 9 
  -0.003152590573501  4232313232  |0 1 3 7 9  |0 2 4 6 8 
  -0.003152590185070  3232423231  |1 3 4 5 7  |0 2 4 6 8 
  -0.003152589772162  2323432321  |0 2 4 6 8  |1 3 4 5 7 
   0.003139501805320  4423312132  |0 1 2 6 9  |0 1 3 4 8 
  -0.003139485991149  4432213123  |0 1 3 4 8  |0 1 2 6 9 
   0.003139472736648  2234432131  |0 1 3 4 6  |2 3 4 5 8 
  -0.003139466186173  3324423121  |2 3 4 5 8  |0 1 3 4 6 
   0.003136029515685  2141143144  |0 2 5 8 9  |2 5 6 8 9 
  -0.003136004923091  1141344124  |2 5 6 8 9  |2 4 5 6 9 
   0.003136003248929  1141244134  |2 4 5 6 9  |2 5 6 8 9 
   0.003125910836790  1431241243  |1 4 5 7 8  |1 2 5 8 9 
   0.003125909977772  1421341342  |1 2 5 8 9  |1 4 5 7 8 
   0.003125850524188  3124124314  |2 3 5 6 9  |0 3 6 7 9 
   0.003125849810583  2134134214  |0 3 6 7 9  |2 3 5 6 9 
   0.003123378774264  4243311223  |0 1 2 7 8  |0 2 3 4 9 
   0.003123357884216  2243423311  |0 1 2 4 5  |2 3 4 6 7 
   0.003115383567269  4234212331  |0 1 3 4 6  |0 2 3 7 8 
  -0.003115372112318  4324313221  |0 2 3 7 8  |0 1 3 4 6 
   0.003115360845965  3423412231  |1 2 4 6 7  |0 1 3 4 8 
  -0.003115350949060  2432413321  |0 1 3 4 8  |1 2 4 6 7 
   0.003102126660299  2114143414  |0 3 5 7 9  |3 5 6 7 9 
  -0.003102126438393  3114142414  |3 5 6 7 9  |0 3 5 7 9 
  -0.003102109480131  1411341424  |1 5 7 8 9  |1 4 5 7 9 
   0.003102107677629  1411241434  |1 4 5 7 9  |1 5 7 8 9 
  -0.003085675493399  2424323113  |0 1 2 3 5  |1 3 4 6 9 
   0.003085638882646  2434321123  |0 1 3 5 8  |1 2 3 4 9 
  -0.003085627736676  3424231132  |1 2 3 4 9  |0 1 3 5 8 
  -0.003082611251214  2244332113  |0 1 2 3 6  |2 3 4 5 9 
   0.003082603959851  3344223112  |2 3 4 5 9  |0 1 2 3 6 
   0.003082592343198  2443321132  |0 1 2 5 9  |1 2 3 4 8 
  -0.003082572182505  3442231123  |1 2 3 4 8  |0 1 2 5 9 
  -0.003067905949068  1341243142  |2 4 5 8 9  |1 2 5 6 8 
   0.003067825026437  3142134124  |2 3 6 8 9  |0 2 5 6 9 
   0.003064229272824  2344321213  |0 2 3 5 7  |1 2 3 4 9 
  -0.003064221103362  3244231312  |1 2 3 4 9  |0 2 3 5 7 
  -0.003064194351202  2442321313  |0 1 2 3 5  |1 2 4 7 9 
  -0.003061303597307  1314243412  |3 4 5 7 9  |1 3 5 6 7 
   0.003061230871587  2413121434  |0 1 5 7 9  |1 3 7 8 9 
   0.003049904011154  1342342123  |2 3 5 6 8  |1 2 4 5 9 
  -0.003049888078591  1243243132  |1 2 4 5 9  |2 3 5 6 8 
   0.003049881855401  2342123134  |0 2 3 5 9  |1 2 6 8 9 
  -0.003049859600569  3243132124  |1 2 6 8 9  |0 2 3 5 9 
   0.003046005088772  1442342113  |1 2 3 5 6  |1 2 4 5 9 
   0.003045996598598  1443243112  |1 2 4 5 9  |1 2 3 5 6 
  -0.003045960507279  3244131124  |1 2 3 8 9  |0 2 3 5 9 
   0.003045790508249  2442323113  |0 1 2 3 5  |1 2 4 6 9 
   0.003045774754160  3244231132  |1 2 3 4 9  |0 2 3 5 8 
  -0.003040704272631  4442311321  |0 1 2 3 8  |0 1 2 4 7 
  -0.003040702064367  4443211231  |0 1 2 4 7  |0 1 2 3 8 
  -0.003040684232711  3244412311  |1 2 3 4 6  |0 2 3 4 7 
  -0.003040680751335  2344413211  |0 2 3 4 7  |1 2 3 4 6 
   0.003039909933308  1343243122  |2 4 5 8 9  |1 2 3 5 6 
   0.003034340073105  3324322213  |2 3 5 6 7  |0 1 3 4 9 
   0.003034334090221  2234233312  |0 1 3 4 9  |2 3 5 6 7 
  -0.003034308364597  3423331222  |1 2 7 8 9  |0 1 3 4 5 
  -0.003032885491596  3223233232  |1 2 4 7 9  |0 3 5 6 8 
  -0.003029039254768  4244311132  |0 1 2 3 9  |0 2 3 4 8 
  -0.003029035427076  4344211123  |0 2 3 4 8  |0 1 2 3 9 
   0.003029009128515  2443432111  |0 1 2 4 6  |1 2 3 4 5 
   0.003029003169402  3442423111  |1 2 3 4 5  |0 1 2 4 6 
   0.003028139593422  1423432231  |1 2 4 6 7  |1 3 4 5 8 
  -0.003028136140992  1432423321  |1 3 4 5 8  |1 2 4 6 7 
   0.003028131941037  4234112332  |0 1 3 6 9  |0 2 3 7 8 
  -0.003028129128581  4324113223  |0 2 3 7 8  |0 1 3 6 9 
  -0.003025849737905  4224312331  |0 1 2 3 6  |0 3 4 7 8 
   0.003025838988640  4334213221  |0 3 4 7 8  |0 1 2 3 6 
  -0.003025822944218  2433412231  |0 1 4 6 7  |1 2 3 4 8 
   0.003025815969708  3422413321  |1 2 3 4 8  |0 1 4 6 7 
   0.003021524533801  2324223313  |0 2 3 4 5  |1 3 6 7 9 
   0.003021514309530  3234332212  |1 3 6 7 9  |0 2 3 4 5 
  -0.003021510495100  3432321223  |1 3 5 7 8  |0 1 2 4 9 
  -0.003021502998825  2423231332  |0 1 2 4 9  |1 3 5 7 8 
   0.003019379562981  4324312231  |0 2 3 6 7  |0 1 3 4 8 
  -0.003019367718273  4234213321  |0 1 3 4 8  |0 2 3 6 7 
   0.003019354009210  2432412331  |0 1 3 4 6  |1 2 4 7 8 
  -0.003019342781763  3423413221  |1 2 4 7 8  |0 1 3 4 6 
  -0.003010196152234  4322312332  |0 2 3 6 9  |0 1 4 7 8 
  -0.003010196122603  4233213223  |0 1 4 7 8  |0 2 3 6 9 
  -0.003010194167405  3223423321  |1 2 4 5 8  |0 3 4 6 7 
  -0.003010193850101  2332432231  |0 3 4 6 7  |1 2 4 5 8 
  -0.003004651811919  2341423321  |0 2 4 5 8  |1 2 4 6 7 
   0.003004649281040  3241432231  |1 2 4 6 7  |0 2 4 5 8 
   0.003004645120234  3312322423  |3 5 6 7 8  |0 1 4 7 9 
   0.003004639842406  2213233432  |0 1 4 7 9  |3 5 6 7 8 
   0.003004638946820  4142313223  |0 2 3 7 8  |0 2 4 6 9 
  -0.003004636103917  4143212332  |0 2 4 6 9  |0 2 3 7 8 
   0.003004630200879  3213332422  |1 6 7 8 9  |0 3 4 5 7 
   0.003003814573622  1444241113  |1 2 3 4 5  |1 2 3 5 9 
   0.003003778898868  3444121114  |1 2 3 5 9  |0 1 2 3 9 
  -0.003003739075601  2444131114  |0 1 2 3 9  |1 2 3 5 9 
  -0.003003680433012  1444341112  |1 2 3 5 9  |1 2 3 4 5 
  -0.003002795540500  1324243132  |2 3 4 5 9  |1 3 5 6 8 
   0.002993366105870  1234243312  |1 3 4 5 9  |2 3 5 6 7 
   0.002993318711307  2432121334  |0 1 3 5 9  |1 2 7 8 9 
  -0.002993307801099  3423131224  |1 2 7 8 9  |0 1 3 5 9 
  -0.002991202098930  1324243312  |2 3 4 5 9  |1 3 5 6 7 
  -0.002991130055369  2423121334  |0 1 2 5 9  |1 3 7 8 9 
  -0.002985575885070  4231212343  |0 1 4 6 8  |0 2 7 8 9 
   0.002985553002649  4321313242  |0 2 7 8 9  |0 1 4 6 8 
   0.002985505768789  3123424231  |2 4 5 6 7  |0 3 4 6 8 
  -0.002985496392074  2132434321  |0 3 4 6 8  |2 4 5 6 7 
  -0.002979222656411  1243342123  |1 2 5 6 8  |2 3 4 5 9 
   0.002979214046192  1342243132  |2 3 4 5 9  |1 2 5 6 8 
   0.002977308196648  4442411113  |0 1 2 3 4  |0 1 2 4 9 
  -0.002977213732492  4443411112  |0 1 2 4 9  |0 1 2 3 4 
   0.002977104216458  4344421111  |0 2 3 4 5  |0 1 2 3 4 
  -0.002977054404358  4244431111  |0 1 2 3 4  |0 2 3 4 5 
   0.002969274290614  1242343123  |1 2 3 5 8  |2 4 5 6 9 
   0.002969262424620  2343123124  |0 2 5 8 9  |1 2 3 6 9 
  -0.002969258396150  1343242132  |2 4 5 6 9  |1 2 3 5 8 
  -0.002969239910275  3242132134  |1 2 3 6 9  |0 2 5 8 9 
   0.002968073651443  1343243212  |2 4 5 7 9  |1 2 3 5 6 
   0.002967701412967  2444311213  |0 1 2 3 7  |1 2 3 4 9 
   0.002967692026701  3444211312  |1 2 3 4 9  |0 1 2 3 7 
  -0.002967670652779  2444321311  |0 1 2 3 5  |1 2 3 4 7 
  -0.002967657675835  3444231211  |1 2 3 4 7  |0 1 2 3 5 
  -0.002965978964045  3223123234  |1 2 5 7 9  |0 3 6 8 9 
  -0.002965973213656  2332132324  |0 3 6 8 9  |1 2 5 7 9 
  -0.002965970884947  1233242323  |1 4 5 6 8  |2 3 5 7 9 
  -0.002965964758517  1322343232  |2 3 5 7 9  |1 4 5 6 8 
   0.002949229926258  3243223123  |1 2 4 5 8  |0 2 3 6 9 
   0.002949229373215  2342332132  |0 2 3 6 9  |1 2 4 5 8 
   0.002930364821428  4121214343  |0 2 4 6 8  |0 6 7 8 9 
   0.002930364331102  4131314242  |0 6 7 8 9  |0 2 4 6 8 
   0.002930309730363  3131424241  |4 5 6 7 8  |0 2 4 6 8 
   0.002930309256917  2121434341  |0 2 4 6 8  |4 5 6 7 8 
  -0.002928898122070  1314144214  |3 5 6 7 9  |1 3 5 6 9 
   0.002924802768434  2313323422  |0 5 7 8 9  |1 3 4 6 7 
   0.002924799591310  2212333423  |0 1 3 7 8  |4 5 6 7 9 
   0.002924798832159  3212232433  |1 3 4 6 7  |0 5 7 8 9 
   0.002924794750352  3313222432  |4 5 6 7 9  |0 1 3 7 8 
  -0.002921955837557  1334243212  |3 4 5 7 9  |1 2 3 5 6 
  -0.002921893924370  2433121234  |0 1 5 7 9  |1 2 3 8 9 
  -0.002919711797838  3223132324  |1 2 6 8 9  |0 3 5 7 9 
  -0.002919695532060  1233243232  |1 4 5 7 9  |2 3 5 6 8 
  -0.002919681765448  3422131234  |1 2 3 7 9  |0 1 5 8 9 
   0.002918025694224  3242323132  |1 2 3 5 9  |0 2 4 6 8 
   0.002918025660229  2343232123  |0 2 4 6 8  |1 2 3 5 9 
   0.002916299014047  4422313123  |0 1 2 3 8  |0 1 4 6 9 
  -0.002916286453890  4433212132  |0 1 4 6 9  |0 1 2 3 8 
   0.002916212841572  2334423121  |0 3 4 5 8  |1 2 3 4 6 
  -0.002916202087533  3224432131  |1 2 3 4 6  |0 3 4 5 8 
   0.002915268862069  4414211413  |0 1 3 4 7  |0 1 3 7 9 
   0.002915219913887  3414421411  |1 3 4 5 7  |0 1 3 4 7 
  -0.002915184484428  2414431411  |0 1 3 4 7  |1 3 4 5 7 
  -0.002915137846801  4414311412  |0 1 3 7 9  |0 1 3 4 7 
   0.002912999849293  4243411411  |0 1 2 4 7  |0 2 3 4 7 
  -0.002912996106273  4342411411  |0 2 3 4 7  |0 1 2 4 7 
   0.002908193429295  4144214113  |0 2 3 4 6  |0 2 3 6 9 
   0.002908147577406  3441421141  |1 2 4 5 8  |0 1 2 4 8 
  -0.002908110428252  2441431141  |0 1 2 4 8  |1 2 4 5 8 
  -0.002908065398512  4144314112  |0 2 3 6 9  |0 2 3 4 6 
  -0.002906012565255  4244313211  |0 1 2 3 7  |0 2 3 4 6 
  -0.002906005804415  4344212311  |0 2 3 4 6  |0 1 2 3 7 
  -0.002905995811832  2443411321  |0 1 2 4 8  |1 2 3 4 7 
  -0.002905995170098  3442411231  |1 2 3 4 7  |0 1 2 4 8 
   0.002901260112975  2111443441  |0 4 5 7 8  |4 5 6 7 8 
  -0.002901260035169  3111442441  |4 5 6 7 8  |0 4 5 7 8 
  -0.002901250262576  4111314424  |0 6 7 8 9  |0 4 6 7 9 
   0.002901248716872  4111214434  |0 4 6 7 9  |0 6 7 8 9 
   0.002888289041179  4131214243  |0 4 6 7 8  |0 2 6 8 9 
   0.002888288322078  4121314342  |0 2 6 8 9  |0 4 6 7 8 
   0.002888233771924  3121424341  |2 4 5 6 8  |0 4 6 7 8 
   0.002888233273889  2131434241  |0 4 6 7 8  |2 4 5 6 8 
   0.002887789310806  1323142234  |2 5 6 7 9  |1 3 5 8 9 
  -0.002887789118075  1323143224  |2 5 7 8 9  |1 3 5 6 9 
  -0.002887781105657  1232143324  |1 3 5 8 9  |2 5 6 7 9 
   0.002887739632788  4242311233  |0 1 2 3 7  |0 2 4 8 9 
  -0.002887730356855  4343211322  |0 2 4 8 9  |0 1 2 3 7 
   0.002887724382182  2343422311  |0 2 4 5 6  |1 2 3 4 7 
  -0.002887716622604  3242433211  |1 2 3 4 7  |0 2 4 5 6 
  -0.002887130783897  2323123324  |0 2 5 8 9  |1 3 6 7 9 
  -0.002887124596974  3232132234  |1 3 6 7 9  |0 2 5 8 9 
  -0.002887117370364  1323242332  |2 4 5 6 9  |1 3 5 7 8 
  -0.002882173855582  4311213442  |0 4 7 8 9  |0 1 6 7 8 
   0.002882095182936  2113424431  |0 4 5 6 7  |3 4 6 7 8 
   0.002882087072265  3112434421  |3 4 6 7 8  |0 4 5 6 7 
  -0.002874041211624  4233412312  |0 1 4 6 9  |0 2 3 4 7 
   0.002874029615458  4322413213  |0 2 3 4 7  |0 1 4 6 9 
   0.002874024210798  4223431231  |0 1 2 4 7  |0 3 4 5 8 
  -0.002874013837179  4332421321  |0 3 4 5 8  |0 1 2 4 7 
   0.002865243375921  4323212233  |0 2 4 6 7  |0 1 3 8 9 
   0.002865229942884  4232313322  |0 1 3 8 9  |0 2 4 6 7 
   0.002865227793183  3232422331  |1 3 4 5 6  |0 2 4 7 8 
   0.002865218973141  2323433221  |0 2 4 7 8  |1 3 4 5 6 
   0.002864956543353  3334222312  |3 4 5 6 9  |0 1 2 3 7 
  -0.002864921883770  3422231233  |1 2 3 4 7  |0 1 5 8 9 
   0.002863600880858  2334223213  |0 3 4 5 7  |1 2 3 6 9 
   0.002863591014873  3224332312  |1 2 3 6 9  |0 3 4 5 7 
  -0.002863588873030  3422321323  |1 2 3 5 8  |0 1 4 7 9 
  -0.002863581544443  2433231232  |0 1 4 7 9  |1 2 3 5 8 
  -0.002854375465973  1134142414  |3 5 6 7 9  |2 3 5 7 9 
   0.002854375173220  1124143414  |2 3 5 7 9  |3 5 6 7 9 
   0.002854360575109  1421141434  |1 2 5 7 9  |1 5 7 8 9 
  -0.002854360532896  1431141424  |1 5 7 8 9  |1 2 5 7 9 
   0.002847119953227  3232232323  |1 3 4 6 8  |0 2 5 7 9 
  -0.002845519409045  1143144142  |2 5 6 8 9  |2 3 5 6 8 
  -0.002845517354272  1241134144  |1 2 6 8 9  |2 5 6 8 9 
   0.002845517205864  1341124144  |2 5 6 8 9  |1 2 6 8 9 
   0.002842302297174  1332143224  |3 5 7 8 9  |1 2 5 6 9 
   0.002842299024264  1322143324  |2 3 5 8 9  |1 5 6 7 9 
  -0.002838803582778  4342311223  |0 2 3 7 8  |0 1 2 4 9 
   0.002838791249706  4243211332  |0 1 2 4 9  |0 2 3 7 8 
  -0.002838725265425  2342423311  |0 2 3 4 5  |1 2 4 6 7 
   0.002838714590844  3243432211  |1 2 4 6 7  |0 2 3 4 5 
  -0.002825342041239  1123244233  |2 4 5 6 7  |3 5 6 8 9 
   0.002825308855611  3231122344  |1 5 6 8 9  |0 2 7 8 9 
  -0.002825304152609  2321133244  |0 2 7 8 9  |1 5 6 8 9 
   0.002821373061093  4323213322  |0 2 4 8 9  |0 1 3 6 7 
   0.002821354790840  3232433221  |1 3 4 7 8  |0 2 4 5 6 
  -0.002815388902103  1214134414  |1 3 6 7 9  |3 5 6 7 9 
   0.002815388639495  1314124414  |3 5 6 7 9  |1 3 6 7 9 
   0.002815382702297  1412141443  |1 3 5 7 8  |1 5 7 8 9 
  -0.002815381716663  1413141442  |1 5 7 8 9  |1 3 5 7 8 
   0.002809349382795  4223312323  |0 1 2 6 8  |0 3 4 7 9 
   0.002809339688791  4332213232  |0 3 4 7 9  |0 1 2 6 8 
  -0.002808411722822  1232342332  |1 3 5 6 9  |2 4 5 7 8 
  -0.002808408572821  3232123324  |1 3 5 8 9  |0 2 6 7 9 
  -0.002808012197381  3442111324  |1 2 3 8 9  |0 1 2 7 9 
   0.002796822583821  1233142324  |1 5 6 8 9  |2 3 5 7 9 
  -0.002796812028856  1322143234  |2 3 5 7 9  |1 5 6 8 9 
   0.002796809664609  1223143234  |1 2 5 7 9  |3 5 6 8 9 
  -0.002796801587490  1332142324  |3 5 6 8 9  |1 2 5 7 9 
  -0.002793459225810  2344421113  |0 2 3 4 5  |1 2 3 4 9 
   0.002792577812022  2243132134  |0 1 2 6 9  |2 3 5 8 9 
  -0.002792570800348  3342123124  |2 3 5 8 9  |0 1 2 6 9 
  -0.002792557772982  1342243123  |2 3 4 5 8  |1 2 5 6 9 
   0.002787132577200  4224313231  |0 1 2 3 7  |0 3 4 6 8 
  -0.002787121146280  4334212321  |0 3 4 6 8  |0 1 2 3 7 
   0.002787115821332  2433412321  |0 1 4 6 8  |1 2 3 4 7 
  -0.002787104845793  3422413231  |1 2 3 4 7  |0 1 4 6 8 
  -0.002781163777967  4242411313  |0 1 2 3 4  |0 2 4 7 9 
  -0.002781157910621  4343411212  |0 2 4 7 9  |0 1 2 3 4 
   0.002781153614786  4343421211  |0 2 4 5 7  |0 1 2 3 4 
   0.002781148503413  4242431311  |0 1 2 3 4  |0 2 4 5 7 
   0.002780668550423  4324213321  |0 2 3 4 8  |0 1 3 6 7 
  -0.002780655250420  2423412331  |0 1 2 4 6  |1 3 4 7 8 
   0.002780648708050  3432413221  |1 3 4 7 8  |0 1 2 4 6 
   0.002777344706902  4111123444  |0 5 7 8 9  |0 6 7 8 9 
  -0.002777344373298  4111132444  |0 6 7 8 9  |0 5 7 8 9 
  -0.002770112470780  2434321312  |0 1 3 5 9  |1 2 3 4 7 
  -0.002770107967598  2424331213  |0 1 2 3 7  |1 3 4 5 9 
   0.002770094712822  3434221312  |1 3 4 5 9  |0 1 2 3 7 
   0.002770084086941  3424231213  |1 2 3 4 7  |0 1 3 5 9 
   0.002742162739874  4223213233  |0 1 2 4 7  |0 3 6 8 9 
   0.002742149725016  4332312322  |0 3 6 8 9  |0 1 2 4 7 
   0.002742146347067  3233422321  |1 4 5 6 8  |0 2 3 4 7 
   0.002742137805283  2322433231  |0 2 3 4 7  |1 4 5 6 8 
   0.002728555406426  2433441121  |0 1 4 5 8  |1 2 3 4 5 
   0.002728549949442  3422441131  |1 2 3 4 5  |0 1 4 5 8 
  -0.002728545695403  4224313114  |0 1 2 3 9  |0 3 4 6 9 
  -0.002728540533668  4334212114  |0 3 4 6 9  |0 1 2 3 9 
  -0.002725440576831  4243311232  |0 1 2 7 9  |0 2 3 4 8 
   0.002725426065774  4342211323  |0 2 3 4 8  |0 1 2 7 9 
  -0.002725424830911  2243432311  |0 1 2 4 6  |2 3 4 5 7 
   0.002725418609908  3342423211  |2 3 4 5 7  |0 1 2 4 6 
  -0.002723957230259  1311444241  |4 5 6 7 8  |1 4 5 6 8 
   0.002723950890410  4112114344  |0 3 6 8 9  |0 6 7 8 9 
   0.002720135938016  4211114344  |0 1 6 8 9  |0 6 7 8 9 
  -0.002720135626268  4311114244  |0 6 7 8 9  |0 1 6 8 9 
  -0.002720129896210  1113444241  |4 5 6 7 8  |3 4 5 6 8 
   0.002714245738276  4424311141  |0 1 2 3 8  |0 1 3 4 8 
  -0.002714243157441  4434211141  |0 1 3 4 8  |0 1 2 3 8 
   0.002714194626492  2434414111  |0 1 3 4 6  |1 2 3 4 6 
  -0.002714191713263  3424414111  |1 2 3 4 6  |0 1 3 4 6 
   0.002710178912661  4312312423  |0 3 6 7 8  |0 1 4 7 9 
   0.002710165340674  2312423431  |0 3 4 5 7  |1 4 6 7 8 
  -0.002710164405115  4213213432  |0 1 4 7 9  |0 3 6 7 8 
  -0.002710144049715  3213432421  |1 4 6 7 8  |0 3 4 5 7 
   0.002705136424591  3224323213  |1 2 3 5 7  |0 3 4 6 9 
   0.002705131392532  2334232312  |0 3 4 6 9  |1 2 3 5 7 
  -0.002705095996795  3422331232  |1 2 3 7 9  |0 1 4 5 8 
  -0.002701680588041  4133432221  |0 4 6 7 8  |0 2 3 4 5 
   0.002701680430227  4122423331  |0 2 3 4 5  |0 4 6 7 8 
   0.002701674452477  4331412223  |0 4 6 7 8  |0 1 2 4 9 
  -0.002701672327326  4221413332  |0 1 2 4 9  |0 4 6 7 8 
  -0.002696529482170  2312433421  |0 3 4 7 8  |1 4 5 6 7 
  -0.002696515711501  4312313422  |0 3 7 8 9  |0 1 4 6 7 
   0.002694130125310  4243421113  |0 1 2 4 5  |0 2 3 4 9 
   0.002694121627286  4342431112  |0 2 3 4 9  |0 1 2 4 5 
   0.002691144884880  4234312321  |0 1 3 6 8  |0 2 3 4 7 
  -0.002691124339962  4324213231  |0 2 3 4 7  |0 1 3 6 8 
   0.002691084429486  2423413231  |0 1 2 4 7  |1 3 4 6 8 
  -0.002691073648195  3432412321  |1 3 4 6 8  |0 1 2 4 7 
   0.002688392825988  2334323212  |0 3 5 7 9  |1 2 3 4 6 
  -0.002688390090219  2422331323  |0 1 2 3 8  |1 4 5 7 9 
  -0.002688383627755  3433221232  |1 4 5 7 9  |0 1 2 3 8 
   0.002688383388221  3224232313  |1 2 3 4 6  |0 3 5 7 9 
  -0.002671049780686  4144212133  |0 2 3 4 6  |0 2 3 8 9 
  -0.002671043459864  4144313122  |0 2 3 8 9  |0 2 3 4 6 
  -0.002671035745203  3441422131  |1 2 4 5 6  |0 1 2 4 8 
  -0.002671032653180  2441433121  |0 1 2 4 8  |1 2 4 5 6 
  -0.002670297779616  3233422231  |1 4 5 6 7  |0 2 3 4 8 
  -0.002670293874107  2322433321  |0 2 3 4 8  |1 4 5 6 7 
  -0.002670284466380  4223212333  |0 1 2 4 6  |0 3 7 8 9 
  -0.002670272614954  4332313222  |0 3 7 8 9  |0 1 2 4 6 
  -0.002663767040370  3232141324  |1 3 5 8 9  |0 2 5 7 9 
  -0.002663764550807  1232342314  |1 3 5 6 9  |2 4 5 7 9 
  -0.002657403747041  4131112444  |0 6 7 8 9  |0 2 7 8 9 
   0.002657403439474  4121113444  |0 2 7 8 9  |0 6 7 8 9 
  -0.002657394585588  1131444421  |4 5 6 7 8  |2 4 5 6 7 
   0.002657394418098  1121444431  |2 4 5 6 7  |4 5 6 7 8 
  -0.002656213882037  1131442441  |4 5 6 7 8  |2 4 5 7 8 
   0.002656206015606  4121114434  |0 2 6 7 9  |0 6 7 8 9 
  -0.002656205936327  4131114424  |0 6 7 8 9  |0 2 6 7 9 
  -0.002653419139248  3341422123  |2 4 5 6 8  |0 1 2 4 9 
  -0.002653418343445  4142223133  |0 2 3 4 5  |0 2 6 8 9 
   0.002653417869130  4143332122  |0 2 6 8 9  |0 2 3 4 5 
   0.002653417353340  2241433132  |0 1 2 4 9  |2 4 5 6 8 
  -0.002647836122051  1324143232  |2 3 5 7 9  |1 3 5 6 8 
   0.002641442264820  2313223423  |0 4 5 7 8  |1 3 6 7 9 
   0.002641438102981  3212332432  |1 3 6 7 9  |0 4 5 7 8 
   0.002641432428876  3212323423  |1 3 5 7 8  |0 4 6 7 9 
   0.002641427526762  2313232432  |0 4 6 7 9  |1 3 5 7 8 
  -0.002639995287232  4434312121  |0 1 3 6 8  |0 1 2 3 4 
  -0.002639989621704  4424213131  |0 1 2 3 4  |0 1 3 6 8 
  -0.002639978073911  2424413131  |0 1 2 3 4  |1 3 4 6 8 
  -0.002639974000791  3434412121  |1 3 4 6 8  |0 1 2 3 4 
   0.002636939040811  4422413113  |0 1 2 3 4  |0 1 4 6 9 
   0.002636937640070  4433412112  |0 1 4 6 9  |0 1 2 3 4 
  -0.002636914150544  4224431131  |0 1 2 3 4  |0 3 4 5 8 
  -0.002636912228999  4334421121  |0 3 4 5 8  |0 1 2 3 4 
  -0.002636731952848  2332433221  |0 3 4 7 8  |1 2 4 5 6 
  -0.002636726745842  4233212233  |0 1 4 6 7  |0 2 3 8 9 
  -0.002636714749613  4322313322  |0 2 3 8 9  |0 1 4 6 7 
  -0.002631444093828  1211434441  |1 4 6 7 8  |4 5 6 7 8 
   0.002631444088334  1311424441  |4 5 6 7 8  |1 4 6 7 8 
   0.002631431734266  4112114443  |0 3 6 7 8  |0 6 7 8 9 
  -0.002631430923652  4113114442  |0 6 7 8 9  |0 3 6 7 8 
   0.002627744174302  1114144324  |3 5 6 8 9  |3 5 6 7 9 
   0.002627741494709  1411143244  |1 5 7 8 9  |1 5 6 8 9 
  -0.002626932370572  4143323122  |0 2 5 8 9  |0 2 3 4 6 
   0.002626932206295  4142232133  |0 2 3 4 6  |0 2 5 8 9 
  -0.002626919045296  2241433123  |0 1 2 4 8  |2 4 5 6 9 
   0.002626917410091  3341422132  |2 4 5 6 9  |0 1 2 4 8 
   0.002619472391210  1442421331  |1 2 3 4 5  |1 2 4 7 8 
   0.002619467414299  1443431221  |1 2 4 7 8  |1 2 3 4 5 
   0.002619461325701  4344112213  |0 2 3 6 7  |0 1 2 3 9 
   0.002619456669999  4244113312  |0 1 2 3 9  |0 2 3 6 7 
   0.002610627383751  2331123244  |0 5 7 8 9  |1 2 6 8 9 
  -0.002610618952963  3221132344  |1 2 6 8 9  |0 5 7 8 9 
  -0.002601428204592  1133244322  |4 5 6 8 9  |2 3 5 6 7 
  -0.002591698796441  1132344223  |3 5 6 7 8  |2 4 5 6 9 
   0.002591690653552  1123244332  |2 4 5 6 9  |3 5 6 7 8 
   0.002591659238833  2321123344  |0 2 5 8 9  |1 6 7 8 9 
  -0.002591650951473  3231132244  |1 6 7 8 9  |0 2 5 8 9 
   0.002591035511751  2312332423  |0 3 6 7 8  |1 4 5 7 9 
   0.002591034899129  2312323432  |0 3 5 7 9  |1 4 6 7 8 
   0.002591030993162  3213223432  |1 4 5 7 9  |0 3 6 7 8 
   0.002591030992012  3213232423  |1 4 6 7 8  |0 3 5 7 9 
   0.002585696938337  2432441131  |0 1 3 4 5  |1 2 4 5 8 
   0.002585691554622  3423441121  |1 2 4 5 8  |0 1 3 4 5 
  -0.002585674061415  4324312114  |0 2 3 6 9  |0 1 3 4 9 
  -0.002585669319259  4234213114  |0 1 3 4 9  |0 2 3 6 9 
   0.002581761568092  3223441231  |1 2 4 5 7  |0 3 4 5 8 
  -0.002581759514696  2332441321  |0 3 4 5 8  |1 2 4 5 7 
  -0.002581754976558  4233212314  |0 1 4 6 9  |0 2 3 7 9 
   0.002581753185318  4322313214  |0 2 3 7 9  |0 1 4 6 9 
   0.002577504653233  2324323312  |0 2 3 5 9  |1 3 4 6 7 
   0.002577494934672  3234232213  |1 3 4 6 7  |0 2 3 5 9 
  -0.002577494754745  2432331223  |0 1 3 7 8  |1 2 4 5 9 
  -0.002577488155023  3423221332  |1 2 4 5 9  |0 1 3 7 8 
  -0.002567815422216  1422341314  |1 2 3 5 9  |1 4 5 7 9 
  -0.002567809427441  1433241214  |1 4 5 7 9  |1 2 3 5 9 
  -0.002567806224685  2334141214  |0 3 5 7 9  |1 2 3 5 9 
  -0.002567800573906  3224141314  |1 2 3 5 9  |0 3 5 7 9 
  -0.002561522773842  4323312223  |0 2 6 7 8  |0 1 3 4 9 
  -0.002561513568878  4232213332  |0 1 3 4 9  |0 2 6 7 8 
  -0.002561502084574  3323432221  |2 4 6 7 8  |0 1 3 4 5 
  -0.002554142034936  1143243232  |2 4 5 7 9  |2 3 5 6 8 
   0.002554123557189  3241132324  |1 2 6 8 9  |0 2 5 7 9 
   0.002548062303508  3443241112  |1 2 4 5 9  |0 1 2 3 5 
  -0.002547532513863  4213312423  |0 1 6 7 8  |0 3 4 7 9 
   0.002547525195496  4312213432  |0 3 4 7 9  |0 1 6 7 8 
   0.002547524984192  3312432421  |3 4 6 7 8  |0 1 4 5 7 
   0.002546571961378  2324332213  |0 2 3 6 7  |1 3 4 5 9 
   0.002546567601585  3234223312  |1 3 4 5 9  |0 2 3 6 7 
  -0.002546555046484  3423231223  |1 2 4 7 8  |0 1 3 5 9 
   0.002540092180760  1141144324  |2 5 6 8 9  |2 5 6 7 9 
   0.002525930266564  4231213342  |0 1 4 8 9  |0 2 6 7 8 
  -0.002525882288691  3123434221  |2 4 6 7 8  |0 3 4 5 6 
   0.002522615277819  4133423221  |0 4 5 7 8  |0 2 3 4 6 
  -0.002522615059943  4122432331  |0 2 3 4 6  |0 4 5 7 8 
   0.002522605954435  4221413323  |0 1 2 4 8  |0 4 6 7 9 
  -0.002522603765536  4331412232  |0 4 6 7 9  |0 1 2 4 8 
   0.002520168552424  2442431113  |0 1 2 3 4  |1 2 4 5 9 
   0.002520165321193  3443421112  |1 2 4 5 9  |0 1 2 3 4 
   0.002520162847041  4344321112  |0 2 3 5 9  |0 1 2 3 4 
   0.002520159840696  4244231113  |0 1 2 3 4  |0 2 3 5 9 
  -0.002515262182270  4322312233  |0 2 3 6 7  |0 1 4 8 9 
  -0.002515253180578  4233213322  |0 1 4 8 9  |0 2 3 6 7 
  -0.002515244591151  3223433221  |1 2 4 7 8  |0 3 4 5 6 
   0.002511906612891  4323312232  |0 2 6 7 9  |0 1 3 4 8 
   0.002511894040483  4232213323  |0 1 3 4 8  |0 2 6 7 9 
   0.002511880959006  2232432331  |0 1 3 4 6  |2 4 5 7 8 
   0.002511873423339  3323423221  |2 4 5 7 8  |0 1 3 4 6 
   0.002504521873133  4243314112  |0 1 2 6 9  |0 2 3 4 6 
   0.002504516099306  4342214113  |0 2 3 4 6  |0 1 2 6 9 
   0.002504507407477  2243431141  |0 1 2 4 8  |2 3 4 5 8 
   0.002504504157844  3342421141  |2 3 4 5 8  |0 1 2 4 8 
   0.002496463012044  4412212333  |0 1 3 4 6  |0 1 7 8 9 
  -0.002496462067240  4413313222  |0 1 7 8 9  |0 1 3 4 6 
  -0.002496455799120  3314422231  |3 4 5 6 7  |0 1 3 4 8 
   0.002496453285919  2214433321  |0 1 3 4 8  |3 4 5 6 7 
  -0.002491689475336  2133424231  |0 4 5 6 7  |2 3 4 6 8 
  -0.002482387631350  1234342312  |1 3 5 6 9  |2 3 4 5 7 
   0.002482363794170  1324243213  |2 3 4 5 7  |1 3 5 6 9 
  -0.002482296314700  3432121324  |1 3 5 8 9  |0 1 2 7 9 
  -0.002470585254520  2313422431  |0 4 5 6 7  |1 3 4 7 8 
   0.002470577440579  3212433421  |1 3 4 7 8  |0 4 5 6 7 
   0.002470566046178  4313213422  |0 4 7 8 9  |0 1 3 6 7 
  -0.002451835486550  1424323213  |1 2 3 5 7  |1 3 4 6 9 
  -0.002451792397508  3424131232  |1 2 3 7 9  |0 1 3 5 8 
   0.002451190063929  4322213332  |0 2 3 4 9  |0 1 6 7 8 
   0.002451171941549  2223423331  |0 1 2 4 5  |3 4 6 7 8 
   0.002451166847165  3332432221  |3 4 6 7 8  |0 1 2 4 5 
   0.002444109537436  4243214113  |0 1 2 4 6  |0 2 3 6 9 
   0.002444103651512  4342314112  |0 2 3 6 9  |0 1 2 4 6 
   0.002444098777241  3243421141  |1 2 4 5 8  |0 2 3 4 8 
   0.002444095916508  2342431141  |0 2 3 4 8  |1 2 4 5 8 
  -0.002442669656291  1442223133  |1 2 3 4 5  |1 2 6 8 9 
   0.002442666942199  1443332122  |1 2 6 8 9  |1 2 3 4 5 
  -0.002442662362722  3344122123  |2 3 5 6 8  |0 1 2 3 9 
   0.002442660407704  2244133132  |0 1 2 3 9  |2 3 5 6 8 
   0.002442331594818  2123443231  |0 2 4 5 7  |3 4 5 6 8 
  -0.002442327790575  3132442321  |3 4 5 6 8  |0 2 4 5 7 
   0.002442325746692  4231312324  |0 1 6 8 9  |0 2 4 7 9 
  -0.002442322996246  4321213234  |0 2 4 7 9  |0 1 6 8 9 
   0.002441528508326  4344221113  |0 2 3 4 5  |0 1 2 3 9 
   0.002441524634077  4244331112  |0 1 2 3 9  |0 2 3 4 5 
   0.002441503327970  3442421113  |1 2 3 4 5  |0 1 2 4 9 
   0.002441498188502  2443431112  |0 1 2 4 9  |1 2 3 4 5 
  -0.002439808135389  4222313233  |0 1 2 3 7  |0 4 6 8 9 
  -0.002439803177500  2333422321  |0 4 5 6 8  |1 2 3 4 7 
  -0.002439799437576  4333212322  |0 4 6 8 9  |0 1 2 3 7 
  -0.002439794365024  3222433231  |1 2 3 4 7  |0 4 5 6 8 
  -0.002439139181985  1414241233  |1 3 4 5 7  |1 3 5 8 9 
  -0.002439133836430  3414122314  |1 3 5 6 9  |0 1 3 7 9 
  -0.002439131101654  2414133214  |0 1 3 7 9  |1 3 5 6 9 
  -0.002439130947364  1414341322  |1 3 5 8 9  |1 3 4 5 7 
   0.002434066392548  4333213222  |0 4 7 8 9  |0 1 2 3 6 
   0.002434049642160  2333422231  |0 4 5 6 7  |1 2 3 4 8 
   0.002434044733587  3222433321  |1 2 3 4 8  |0 4 5 6 7 
   0.002428559204895  4231312243  |0 1 6 7 8  |0 2 4 8 9 
   0.002428483103579  3132434221  |3 4 6 7 8  |0 2 4 5 6 
   0.002428005943361  1114144432  |3 5 6 7 9  |3 5 6 7 8 
   0.002427999190642  1411123444  |1 5 7 8 9  |1 6 7 8 9 
   0.002423584979487  4144212313  |0 2 3 4 6  |0 2 3 7 9 
   0.002423568081425  4144313212  |0 2 3 7 9  |0 2 3 4 6 
   0.002423545777727  3441421231  |1 2 4 5 7  |0 1 2 4 8 
   0.002423540590274  2441431321  |0 1 2 4 8  |1 2 4 5 7 
   0.002421875193764  1444321123  |1 2 3 5 8  |1 2 3 4 9 
   0.002421869804334  1444231132  |1 2 3 4 9  |1 2 3 5 8 
  -0.002421859432254  2444123113  |0 1 2 3 5  |1 2 3 6 9 
  -0.002421854827913  3444132112  |1 2 3 6 9  |0 1 2 3 5 
  -0.002421755416511  4132432231  |0 3 4 6 7  |0 2 4 5 8 
   0.002421755228208  4123423321  |0 2 4 5 8  |0 3 4 6 7 
   0.002421739035506  4231413223  |0 1 4 7 8  |0 2 4 6 9 
  -0.002421737100356  4321412332  |0 2 4 6 9  |0 1 4 7 8 
  -0.002414971739179  2343441121  |0 2 4 5 8  |1 2 3 4 5 
  -0.002414956549457  3242441131  |1 2 3 4 5  |0 2 4 5 8 
   0.002414955996331  4242313114  |0 1 2 3 9  |0 2 4 6 9 
   0.002414946186209  4343212114  |0 2 4 6 9  |0 1 2 3 9 
   0.002411686987180  1423441123  |1 2 4 5 8  |1 3 4 5 9 
   0.002411685640860  1432441132  |1 3 4 5 9  |1 2 4 5 8 
  -0.002411658498136  4324132114  |0 2 3 6 9  |0 1 3 5 9 
  -0.002410568314352  1234342114  |1 3 5 6 9  |2 3 4 5 9 
  -0.002410368927588  1443323122  |1 2 5 8 9  |1 2 3 4 6 
  -0.002410367589526  2244133123  |0 1 2 3 8  |2 3 5 6 9 
   0.002410366732220  1442232133  |1 2 3 4 6  |1 2 5 8 9 
   0.002410365803492  3344122132  |2 3 5 6 9  |0 1 2 3 8 
   0.002409411678492  3143242132  |2 4 5 6 9  |0 2 3 5 8 
   0.002409389126398  3241232134  |1 2 4 6 9  |0 2 5 8 9 
   0.002406028454091  4432412113  |0 1 3 4 6  |0 1 2 4 9 
   0.002406024355693  4423413112  |0 1 2 4 9  |0 1 3 4 6 
  -0.002405999260789  4324421131  |0 2 3 4 5  |0 1 3 4 8 
  -0.002405995458868  4234431121  |0 1 3 4 8  |0 2 3 4 5 
  -0.002398636921932  4223313223  |0 1 2 7 8  |0 3 4 6 9 
  -0.002398628051483  4332212332  |0 3 4 6 9  |0 1 2 7 8 
  -0.002398627047086  2233423321  |0 1 4 5 8  |2 3 4 6 7 
  -0.002398618246195  3322432231  |2 3 4 6 7  |0 1 4 5 8 
   0.002396647169203  4223313232  |0 1 2 7 9  |0 3 4 6 8 
   0.002396635045435  4332212323  |0 3 4 6 8  |0 1 2 7 9 
   0.002396627717796  2233432321  |0 1 4 6 8  |2 3 4 5 7 
   0.002396620494891  3322423231  |2 3 4 5 7  |0 1 4 6 8 
  -0.002395224906924  4122314314  |0 2 3 6 9  |0 4 6 7 9 
  -0.002395219426824  4133214214  |0 4 6 7 9  |0 2 3 6 9 
  -0.002395206907949  2331441241  |0 4 5 7 8  |1 2 4 5 8 
  -0.002395201757355  3221441341  |1 2 4 5 8  |0 4 5 7 8 
  -0.002394322873018  4221313243  |0 1 2 7 8  |0 4 6 8 9 
   0.002394313168440  4331212342  |0 4 6 8 9  |0 1 2 7 8 
   0.002394273379385  2133424321  |0 4 5 6 8  |2 3 4 6 7 
  -0.002394264385759  3122434231  |2 3 4 6 7  |0 4 5 6 8 
  -0.002385053710660  2444311123  |0 1 2 3 8  |1 2 3 4 9 
  -0.002385046398429  3444211132  |1 2 3 4 9  |0 1 2 3 8 
   0.002385037301931  2444323111  |0 1 2 3 5  |1 2 3 4 6 
   0.002385027904579  3444232111  |1 2 3 4 6  |0 1 2 3 5 
  -0.002383292018263  4244321131  |0 1 2 3 5  |0 2 3 4 8 
  -0.002383284149329  4344231121  |0 2 3 4 8  |0 1 2 3 5 
   0.002383270482625  2443412113  |0 1 2 4 6  |1 2 3 4 9 
   0.002383262453675  3442413112  |1 2 3 4 9  |0 1 2 4 6 
  -0.002377013323864  1123344232  |2 5 6 7 9  |3 4 5 6 8 
   0.002376978835405  2231132344  |0 1 6 8 9  |2 5 7 8 9 
  -0.002376974617322  3321123244  |2 5 7 8 9  |0 1 6 8 9 
  -0.002375830652930  2342441131  |0 2 3 4 5  |1 2 4 5 8 
   0.002375827531915  4342312114  |0 2 3 6 9  |0 1 2 4 9 
   0.002375817754812  4243213114  |0 1 2 4 9  |0 2 3 6 9 
  -0.002375815397588  3243441121  |1 2 4 5 8  |0 2 3 4 5 
   0.002373438445673  1242443113  |1 2 3 4 5  |2 4 5 6 9 
   0.002373434964499  1343442112  |2 4 5 6 9  |1 2 3 4 5 
  -0.002373426213718  4343121124  |0 2 5 8 9  |0 1 2 3 9 
  -0.002373424288410  4242131134  |0 1 2 3 9  |0 2 5 8 9 
   0.002364172625932  1322444131  |2 3 4 5 6  |1 4 5 6 8 
  -0.002364162163591  4223113144  |0 1 2 8 9  |0 3 6 8 9 
  -0.002364157745774  4332112144  |0 3 6 8 9  |0 1 2 8 9 
   0.002362976533334  3142342123  |2 3 5 6 8  |0 2 4 5 9 
  -0.002362974137642  2143243132  |0 2 4 5 9  |2 3 5 6 8 
  -0.002362960320195  3241332124  |1 2 6 8 9  |0 2 4 5 9 
   0.002362069937180  1433423221  |1 4 5 7 8  |1 2 3 4 6 
  -0.002362066781095  1422432331  |1 2 3 4 6  |1 4 5 7 8 
   0.002362058740640  4224113323  |0 1 2 3 8  |0 3 6 7 9 
  -0.002362057303862  4334112232  |0 3 6 7 9  |0 1 2 3 8 
   0.002361710442782  1443421321  |1 2 4 5 8  |1 2 3 4 7 
   0.002361705660149  1442431231  |1 2 3 4 7  |1 2 4 5 8 
   0.002361695219897  4244113213  |0 1 2 3 7  |0 2 3 6 9 
   0.002361691206756  4344112312  |0 2 3 6 9  |0 1 2 3 7 
   0.002354132928604  1422423331  |1 2 3 4 5  |1 4 6 7 8 
  -0.002354129281569  1433432221  |1 4 6 7 8  |1 2 3 4 5 
   0.002354122261647  4334112223  |0 3 6 7 8  |0 1 2 3 9 
  -0.002354120273296  4224113332  |0 1 2 3 9  |0 3 6 7 8 
   0.002353653822917  4233114124  |0 1 6 8 9  |0 2 3 6 9 
   0.002353647626332  4322114134  |0 2 3 6 9  |0 1 6 8 9 
  -0.002353635386607  1223443141  |1 2 4 5 8  |3 4 5 6 8 
  -0.002353631111812  1332442141  |3 4 5 6 8  |1 2 4 5 8 
   0.002348965236667  2311141444  |0 5 7 8 9  |1 5 7 8 9 
  -0.002348963524592  1113244414  |4 5 6 7 9  |3 5 6 7 9 
  -0.002340069888021  4142323132  |0 2 3 5 9  |0 2 4 6 8 
   0.002340069850379  4143232123  |0 2 4 6 8  |0 2 3 5 9 
  -0.002340069806355  2341432123  |0 2 4 6 8  |1 2 4 5 9 
   0.002340068405181  3241423132  |1 2 4 5 9  |0 2 4 6 8 
   0.002339597918437  4142212333  |0 2 3 4 6  |0 2 7 8 9 
  -0.002339594591881  4143313222  |0 2 7 8 9  |0 2 3 4 6 
  -0.002339593433440  3341422231  |2 4 5 6 7  |0 1 2 4 8 
   0.002339591819709  2241433321  |0 1 2 4 8  |2 4 5 6 7 
  -0.002338781825020  1442423131  |1 2 3 4 5  |1 2 4 6 8 
  -0.002338771771646  4344112123  |0 2 3 6 8  |0 1 2 3 9 
  -0.002338766074262  1443432121  |1 2 4 6 8  |1 2 3 4 5 
  -0.002338762226759  4244113132  |0 1 2 3 9  |0 2 3 6 8 
  -0.002337758884256  1232344123  |1 3 5 6 8  |2 4 5 6 9 
   0.002337746362637  2323123144  |0 2 5 8 9  |1 3 6 8 9 
  -0.002337742822932  3232132144  |1 3 6 8 9  |0 2 5 8 9 
  -0.002335444943425  2223432331  |0 1 2 4 6  |3 4 5 7 8 
  -0.002335441918749  3332423221  |3 4 5 7 8  |0 1 2 4 6 
  -0.002335436539739  4233312232  |0 1 6 7 9  |0 2 3 4 8 
  -0.002335425158296  4322213323  |0 2 3 4 8  |0 1 6 7 9 
   0.002328407565984  2332423141  |0 3 4 5 8  |1 2 4 6 8 
  -0.002328387972100  4322314123  |0 2 3 6 8  |0 1 4 6 9 
   0.002328386678155  4233214132  |0 1 4 6 9  |0 2 3 6 8 
   0.002325971744206  1434141223  |1 3 5 7 8  |1 2 3 5 9 
   0.002325965669803  1424141332  |1 2 3 5 9  |1 3 5 7 8 
  -0.002325957599723  1424123314  |1 2 3 5 9  |1 3 6 7 9 
  -0.002325952011551  1434132214  |1 3 6 7 9  |1 2 3 5 9 
   0.002323530205803  3344241112  |2 3 4 5 9  |0 1 2 3 5 
   0.002323497011276  3442231114  |1 2 3 4 9  |0 1 2 5 9 
   0.002321581755439  2213432431  |0 1 4 6 7  |3 4 5 7 8 
  -0.002321575568169  3312423421  |3 4 5 7 8  |0 1 4 6 7 
  -0.002321569461316  4312213423  |0 3 4 7 8  |0 1 6 7 9 
  -0.002318042246382  4143223123  |0 2 4 5 8  |0 2 3 6 9 
   0.002318041718634  4142332132  |0 2 3 6 9  |0 2 4 5 8 
  -0.002318030075808  3241423123  |1 2 4 5 8  |0 2 4 6 9 
   0.002318028469380  2341432132  |0 2 4 6 9  |1 2 4 5 8 
  -0.002314619933737  4323213142  |0 2 4 8 9  |0 1 3 6 8 
  -0.002314589671361  2323424131  |0 2 4 5 6  |1 3 4 6 8 
   0.002314559403283  4413312322  |0 1 6 8 9  |0 1 3 4 7 
  -0.002314558306239  4412213233  |0 1 3 4 7  |0 1 6 8 9 
  -0.002314552155722  2214433231  |0 1 3 4 7  |3 4 5 6 8 
   0.002314549856417  3314422321  |3 4 5 6 8  |0 1 3 4 7 
  -0.002313178232287  2342241133  |0 2 3 4 5  |1 2 5 8 9 
   0.002313175104161  3243341122  |1 2 5 8 9  |0 2 3 4 5 
   0.002313173835578  3342322114  |2 3 5 6 9  |0 1 2 4 9 
  -0.002313171110655  2243233114  |0 1 2 4 9  |2 3 5 6 9 
   0.002307966422010  2313423421  |0 4 5 7 8  |1 3 4 6 7 
   0.002307965612889  4212313423  |0 1 3 7 8  |0 4 6 7 9 
  -0.002307951889950  4313212432  |0 4 6 7 9  |0 1 3 7 8 
  -0.002307945582347  3212432431  |1 3 4 6 7  |0 4 5 7 8 
  -0.002294671663518  2344323112  |0 2 3 5 9  |1 2 3 4 6 
   0.002294668644446  2442331123  |0 1 2 3 8  |1 2 4 5 9 
  -0.002294650387545  3443221132  |1 2 4 5 9  |0 1 2 3 8 
   0.002294622836996  3244232113  |1 2 3 4 6  |0 2 3 5 9 
  -0.002294413108212  1142442331  |2 3 4 5 6  |2 4 5 7 8 
  -0.002294406180081  1143443221  |2 4 5 7 8  |2 3 4 5 6 
   0.002294397073222  4341112234  |0 2 6 7 9  |0 1 2 8 9 
   0.002294392408828  4241113324  |0 1 2 8 9  |0 2 6 7 9 
  -0.002294177923223  4114214233  |0 3 4 6 7  |0 3 6 8 9 
  -0.002294170109728  4114314322  |0 3 6 8 9  |0 3 4 6 7 
  -0.002294165083889  3411422341  |1 4 5 6 8  |0 1 4 7 8 
  -0.002294162321831  2411433241  |0 1 4 7 8  |1 4 5 6 8 
   0.002292845072504  2322441331  |0 2 3 4 5  |1 4 5 7 8 
  -0.002292841165431  3233441221  |1 4 5 7 8  |0 2 3 4 5 
  -0.002292839000176  4332312214  |0 3 6 7 9  |0 1 2 4 9 
   0.002292836633754  4223213314  |0 1 2 4 9  |0 3 6 7 9 
   0.002285525205492  2342423113  |0 2 3 4 5  |1 2 4 6 9 
  -0.002285507215470  3243432112  |1 2 4 6 9  |0 2 3 4 5 
  -0.002285497674439  4342321123  |0 2 3 5 8  |0 1 2 4 9 
   0.002285486683204  4243231132  |0 1 2 4 9  |0 2 3 5 8 
  -0.002280448454908  4234214113  |0 1 3 4 6  |0 2 3 6 9 
  -0.002280433034768  4324314112  |0 2 3 6 9  |0 1 3 4 6 
  -0.002280423274755  3324441121  |2 3 4 5 8  |0 1 3 4 5 
   0.002280416732541  4432213114  |0 1 3 4 9  |0 1 2 6 9 
  -0.002280402340623  3423421141  |1 2 4 5 8  |0 1 3 4 8 
  -0.002280397705166  2432431141  |0 1 3 4 8  |1 2 4 5 8 
   0.002277809266633  4132423231  |0 3 4 5 7  |0 2 4 6 8 
  -0.002277808914152  4123432321  |0 2 4 6 8  |0 3 4 5 7 
   0.002277798591402  4321412323  |0 2 4 6 8  |0 1 4 7 9 
  -0.002277796380334  4231413232  |0 1 4 7 9  |0 2 4 6 8 
   0.002274328660620  4143312322  |0 2 6 8 9  |0 2 3 4 7 
  -0.002274326279233  4142213233  |0 2 3 4 7  |0 2 6 8 9 
  -0.002274318064349  2241433231  |0 1 2 4 7  |2 4 5 6 8 
   0.002274316928077  3341422321  |2 4 5 6 8  |0 1 2 4 7 
  -0.002272724804758  2233432231  |0 1 4 6 7  |2 3 4 5 8 
  -0.002272721965651  3322423321  |2 3 4 5 8  |0 1 4 6 7 
  -0.002272720335423  4223312332  |0 1 2 6 9  |0 3 4 7 8 
  -0.002272708977502  4332213223  |0 3 4 7 8  |0 1 2 6 9 
   0.002262262048230  4232312413  |0 1 3 6 7  |0 2 4 7 9 
   0.002262246175586  3232431421  |1 3 4 7 8  |0 2 4 5 7 
   0.002258495889544  1323424231  |2 4 5 6 7  |1 3 4 6 8 
  -0.002258492403951  1232434321  |1 3 4 6 8  |2 4 5 6 7 
  -0.002258485448928  4232112343  |0 1 3 6 8  |0 2 7 8 9 
  -0.002254922487402  4414114114  |0 1 3 6 9  |0 1 3 6 9 
   0.002253727436991  2343121144  |0 2 5 8 9  |1 2 3 8 9 
   0.002253723973579  3242131144  |1 2 3 8 9  |0 2 5 8 9 
  -0.002246138151336  1433142124  |1 5 6 8 9  |1 2 3 5 9 
  -0.002246137109328  1422143134  |1 2 3 5 9  |1 5 6 8 9 
  -0.002246128632932  1334142124  |3 5 6 8 9  |1 2 3 5 9 
   0.002245191539536  2242333114  |0 1 2 3 9  |2 4 5 6 9 
  -0.002245190717509  2343341122  |0 2 5 8 9  |1 2 3 4 5 
  -0.002245188996277  3343222114  |2 4 5 6 9  |0 1 2 3 9 
   0.002245187893806  3242241133  |1 2 3 4 5  |0 2 5 8 9 
  -0.002236945623759  3123442231  |2 4 5 6 7  |0 3 4 5 8 
   0.002236941741914  2132443321  |0 3 4 5 8  |2 4 5 6 7 
  -0.002236931328307  4231212334  |0 1 4 6 9  |0 2 7 8 9 
   0.002236160977809  1423341412  |1 2 5 7 9  |1 3 4 5 7 
   0.002236154055781  1432241413  |1 3 4 5 7  |1 2 5 7 9 
   0.002236145998442  2234131414  |0 1 3 7 9  |2 3 5 7 9 
   0.002236143258162  3324121414  |2 3 5 7 9  |0 1 3 7 9 
   0.002231890657252  1321443223  |2 4 5 7 8  |1 4 5 6 9 
  -0.002229997250306  4142112334  |0 2 3 6 9  |0 2 7 8 9 
   0.002229982975241  1341442231  |2 4 5 6 7  |1 2 4 5 8 
   0.002229978626509  1241443321  |1 2 4 5 8  |2 4 5 6 7 
   0.002224786842540  4412312332  |0 1 3 6 9  |0 1 4 7 8 
  -0.002224786158153  4413213223  |0 1 4 7 8  |0 1 3 6 9 
  -0.002224775285070  2314432231  |0 3 4 6 7  |1 3 4 5 8 
   0.002224773302248  3214423321  |1 3 4 5 8  |0 3 4 6 7 
  -0.002222560596394  3441132124  |1 2 6 8 9  |0 1 2 5 9 
   0.002218102708991  2444213113  |0 1 2 3 4  |1 2 3 6 9 
   0.002218101284139  3444312112  |1 2 3 6 9  |0 1 2 3 4 
  -0.002218083469638  3444321121  |1 2 3 5 8  |0 1 2 3 4 
  -0.002218078939155  2444231131  |0 1 2 3 4  |1 2 3 5 8 
   0.002214949107603  1342442113  |2 3 4 5 6  |1 2 4 5 9 
   0.002214945830263  1243443112  |1 2 4 5 9  |2 3 4 5 6 
  -0.002214934329853  4342121134  |0 2 3 5 9  |0 1 2 8 9 
  -0.002214932650150  4243131124  |0 1 2 8 9  |0 2 3 5 9 
  -0.002207025317193  4144312132  |0 2 3 6 9  |0 2 3 4 8 
  -0.002207019615754  4144213123  |0 2 3 4 8  |0 2 3 6 9 
  -0.002206996398444  2441432131  |0 1 2 4 6  |1 2 4 5 8 
  -0.002206993923379  3441423121  |1 2 4 5 8  |0 1 2 4 6 
   0.002206251372823  1434342112  |1 3 5 6 9  |1 2 3 4 5 
   0.002206249333144  1424243113  |1 2 3 4 5  |1 3 5 6 9 
  -0.002206213932386  2424131134  |0 1 2 3 9  |1 3 5 8 9 
  -0.002206212394359  3434121124  |1 3 5 8 9  |0 1 2 3 9 
  -0.002197645401081  1444321114  |1 2 3 5 9  |1 2 3 4 9 
  -0.002197642936487  2444141113  |0 1 2 3 5  |1 2 3 5 9 
   0.002197642821635  1444231114  |1 2 3 4 9  |1 2 3 5 9 
   0.002197640418366  3444141112  |1 2 3 5 9  |0 1 2 3 5 
   0.002192682909366  2333441221  |0 4 5 7 8  |1 2 3 4 5 
  -0.002192678751475  3222441331  |1 2 3 4 5  |0 4 5 7 8 
  -0.002192675446107  4222313314  |0 1 2 3 9  |0 4 6 7 9 
   0.002192672875084  4333212214  |0 4 6 7 9  |0 1 2 3 9 
   0.002190275012383  1243234132  |1 2 4 6 9  |2 3 5 6 8 
   0.002190238907671  2342123143  |0 2 3 5 8  |1 2 6 8 9 
  -0.002190236327255  3243132142  |1 2 6 8 9  |0 2 3 5 8 
   0.002189740127448  4123414123  |0 2 4 6 8  |0 3 4 6 9 
   0.002189739119524  4132414132  |0 3 4 6 9  |0 2 4 6 8 
  -0.002189727447932  4231423141  |0 1 4 5 8  |0 2 4 6 8 
  -0.002189726066087  4321432141  |0 2 4 6 8  |0 1 4 5 8 
  -0.002187951861989  1441441114  |1 2 4 5 9  |1 2 4 5 9 
  -0.002186269025471  1122444313  |2 3 4 5 6  |4 5 6 7 9 
  -0.002186241884092  4331121244  |0 5 7 8 9  |0 1 2 8 9 
  -0.002186240584451  4221131344  |0 1 2 8 9  |0 5 7 8 9 
  -0.002185956757538  1243441213  |1 2 4 5 7  |2 3 4 5 9 
  -0.002185950676084  1342441312  |2 3 4 5 9  |1 2 4 5 7 
   0.002185938770221  3323241232  |2 4 5 7 9  |0 1 3 5 8 
  -0.002185935685859  3232232314  |1 3 4 6 9  |0 2 5 7 9 
   0.002173230954663  2243441311  |0 1 2 4 5  |2 3 4 5 7 
  -0.002173220523098  4243311214  |0 1 2 7 9  |0 2 3 4 9 
  -0.002173214867108  4342211314  |0 2 3 4 9  |0 1 2 7 9 
   0.002169842851620  1342243114  |2 3 4 5 9  |1 2 5 6 9 
  -0.002169260055112  1443223123  |1 2 4 5 8  |1 2 3 6 9 
   0.002169257513279  1442332132  |1 2 3 6 9  |1 2 4 5 8 
  -0.002169239675297  3244123123  |1 2 3 5 8  |0 2 3 6 9 
   0.002169237868258  2344132132  |0 2 3 6 9  |1 2 3 5 8 
  -0.002162418700894  1441441411  |1 2 4 5 7  |1 2 4 5 7 
  -0.002162411598521  4144111414  |0 2 3 7 9  |0 2 3 7 9 
   0.002140234149815  3211432432  |1 4 6 7 9  |0 4 5 7 8 
  -0.002135302934012  1432341214  |1 3 5 7 9  |1 2 4 5 9 
  -0.002135297477264  1423241314  |1 2 4 5 9  |1 3 5 7 9 
  -0.002135294916000  2324141314  |0 2 3 5 9  |1 3 5 7 9 
  -0.002135289302204  3234141214  |1 3 5 7 9  |0 2 3 5 9 
   0.002134923721790  1242334123  |1 2 3 6 8  |2 4 5 6 9 
  -0.002134902639648  2343123142  |0 2 5 8 9  |1 2 3 6 8 
   0.002122727935385  4134114223  |0 3 6 7 8  |0 2 3 6 9 
   0.002122722417532  4124114332  |0 2 3 6 9  |0 3 6 7 8 
  -0.002122717835594  1421423341  |1 2 4 5 8  |1 4 6 7 8 
  -0.002122712839637  1431432241  |1 4 6 7 8  |1 2 4 5 8 
   0.002118144381892  4424411131  |0 1 2 3 4  |0 1 3 4 8 
  -0.002118047843974  4434411121  |0 1 3 4 8  |0 1 2 3 4 
  -0.002117984062136  4434412111  |0 1 3 4 6  |0 1 2 3 4 
   0.002117913217436  4424413111  |0 1 2 3 4  |0 1 3 4 6 
   0.002117405995383  4423112314  |0 1 2 6 9  |0 1 3 7 9 
   0.002117404236007  4432113214  |0 1 3 7 9  |0 1 2 6 9 
  -0.002117401337843  1234441231  |1 3 4 5 7  |2 3 4 5 8 
  -0.002117400223671  1324441321  |2 3 4 5 8  |1 3 4 5 7 
  -0.002113686740433  2444331121  |0 1 2 3 8  |1 2 3 4 5 
  -0.002113684403883  3444221131  |1 2 3 4 5  |0 1 2 3 8 
   0.002113683514405  2444313112  |0 1 2 3 9  |1 2 3 4 6 
   0.002113683038101  3444212113  |1 2 3 4 6  |0 1 2 3 9 
  -0.002108155923139  4441111414  |0 1 2 7 9  |0 1 2 7 9 
  -0.002108148037713  1144441411  |2 3 4 5 7  |2 3 4 5 7 
  -0.002107826766237  4342411213  |0 2 3 4 7  |0 1 2 4 9 
  -0.002107825289471  4243411312  |0 1 2 4 9  |0 2 3 4 7 
   0.002107788485849  4243431211  |0 1 2 4 7  |0 2 3 4 5 
   0.002107786617765  4342421311  |0 2 3 4 5  |0 1 2 4 7 
   0.002106553509944  1432423231  |1 3 4 5 7  |1 2 4 6 8 
  -0.002106550172369  1423432321  |1 2 4 6 8  |1 3 4 5 7 
   0.002106542779398  4324112323  |0 2 3 6 8  |0 1 3 7 9 
  -0.002106541341415  4234113232  |0 1 3 7 9  |0 2 3 6 8 
  -0.002103280027834  1424433121  |1 2 3 4 8  |1 3 4 5 6 
  -0.002103267462497  4434113122  |0 1 3 8 9  |0 1 2 3 6 
  -0.002103087656324  4114414141  |0 3 4 6 8  |0 3 4 6 8 
  -0.002103068895454  4411414141  |0 1 4 6 8  |0 1 4 6 8 
   0.002102892070275  4344311221  |0 2 3 7 8  |0 1 2 3 4 
   0.002102890936413  4244211331  |0 1 2 3 4  |0 2 3 7 8 
   0.002102864737144  3443412211  |1 2 4 6 7  |0 1 2 3 4 
   0.002102862409623  2442413311  |0 1 2 3 4  |1 2 4 6 7 
   0.002098941097486  4123314412  |0 2 6 7 9  |0 3 4 6 7 
   0.002098934738504  4132214413  |0 3 4 6 7  |0 2 6 7 9 
   0.002098925734598  2231431441  |0 1 4 7 8  |2 4 5 7 8 
   0.002098923036774  3321421441  |2 4 5 7 8  |0 1 4 7 8 
  -0.002098635519554  2344132123  |0 2 3 6 8  |1 2 3 5 9 
  -0.002098635089308  1442323132  |1 2 3 5 9  |1 2 4 6 8 
   0.002098633810961  3244123132  |1 2 3 5 9  |0 2 3 6 8 
   0.002098632805230  1443232123  |1 2 4 6 8  |1 2 3 5 9 
  -0.002095384138721  1442341231  |1 2 3 5 7  |1 2 4 5 8 
  -0.002095383607081  1443241321  |1 2 4 5 8  |1 2 3 5 7 
  -0.002095371769741  2344112314  |0 2 3 6 9  |1 2 3 7 9 
  -0.002092069282123  4332414112  |0 3 4 6 9  |0 1 2 4 6 
   0.002092059493129  3323422141  |2 4 5 6 8  |0 1 3 4 8 
  -0.002092057648985  4232214133  |0 1 3 4 6  |0 2 6 8 9 
  -0.002092057583990  2232433141  |0 1 3 4 8  |2 4 5 6 8 
   0.002092054499090  4323314122  |0 2 6 8 9  |0 1 3 4 6 
   0.002088877369728  1343142214  |2 5 6 7 9  |1 2 3 5 9 
   0.002088875011445  1242143314  |1 2 3 5 9  |2 5 6 7 9 
  -0.002087029812266  2441141134  |0 1 2 5 9  |1 2 5 8 9 
  -0.002080923462657  4141414114  |0 2 4 6 9  |0 2 4 6 9 
  -0.002080892134507  4141441141  |0 2 4 5 8  |0 2 4 5 8 
   0.002080321665068  4112332423  |0 3 6 7 8  |0 4 5 7 9 
   0.002080312907967  1413232432  |1 4 6 7 9  |1 3 5 7 8 
   0.002075242012802  3442321213  |1 2 3 5 7  |0 1 2 4 9 
   0.002075235652501  3244331212  |1 2 3 7 9  |0 2 3 4 5 
  -0.002075234727506  2443231312  |0 1 2 4 9  |1 2 3 5 7 
  -0.002074635772112  1244241313  |1 2 3 4 5  |2 3 5 7 9 
  -0.002074633274592  1344341212  |2 3 5 7 9  |1 2 3 4 5 
   0.002074593343160  3443121214  |1 2 5 7 9  |0 1 2 3 9 
   0.002074590658141  2442131314  |0 1 2 3 9  |1 2 5 7 9 
   0.002073950174914  4413212323  |0 1 4 6 8  |0 1 3 7 9 
  -0.002073948662857  4412313232  |0 1 3 7 9  |0 1 4 6 8 
  -0.002073940082267  3214423231  |1 3 4 5 7  |0 3 4 6 8 
   0.002073937828111  2314432321  |0 3 4 6 8  |1 3 4 5 7 
   0.002073222137580  2324223133  |0 2 3 4 5  |1 3 6 8 9 
   0.002073216748139  3234332122  |1 3 6 8 9  |0 2 3 4 5 
   0.002073211390940  3432322123  |1 3 5 6 8  |0 1 2 4 9 
   0.002073205598317  2423233132  |0 1 2 4 9  |1 3 5 6 8 
   0.002071484693551  4132312423  |0 3 6 7 8  |0 2 4 7 9 
  -0.002071454775766  3231432421  |1 4 6 7 8  |0 2 4 5 7 
  -0.002070679602754  4124323213  |0 2 3 5 7  |0 3 4 6 9 
   0.002070675073948  4134232312  |0 3 4 6 9  |0 2 3 5 7 
   0.002070651721550  2431421323  |0 1 4 5 8  |1 2 4 7 9 
  -0.002070645559092  3421431232  |1 2 4 7 9  |0 1 4 5 8 
  -0.002067185732846  3343221232  |2 4 5 7 9  |0 1 2 3 8 
  -0.002067170938249  2343323212  |0 2 5 7 9  |1 2 3 4 6 
  -0.002067165822557  3242232313  |1 2 3 4 6  |0 2 5 7 9 
   0.002064595584428  1244432311  |1 2 3 4 6  |2 3 4 5 7 
   0.002064591849972  1344423211  |2 3 4 5 7  |1 2 3 4 6 
   0.002064579328205  4443111232  |0 1 2 7 9  |0 1 2 3 8 
   0.002064575415107  4442111323  |0 1 2 3 8  |0 1 2 7 9 
  -0.002064097804507  1344342121  |2 3 5 6 8  |1 2 3 4 5 
  -0.002064094842792  1244243131  |1 2 3 4 5  |2 3 5 6 8 
  -0.002064081488362  2442113134  |0 1 2 3 9  |1 2 6 8 9 
  -0.002064080835430  3443112124  |1 2 6 8 9  |0 1 2 3 9 
   0.002062856711459  4143212323  |0 2 4 6 8  |0 2 3 7 9 
  -0.002062854083784  4142313232  |0 2 3 7 9  |0 2 4 6 8 
  -0.002062848966644  3241423231  |1 2 4 5 7  |0 2 4 6 8 
   0.002062847577432  2341432321  |0 2 4 6 8  |1 2 4 5 7 
   0.002057878886635  1423442311  |1 2 4 5 6  |1 3 4 5 7 
  -0.002057876919984  4234111234  |0 1 3 7 9  |0 2 3 8 9 
  -0.002057875995562  4324111324  |0 2 3 8 9  |0 1 3 7 9 
   0.002045257066667  2241131344  |0 1 2 8 9  |2 5 7 8 9 
  -0.002043791659190  2444121133  |0 1 2 3 5  |1 2 3 8 9 
  -0.002043785730177  3444131122  |1 2 3 8 9  |0 1 2 3 5 
  -0.002040844599000  2444312131  |0 1 2 3 6  |1 2 3 4 8 
  -0.002040837466405  3444213121  |1 2 3 4 8  |0 1 2 3 6 
  -0.002036939975203  2343241123  |0 2 4 5 8  |1 2 3 5 9 
   0.002036936855206  3242341132  |1 2 3 5 9  |0 2 4 5 8 
   0.002036919876474  3242323114  |1 2 3 5 9  |0 2 4 6 9 
  -0.002036917276459  2343232114  |0 2 4 6 9  |1 2 3 5 9 
  -0.002032146090491  4233311422  |0 1 7 8 9  |0 2 3 4 7 
   0.002032145226949  4322211433  |0 2 3 4 7  |0 1 7 8 9 
   0.002032141348618  2223433411  |0 1 2 4 7  |3 4 5 6 7 
  -0.002032138761896  3332422411  |3 4 5 6 7  |0 1 2 4 7 
  -0.002032064293449  1442321323  |1 2 3 5 8  |1 2 4 7 9 
   0.002032053342466  1112344441  |3 5 6 7 8  |4 5 6 7 8 
   0.002032052362436  3244132312  |1 2 3 6 9  |0 2 3 5 7 
   0.002032043620272  2311114444  |0 6 7 8 9  |1 6 7 8 9 
  -0.002028103830046  4213214332  |0 1 4 6 9  |0 3 6 7 8 
  -0.002028084872966  3213432241  |1 4 6 7 8  |0 3 4 5 8 
   0.002027139271142  1423423321  |1 2 4 5 8  |1 3 4 6 7 
  -0.002027135620209  1432432231  |1 3 4 6 7  |1 2 4 5 8 
   0.002027123358724  4234113223  |0 1 3 7 8  |0 2 3 6 9 
  -0.002027121621955  4324112332  |0 2 3 6 9  |0 1 3 7 8 
  -0.002026504779200  4212314323  |0 1 3 6 8  |0 4 6 7 9 
  -0.002026480234149  2313423241  |0 4 5 7 8  |1 3 4 6 8 
   0.002026479001843  3212432341  |1 3 4 6 8  |0 4 5 7 8 
   0.002024335415713  1434242113  |1 3 4 5 6  |1 2 3 5 9 
   0.002024333062238  1424343112  |1 2 3 5 9  |1 3 4 5 6 
  -0.002024275696087  3424121134  |1 2 3 5 9  |0 1 3 8 9 
  -0.002024273436408  2434131124  |0 1 3 8 9  |1 2 3 5 9 
   0.002021873940946  2333414221  |0 4 6 7 8  |1 2 3 4 6 
  -0.002021873863519  3222414331  |1 2 3 4 6  |0 4 6 7 8 
  -0.002021866376883  4222313341  |0 1 2 3 8  |0 4 6 7 8 
   0.002021864355111  4333212241  |0 4 6 7 8  |0 1 2 3 8 
  -0.002019099198965  2434112134  |0 1 3 6 9  |1 2 3 8 9 
  -0.002019095241517  3424113124  |1 2 3 8 9  |0 1 3 6 9 
  -0.002015481087013  1432142134  |1 3 5 6 9  |1 2 5 8 9 
  -0.002015480498241  1423143124  |1 2 5 8 9  |1 3 5 6 9 
  -0.002015471563085  1234143124  |1 3 5 8 9  |2 3 5 6 9 
  -0.002011153499802  4411411414  |0 1 4 7 9  |0 1 4 7 9 
  -0.002011131795854  4114441411  |0 3 4 5 7  |0 3 4 5 7 
  -0.002006755219966  2343314122  |0 2 6 8 9  |1 2 3 4 6 
   0.002006754865797  3242214133  |1 2 3 4 6  |0 2 6 8 9 
   0.002006742903579  2242333141  |0 1 2 3 8  |2 4 5 6 8 
  -0.002006741127345  3343222141  |2 4 5 6 8  |0 1 2 3 8 
  -0.002002120551408  1443121144  |1 2 5 8 9  |1 2 3 8 9 
   0.002002119058633  1442131144  |1 2 3 8 9  |1 2 5 8 9 
   0.001998208164285  4241421331  |0 1 2 4 5  |0 2 4 7 8 
   0.001998205572056  4341431221  |0 2 4 7 8  |0 1 2 4 5 
   0.001997795353163  1423241413  |1 2 4 5 7  |1 3 5 7 9 
   0.001997788726154  1432341412  |1 3 5 7 9  |1 2 4 5 7 
   0.001997780297760  3234121414  |1 3 5 7 9  |0 2 3 7 9 
  -0.001994223727701  4322113243  |0 2 3 7 8  |0 1 6 8 9 
  -0.001993610005405  3321141244  |2 5 7 8 9  |0 1 5 8 9 
   0.001990208370327  3424322113  |1 2 3 5 6  |0 1 3 4 9 
  -0.001990178959302  2434221133  |0 1 3 4 5  |1 2 3 8 9 
   0.001990168466452  3424331122  |1 2 3 8 9  |0 1 3 4 5 
  -0.001986997452922  3214132234  |1 3 6 7 9  |0 3 5 8 9 
   0.001986203071214  1412342323  |1 3 5 6 8  |1 4 5 7 9 
  -0.001986198888302  1413243232  |1 4 5 7 9  |1 3 5 6 8 
   0.001986198112285  3214132324  |1 3 6 8 9  |0 3 5 7 9 
   0.001983159627968  3342322141  |2 3 5 6 8  |0 1 2 4 8 
  -0.001983158964956  2342214133  |0 2 3 4 6  |1 2 6 8 9 
   0.001983158228191  3243314122  |1 2 6 8 9  |0 2 3 4 6 
  -0.001983157662091  2243233141  |0 1 2 4 8  |2 3 5 6 8 
  -0.001982318062478  1132444213  |3 4 5 6 7  |2 4 5 6 9 
  -0.001982316542994  1123444312  |2 4 5 6 9  |3 4 5 6 7 
  -0.001982291007483  4321121344  |0 2 5 8 9  |0 1 7 8 9 
  -0.001982289973818  4231131244  |0 1 7 8 9  |0 2 5 8 9 
   0.001981826068378  2332441231  |0 3 4 5 7  |1 2 4 5 8 
  -0.001981821692610  3223441321  |1 2 4 5 8  |0 3 4 5 7 
  -0.001981820096432  4322312314  |0 2 3 6 9  |0 1 4 7 9 
   0.001981817568144  4233213214  |0 1 4 7 9  |0 2 3 6 9 
   0.001981123553596  2342332114  |0 2 3 6 9  |1 2 4 5 9 
  -0.001981121333490  3243223114  |1 2 4 5 9  |0 2 3 6 9 
  -0.001981115915138  2342341132  |0 2 3 5 9  |1 2 4 5 8 
   0.001981113236796  3243241123  |1 2 4 5 8  |0 2 3 5 9 
   0.001979557210153  4314423211  |0 3 4 5 7  |0 1 3 4 6 
   0.001979554681379  4214432311  |0 1 3 4 6  |0 3 4 5 7 
   0.001979551159544  4412411323  |0 1 3 4 8  |0 1 4 7 9 
   0.001979546576337  4413411232  |0 1 4 7 9  |0 1 3 4 8 
   0.001974584079014  3421431223  |1 2 4 7 8  |0 1 4 5 9 
  -0.001970536392026  1444141141  |1 2 3 5 8  |1 2 3 5 8 
  -0.001970519615830  1444114114  |1 2 3 6 9  |1 2 3 6 9 
   0.001970470152499  2323441321  |0 2 4 5 8  |1 3 4 5 7 
  -0.001970466242605  3232441231  |1 3 4 5 7  |0 2 4 5 8 
  -0.001970455270132  4232313214  |0 1 3 7 9  |0 2 4 6 9 
   0.001970453129255  4323212314  |0 2 4 6 9  |0 1 3 7 9 
   0.001968350437914  1232444131  |1 3 4 5 6  |2 4 5 6 8 
   0.001968344476072  1323444121  |2 4 5 6 8  |1 3 4 5 6 
  -0.001968325134825  4323112144  |0 2 6 8 9  |0 1 3 8 9 
  -0.001968321436578  4232113144  |0 1 3 8 9  |0 2 6 8 9 
  -0.001967927899396  4124413231  |0 2 3 4 7  |0 3 4 6 8 
  -0.001967922803373  4134412321  |0 3 4 6 8  |0 2 3 4 7 
  -0.001967912237260  4431412321  |0 1 4 6 8  |0 1 2 4 7 
  -0.001967907536885  4421413231  |0 1 2 4 7  |0 1 4 6 8 
   0.001967365506608  1134344122  |3 5 6 8 9  |2 3 4 5 6 
  -0.001967353876279  3431122144  |1 5 6 8 9  |0 1 2 8 9 
  -0.001967351825058  2421133144  |0 1 2 8 9  |1 5 6 8 9 
  -0.001966142812435  1322143144  |2 3 5 8 9  |1 5 6 8 9 
  -0.001961529314125  4424313121  |0 1 2 3 8  |0 1 3 4 6 
  -0.001961528450187  4434212131  |0 1 3 4 6  |0 1 2 3 8 
  -0.001961487982494  3424412131  |1 2 3 4 6  |0 1 3 4 8 
  -0.001961486033218  2434413121  |0 1 3 4 8  |1 2 3 4 6 
  -0.001957461122114  4132314214  |0 3 6 7 9  |0 2 4 6 9 
  -0.001957455988407  4123214314  |0 2 4 6 9  |0 3 6 7 9 
  -0.001957448445768  2321441341  |0 2 4 5 8  |1 4 5 7 8 
  -0.001957443387897  3231441241  |1 4 5 7 8  |0 2 4 5 8 
   0.001956133672712  2434223113  |0 1 3 4 5  |1 2 3 6 9 
  -0.001956119873828  3424332112  |1 2 3 6 9  |0 1 3 4 5 
  -0.001956111243939  3424321123  |1 2 3 5 8  |0 1 3 4 9 
   0.001956104240521  2434231132  |0 1 3 4 9  |1 2 3 5 8 
   0.001952367090573  4324321213  |0 2 3 5 7  |0 1 3 4 9 
  -0.001952361098108  4234231312  |0 1 3 4 9  |0 2 3 5 7 
   0.001952339071729  2432421313  |0 1 3 4 5  |1 2 4 7 9 
  -0.001952328409272  3423431212  |1 2 4 7 9  |0 1 3 4 5 
  -0.001946652710402  4414111144  |0 1 3 8 9  |0 1 3 8 9 
  -0.001946628627844  1414444111  |1 3 4 5 6  |1 3 4 5 6 
   0.001941707106356  4212413413  |0 1 3 4 7  |0 4 6 7 9 
   0.001941704551833  4313412412  |0 4 6 7 9  |0 1 3 4 7 
  -0.001941700019029  4313421421  |0 4 5 7 8  |0 1 3 4 7 
  -0.001941698608521  4212431431  |0 1 3 4 7  |0 4 5 7 8 
   0.001936416862244  4232114134  |0 1 3 6 9  |0 2 6 8 9 
   0.001936410888752  4323114124  |0 2 6 8 9  |0 1 3 6 9 
  -0.001936395522335  1323442141  |2 4 5 6 8  |1 3 4 5 8 
  -0.001936391977958  1232443141  |1 3 4 5 8  |2 4 5 6 8 
   0.001936361064932  3234132322  |1 3 6 8 9  |0 2 3 5 7 
  -0.001934717618794  4231312342  |0 1 6 8 9  |0 2 4 7 8 
   0.001934695828396  4321213243  |0 2 4 7 8  |0 1 6 8 9 
   0.001934637290980  2123434231  |0 2 4 6 7  |3 4 5 6 8 
  -0.001934629747983  3132424321  |3 4 5 6 8  |0 2 4 6 7 
   0.001933073761618  1424141323  |1 2 3 5 8  |1 3 5 7 9 
   0.001933068455674  1434141232  |1 3 5 7 9  |1 2 3 5 8 
  -0.001933057293239  1434123214  |1 3 5 7 9  |1 2 3 6 9 
  -0.001933051941160  1424132314  |1 2 3 6 9  |1 3 5 7 9 
  -0.001931728723519  4233314122  |0 1 6 8 9  |0 2 3 4 6 
   0.001931725627540  2223433141  |0 1 2 4 8  |3 4 5 6 8 
   0.001931725391557  4322214133  |0 2 3 4 6  |0 1 6 8 9 
  -0.001931723678458  3332422141  |3 4 5 6 8  |0 1 2 4 8 
  -0.001931220458685  4411131244  |0 1 7 8 9  |0 1 5 8 9 
  -0.001929831639641  1443122134  |1 2 5 6 9  |1 2 3 8 9 
  -0.001929820611516  1344143122  |2 3 5 8 9  |1 2 3 5 6 
   0.001927303932300  4142312314  |0 2 3 6 9  |0 2 4 7 9 
   0.001927301913128  4143213214  |0 2 4 7 9  |0 2 3 6 9 
   0.001927294452094  2341441231  |0 2 4 5 7  |1 2 4 5 8 
   0.001927292820230  3241441321  |1 2 4 5 8  |0 2 4 5 7 
  -0.001925827902500  1334244112  |3 4 5 6 9  |1 2 3 5 6 
  -0.001925809300804  3422131144  |1 2 3 8 9  |0 1 5 8 9 
  -0.001924226283024  4234314112  |0 1 3 6 9  |0 2 3 4 6 
  -0.001924211285731  4324214113  |0 2 3 4 6  |0 1 3 6 9 
  -0.001924172265392  2423431141  |0 1 2 4 8  |1 3 4 5 8 
  -0.001924167647946  3432421141  |1 3 4 5 8  |0 1 2 4 8 
  -0.001918475343905  1443423121  |1 2 4 5 8  |1 2 3 4 6 
  -0.001918459545603  1442432131  |1 2 3 4 6  |1 2 4 5 8 
  -0.001918456042557  4244113123  |0 1 2 3 8  |0 2 3 6 9 
  -0.001918446893870  4344112132  |0 2 3 6 9  |0 1 2 3 8 
  -0.001916814262455  4243221133  |0 1 2 4 5  |0 2 3 8 9 
  -0.001916797217213  2342433112  |0 2 3 4 9  |1 2 4 5 6 
  -0.001915163499054  1244343121  |1 2 3 5 8  |2 3 4 5 6 
  -0.001915160732870  1344242131  |2 3 4 5 6  |1 2 3 5 8 
  -0.001915148998214  2443113124  |0 1 2 8 9  |1 2 3 6 9 
  -0.001915148330655  3442112134  |1 2 3 6 9  |0 1 2 8 9 
   0.001913971940847  4142312332  |0 2 3 6 9  |0 2 4 7 8 
  -0.001913969075356  4143213223  |0 2 4 7 8  |0 2 3 6 9 
  -0.001913958239628  2341432231  |0 2 4 6 7  |1 2 4 5 8 
   0.001913956946807  3241423321  |1 2 4 5 8  |0 2 4 6 7 
  -0.001907939416601  4232211433  |0 1 3 4 7  |0 2 7 8 9 
   0.001907937534418  4323311422  |0 2 7 8 9  |0 1 3 4 7 
   0.001907937320486  3323422411  |2 4 5 6 7  |0 1 3 4 7 
  -0.001907934249165  2232433411  |0 1 3 4 7  |2 4 5 6 7 
   0.001905028542109  1324343122  |2 3 5 8 9  |1 3 4 5 6 
  -0.001905020946577  3423122134  |1 2 5 6 9  |0 1 3 8 9 
  -0.001901442690837  2331423421  |0 4 5 7 8  |1 2 4 6 7 
   0.001898697400852  4234221313  |0 1 3 4 5  |0 2 3 7 9 
  -0.001898683513398  4324331212  |0 2 3 7 9  |0 1 3 4 5 
   0.001898662671328  3423421213  |1 2 4 5 7  |0 1 3 4 9 
  -0.001898655075837  2432431312  |0 1 3 4 9  |1 2 4 5 7 
  -0.001894783275537  1244341312  |1 2 3 5 9  |2 3 4 5 7 
  -0.001894781469715  1344241213  |2 3 4 5 7  |1 2 3 5 9 
   0.001894734004944  2443131214  |0 1 2 7 9  |1 2 3 5 9 
   0.001894732580586  3442121314  |1 2 3 5 9  |0 1 2 7 9 
   0.001889405802778  1134344221  |3 5 6 7 8  |2 3 4 5 6 
   0.001889404123451  1124244331  |2 3 4 5 6  |3 5 6 7 8 
  -0.001889386651687  2421113344  |0 1 2 8 9  |1 6 7 8 9 
  -0.001889385841217  3431112244  |1 6 7 8 9  |0 1 2 8 9 
   0.001882257447412  2322414331  |0 2 3 4 6  |1 4 6 7 8 
  -0.001882256815382  3233414221  |1 4 6 7 8  |0 2 3 4 6 
  -0.001882252402442  4332312241  |0 3 6 7 8  |0 1 2 4 8 
   0.001882249957899  4223213341  |0 1 2 4 8  |0 3 6 7 8 
   0.001877813959987  4341231142  |0 2 4 8 9  |0 1 2 5 8 
   0.001877801109831  2143424113  |0 2 4 5 6  |2 3 4 6 9 
   0.001872210314271  4312412413  |0 3 4 6 7  |0 1 4 7 9 
   0.001872207289808  4213413412  |0 1 4 7 9  |0 3 4 6 7 
  -0.001872199159806  4312421431  |0 3 4 5 7  |0 1 4 7 8 
  -0.001872197441183  4213431421  |0 1 4 7 8  |0 3 4 5 7 
   0.001863649717880  4123214413  |0 2 4 6 7  |0 3 6 7 9 
   0.001863647105544  3231421441  |1 4 5 7 8  |0 2 4 7 8 
   0.001863644758317  2321431441  |0 2 4 7 8  |1 4 5 7 8 
   0.001863643586278  4132314412  |0 3 6 7 9  |0 2 4 6 7 
   0.001862786046978  1341144124  |2 5 6 8 9  |1 2 5 6 9 
   0.001862220596788  4314213232  |0 3 4 7 9  |0 1 3 6 8 
   0.001862219519428  2413423231  |0 1 4 5 7  |1 3 4 6 8 
   0.001860797537303  1114344214  |3 5 6 7 9  |3 4 5 6 9 
  -0.001860796049949  1114244314  |3 4 5 6 9  |3 5 6 7 9 
  -0.001859914421324  1143142234  |2 5 6 7 9  |2 3 5 8 9 
  -0.001858047584499  2433412141  |0 1 4 6 8  |1 2 3 4 8 
  -0.001858044645938  3422413141  |1 2 3 4 8  |0 1 4 6 8 
  -0.001857427998241  2343223213  |0 2 4 5 7  |1 2 3 6 9 
  -0.001857424859964  3242321323  |1 2 3 5 8  |0 2 4 7 9 
  -0.001857423192715  3242332312  |1 2 3 6 9  |0 2 4 5 7 
  -0.001857419400153  2343231232  |0 2 4 7 9  |1 2 3 5 8 
   0.001855325834174  4431312142  |0 1 6 8 9  |0 1 2 4 8 
   0.001855324012978  4421213143  |0 1 2 4 8  |0 1 6 8 9 
  -0.001855274875824  2124434131  |0 2 3 4 6  |3 4 5 6 8 
  -0.001855273696255  3134424121  |3 4 5 6 8  |0 2 3 4 6 
  -0.001846291781690  4142314231  |0 2 3 6 7  |0 2 4 6 8 
  -0.001846275811169  3241413241  |1 2 4 7 8  |0 2 4 6 8 
   0.001845205019924  4214321413  |0 1 3 5 7  |0 3 4 7 9 
   0.001845200312601  4314231412  |0 3 4 7 9  |0 1 3 5 7 
   0.001845176011293  2413421413  |0 1 4 5 7  |1 3 4 7 9 
  -0.001844480330501  1441414141  |1 2 4 6 8  |1 2 4 6 8 
   0.001842210678279  4141423123  |0 2 4 5 8  |0 2 4 6 9 
   0.001842209388970  4141432132  |0 2 4 6 9  |0 2 4 5 8 
   0.001838591599778  1232442313  |1 3 4 5 6  |2 4 5 7 9 
  -0.001838581490239  1323443212  |2 4 5 7 9  |1 3 4 5 6 
  -0.001838576748342  4323121234  |0 2 5 7 9  |0 1 3 8 9 
   0.001838570584257  4232131324  |0 1 3 8 9  |0 2 5 7 9 
  -0.001830626299566  2322423313  |0 2 3 4 5  |1 4 6 7 9 
  -0.001830620566615  3233432212  |1 4 6 7 9  |0 2 3 4 5 
   0.001830606020944  4332321223  |0 3 5 7 8  |0 1 2 4 9 
   0.001830601585040  4223231332  |0 1 2 4 9  |0 3 5 7 8 
  -0.001829048748106  4141432123  |0 2 4 6 8  |0 2 4 5 9 
  -0.001829047765580  4141423132  |0 2 4 5 9  |0 2 4 6 8 
  -0.001826138356780  1431423241  |1 4 5 7 8  |1 2 4 6 8 
   0.001826133985450  4124114323  |0 2 3 6 8  |0 3 6 7 9 
  -0.001826133411434  1421432341  |1 2 4 6 8  |1 4 5 7 8 
   0.001826129240002  4134114232  |0 3 6 7 9  |0 2 3 6 8 
  -0.001819166386201  2343422113  |0 2 4 5 6  |1 2 3 4 9 
  -0.001819160552394  4343231122  |0 2 4 8 9  |0 1 2 3 5 
  -0.001816271786866  4143112324  |0 2 6 8 9  |0 2 3 7 9 
  -0.001816265218692  4142113234  |0 2 3 7 9  |0 2 6 8 9 
   0.001816257915330  1241443231  |1 2 4 5 7  |2 4 5 6 8 
   0.001816254246728  1341442321  |2 4 5 6 8  |1 2 4 5 7 
   0.001814785386503  4244311321  |0 1 2 3 8  |0 2 3 4 7 
   0.001814781783774  4344211231  |0 2 3 4 7  |0 1 2 3 8 
   0.001814772504455  2443413211  |0 1 2 4 7  |1 2 3 4 6 
   0.001814770050374  3442412311  |1 2 3 4 6  |0 1 2 4 7 
  -0.001813808392340  4141414411  |0 2 4 6 7  |0 2 4 6 7 
  -0.001813792458637  4141411441  |0 2 4 7 8  |0 2 4 7 8 
   0.001812256068585  2332414231  |0 3 4 6 7  |1 2 4 6 8 
  -0.001812255941135  3223414321  |1 2 4 6 8  |0 3 4 6 7 
  -0.001812246311114  4322312341  |0 2 3 6 8  |0 1 4 7 8 
   0.001812244194957  4233213241  |0 1 4 7 8  |0 2 3 6 8 
   0.001810577809724  1122344413  |2 3 5 6 7  |4 5 6 7 9 
   0.001810564080743  2331121444  |0 5 7 8 9  |1 2 7 8 9 
  -0.001810230360779  4233412123  |0 1 4 6 8  |0 2 3 4 9 
   0.001810228969769  4332432121  |0 3 4 6 8  |0 1 2 4 5 
   0.001810225689642  4322413132  |0 2 3 4 9  |0 1 4 6 8 
   0.001808132452070  1332242233  |3 4 5 6 7  |1 2 5 8 9 
   0.001808132239826  1223343322  |1 2 5 8 9  |3 4 5 6 7 
   0.001808127319250  3322122334  |2 3 5 6 9  |0 1 7 8 9 
   0.001808127159621  2233133224  |0 1 7 8 9  |2 3 5 6 9 
  -0.001805984480700  4233214123  |0 1 4 6 8  |0 2 3 6 9 
   0.001805980962790  4322314132  |0 2 3 6 9  |0 1 4 6 8 
   0.001805979888718  3223423141  |1 2 4 5 8  |0 3 4 6 8 
  -0.001805977912643  2332432141  |0 3 4 6 8  |1 2 4 5 8 
  -0.001805907943490  1423423141  |1 2 4 5 8  |1 3 4 6 8 
  -0.001805906270768  1432432141  |1 3 4 6 8  |1 2 4 5 8 
  -0.001805220352139  4434321112  |0 1 3 5 9  |0 1 2 3 4 
  -0.001805217621995  4424231113  |0 1 2 3 4  |0 1 3 5 9 
  -0.001805210761123  2424431113  |0 1 2 3 4  |1 3 4 5 9 
  -0.001805207033573  3434421112  |1 3 4 5 9  |0 1 2 3 4 
  -0.001802012736698  3442312123  |1 2 3 6 8  |0 1 2 4 9 
   0.001802005859397  2443213132  |0 1 2 4 9  |1 2 3 6 8 
  -0.001801996093475  2344223131  |0 2 3 4 5  |1 2 3 6 8 
   0.001801981124881  3244332121  |1 2 3 6 8  |0 2 3 4 5 
  -0.001797517751138  4233211423  |0 1 4 7 8  |0 2 3 7 9 
   0.001797516438873  4322311432  |0 2 3 7 9  |0 1 4 7 8 
   0.001797513650555  3223423411  |1 2 4 5 7  |0 3 4 6 7 
  -0.001797511121739  2332432411  |0 3 4 6 7  |1 2 4 5 7 
  -0.001796081679792  1143442321  |2 4 5 6 8  |2 3 4 5 7 
  -0.001796074945768  1142443231  |2 3 4 5 7  |2 4 5 6 8 
   0.001796067863036  4241113234  |0 1 2 7 9  |0 2 6 8 9 
   0.001796063936012  4341112324  |0 2 6 8 9  |0 1 2 7 9 
   0.001795296849002  1243141324  |1 2 5 8 9  |2 3 5 7 9 
   0.001795296269616  1342141234  |2 3 5 7 9  |1 2 5 8 9 
   0.001795282799577  1243143214  |1 2 5 7 9  |2 3 5 6 9 
   0.001795280889934  1342142314  |2 3 5 6 9  |1 2 5 7 9 
   0.001793642491405  1144243312  |2 3 4 5 9  |2 3 5 6 7 
   0.001790743452562  3234442111  |1 3 4 5 6  |0 2 3 4 5 
   0.001790739423928  2324443111  |0 2 3 4 5  |1 3 4 5 6 
  -0.001790721784624  4423211134  |0 1 2 4 9  |0 1 3 8 9 
  -0.001790717131299  4432311124  |0 1 3 8 9  |0 1 2 4 9 
   0.001789535763982  1124344114  |2 3 5 6 9  |3 4 5 6 9 
   0.001789530635459  2431141144  |0 1 5 8 9  |1 2 5 8 9 
  -0.001789527606603  3421141144  |1 2 5 8 9  |0 1 5 8 9 
  -0.001787172925778  4442411131  |0 1 2 3 4  |0 1 2 4 8 
   0.001787109988612  4344412111  |0 2 3 4 6  |0 1 2 3 4 
  -0.001786952481690  4244413111  |0 1 2 3 4  |0 2 3 4 6 
   0.001786889492910  4443411121  |0 1 2 4 8  |0 1 2 3 4 
   0.001784706950006  1144143124  |2 3 5 8 9  |2 3 5 6 9 
   0.001783261274493  3344221312  |2 3 4 5 9  |0 1 2 3 7 
   0.001783256063212  2443321312  |0 1 2 5 9  |1 2 3 4 7 
  -0.001783246341068  3442231213  |1 2 3 4 7  |0 1 2 5 9 
   0.001783156636616  4431212143  |0 1 4 6 8  |0 1 2 8 9 
   0.001783154021314  4421313142  |0 1 2 8 9  |0 1 4 6 8 
  -0.001783119154295  3124424131  |2 3 4 5 6  |0 3 4 6 8 
  -0.001783116914667  2134434121  |0 3 4 6 8  |2 3 4 5 6 
   0.001782285097746  3241121344  |1 2 5 8 9  |0 2 7 8 9 
   0.001782283488745  2341131244  |0 2 7 8 9  |1 2 5 8 9 
  -0.001781029123055  3244321213  |1 2 3 5 7  |0 2 3 4 9 
   0.001781002321084  2443221313  |0 1 2 4 5  |1 2 3 7 9 
  -0.001780992455176  3442331212  |1 2 3 7 9  |0 1 2 4 5 
  -0.001779000696760  3142324123  |2 3 5 6 8  |0 2 4 6 9 
   0.001778992175673  2143234132  |0 2 4 6 9  |2 3 5 6 8 
   0.001778982796742  2341223143  |0 2 4 5 8  |1 2 6 8 9 
  -0.001778961220726  3241332142  |1 2 6 8 9  |0 2 4 5 8 
  -0.001778650540892  2433123124  |0 1 5 8 9  |1 2 3 6 9 
   0.001775565287581  4243321123  |0 1 2 5 8  |0 2 3 4 9 
   0.001775559041154  3342432112  |2 3 4 6 9  |0 1 2 4 5 
  -0.001775558508068  4342231132  |0 2 3 4 9  |0 1 2 5 8 
   0.001774418712583  1441423231  |1 2 4 5 7  |1 2 4 6 8 
  -0.001774417987409  4144112323  |0 2 3 6 8  |0 2 3 7 9 
   0.001774417602374  1441432321  |1 2 4 6 8  |1 2 4 5 7 
  -0.001774416483020  4144113232  |0 2 3 7 9  |0 2 3 6 8 
  -0.001771654691512  3243131224  |1 2 7 8 9  |0 2 3 5 9 
   0.001771586985838  1443422311  |1 2 4 5 6  |1 2 3 4 7 
   0.001771583202607  1442433211  |1 2 3 4 7  |1 2 4 5 6 
   0.001771572332858  4244111233  |0 1 2 3 7  |0 2 3 8 9 
   0.001771568377923  4344111322  |0 2 3 8 9  |0 1 2 3 7 
  -0.001770364009478  3323422213  |2 4 5 6 7  |0 1 3 4 9 
   0.001770346369036  4232221333  |0 1 3 4 5  |0 2 7 8 9 
   0.001770342345491  4323331222  |0 2 7 8 9  |0 1 3 4 5 
   0.001770042985655  2143423231  |0 2 4 5 7  |2 3 4 6 8 
  -0.001770038392429  3142432321  |2 3 4 6 8  |0 2 4 5 7 
  -0.001767941938060  1432441123  |1 3 4 5 8  |1 2 4 5 9 
  -0.001767941921913  1423441132  |1 2 4 5 9  |1 3 4 5 8 
   0.001767927600664  4324123114  |0 2 3 5 9  |0 1 3 6 9 
  -0.001767632164180  1232342341  |1 3 5 6 8  |2 4 5 7 8 
   0.001767626933197  2323114234  |0 2 6 7 9  |1 3 6 8 9 
  -0.001767623446535  3232114324  |1 3 6 8 9  |0 2 6 7 9 
  -0.001766730965956  2343214123  |0 2 4 6 8  |1 2 3 6 9 
   0.001766730491973  3242314132  |1 2 3 6 9  |0 2 4 6 8 
   0.001766713215478  3242323141  |1 2 3 5 8  |0 2 4 6 8 
  -0.001766711499681  2343232141  |0 2 4 6 8  |1 2 3 5 8 
  -0.001764818472665  1443232114  |1 2 4 6 9  |1 2 3 5 9 
   0.001764792737615  2344141123  |0 2 3 5 8  |1 2 3 5 9 
   0.001759541457717  1421131444  |1 2 7 8 9  |1 5 7 8 9 
   0.001759317705024  1444123123  |1 2 3 5 8  |1 2 3 6 9 
   0.001759315872283  1444132132  |1 2 3 6 9  |1 2 3 5 8 
  -0.001757532927283  3232132414  |1 3 6 7 9  |0 2 5 7 9 
  -0.001757165882596  1224443113  |1 2 3 4 5  |3 4 5 6 9 
   0.001757160110594  4433121124  |0 1 5 8 9  |0 1 2 3 9 
   0.001757158864642  4422131134  |0 1 2 3 9  |0 1 5 8 9 
  -0.001752534511478  4234421113  |0 1 3 4 5  |0 2 3 4 9 
   0.001751096251536  1344241321  |2 3 4 5 8  |1 2 3 5 7 
   0.001751081932043  3442113214  |1 2 3 7 9  |0 1 2 6 9 
  -0.001746565711005  2342314132  |0 2 3 6 9  |1 2 4 6 8 
   0.001746565320622  3243214123  |1 2 4 6 8  |0 2 3 6 9 
   0.001746558555042  2342332141  |0 2 3 6 8  |1 2 4 5 8 
  -0.001746556908195  3243223141  |1 2 4 5 8  |0 2 3 6 8 
  -0.001740810785202  3144114214  |2 3 6 7 9  |0 2 3 6 9 
   0.001738277942748  4243411123  |0 1 2 4 8  |0 2 3 4 9 
   0.001738276521739  4342411132  |0 2 3 4 9  |0 1 2 4 8 
  -0.001738266600605  4243423111  |0 1 2 4 5  |0 2 3 4 6 
  -0.001738263352125  4342432111  |0 2 3 4 6  |0 1 2 4 5 
  -0.001736945692014  1441423132  |1 2 4 5 9  |1 2 4 6 8 
  -0.001736945668722  1441432123  |1 2 4 6 8  |1 2 4 5 9 
  -0.001736940416245  4144132123  |0 2 3 6 8  |0 2 3 5 9 
  -0.001736939493490  4144123132  |0 2 3 5 9  |0 2 3 6 8 
  -0.001732306293190  4411311244  |0 1 7 8 9  |0 1 4 8 9 
   0.001728351340409  1312443412  |3 4 5 7 9  |1 4 5 6 7 
   0.001727132428761  3441221143  |1 2 4 5 8  |0 1 2 8 9 
   0.001727130466447  2441331142  |0 1 2 8 9  |1 2 4 5 8 
   0.001727116532172  3144224113  |2 3 4 5 6  |0 2 3 6 9 
   0.001727114451620  2144334112  |0 2 3 6 9  |2 3 4 5 6 
   0.001723548072577  1441423123  |1 2 4 5 8  |1 2 4 6 9 
   0.001723545982497  1441432132  |1 2 4 6 9  |1 2 4 5 8 
   0.001723540647907  4144123123  |0 2 3 5 8  |0 2 3 6 9 
   0.001723539432875  4144132132  |0 2 3 6 9  |0 2 3 5 8 
   0.001722343463124  2344221133  |0 2 3 4 5  |1 2 3 8 9 
  -0.001722314422588  3442322113  |1 2 3 5 6  |0 1 2 4 9 
   0.001722309707511  2443233112  |0 1 2 4 9  |1 2 3 5 6 
  -0.001718625992693  1144442113  |2 3 4 5 6  |2 3 4 5 9 
  -0.001715498783943  4311414421  |0 4 6 7 8  |0 1 4 6 7 
   0.001715498570999  4211414431  |0 1 4 6 7  |0 4 6 7 8 
   0.001712999085714  3414221413  |1 3 4 5 7  |0 1 3 7 9 
   0.001712997057572  2414331412  |0 1 3 7 9  |1 3 4 5 7 
  -0.001712537278722  4232314132  |0 1 3 6 9  |0 2 4 6 8 
   0.001712535785762  2323432141  |0 2 4 6 8  |1 3 4 5 8 
   0.001712534507656  4323214123  |0 2 4 6 8  |0 1 3 6 9 
  -0.001712534032149  3232423141  |1 3 4 5 8  |0 2 4 6 8 
   0.001711929362120  3124444111  |2 3 4 5 6  |0 3 4 5 6 
  -0.001711928564772  4421311144  |0 1 2 8 9  |0 1 4 8 9 
   0.001711928382377  4431211144  |0 1 4 8 9  |0 1 2 8 9 
   0.001709144616754  4441411312  |0 1 2 4 9  |0 1 2 4 7 
  -0.001709143443085  4441411213  |0 1 2 4 7  |0 1 2 4 9 
   0.001709121447331  4144421311  |0 2 3 4 5  |0 2 3 4 7 
  -0.001709120750929  4144431211  |0 2 3 4 7  |0 2 3 4 5 
  -0.001708579697160  4142413123  |0 2 3 4 8  |0 2 4 6 9 
  -0.001708578450655  4143412132  |0 2 4 6 9  |0 2 3 4 8 
  -0.001708574160333  4341423121  |0 2 4 5 8  |0 1 2 4 6 
  -0.001708573709568  4241432131  |0 1 2 4 6  |0 2 4 5 8 
   0.001706477789906  4334231212  |0 3 4 7 9  |0 1 2 3 5 
  -0.001706455500752  2433421213  |0 1 4 5 7  |1 2 3 4 9 
   0.001706248143260  2323414321  |0 2 4 6 8  |1 3 4 6 7 
  -0.001706247607261  3232414231  |1 3 4 6 7  |0 2 4 6 8 
  -0.001706236120620  4232313241  |0 1 3 7 8  |0 2 4 6 8 
   0.001706233875115  4323212341  |0 2 4 6 8  |0 1 3 7 8 
  -0.001703706993670  3433422121  |1 4 5 6 8  |0 1 2 3 4 
   0.001703701321737  2422433131  |0 1 2 3 4  |1 4 5 6 8 
  -0.001703700880687  4224213133  |0 1 2 3 4  |0 3 6 8 9 
   0.001703691610609  4334312122  |0 3 6 8 9  |0 1 2 3 4 
  -0.001703014811220  1424431231  |1 2 3 4 7  |1 3 4 5 8 
  -0.001703012560134  1434421321  |1 3 4 5 8  |1 2 3 4 7 
   0.001703004389595  4434112312  |0 1 3 6 9  |0 1 2 3 7 
   0.001703003946391  4424113213  |0 1 2 3 7  |0 1 3 6 9 
   0.001702801830265  1222243333  |1 2 3 4 5  |5 6 7 8 9 
   0.001702801650782  1333342222  |5 6 7 8 9  |1 2 3 4 5 
   0.001702796894931  3333122224  |5 6 7 8 9  |0 1 2 3 9 
   0.001702796781476  2222133334  |0 1 2 3 9  |5 6 7 8 9 
  -0.001698759071784  3412321423  |1 3 5 7 8  |0 1 4 7 9 
   0.001698752109969  2314223413  |0 3 4 5 7  |1 3 6 7 9 
   0.001698750686739  2413231432  |0 1 4 7 9  |1 3 5 7 8 
  -0.001698729849249  3214332412  |1 3 6 7 9  |0 3 4 5 7 
  -0.001692905600462  2232441331  |0 1 3 4 5  |2 4 5 7 8 
  -0.001692892790198  4232213314  |0 1 3 4 9  |0 2 6 7 9 
  -0.001692215797282  4232311432  |0 1 3 7 9  |0 2 4 7 8 
   0.001692214147440  4323211423  |0 2 4 7 8  |0 1 3 7 9 
   0.001692209078521  2323432411  |0 2 4 6 7  |1 3 4 5 7 
  -0.001692206627446  3232423411  |1 3 4 5 7  |0 2 4 6 7 
  -0.001691733393709  1413442411  |1 4 5 6 7  |1 3 4 5 7 
  -0.001691732932517  4314111424  |0 3 7 8 9  |0 1 3 7 9 
   0.001691730658908  4214111434  |0 1 3 7 9  |0 3 7 8 9 
  -0.001688695570722  4141432231  |0 2 4 6 7  |0 2 4 5 8 
  -0.001688695275031  4141423321  |0 2 4 5 8  |0 2 4 6 7 
   0.001688692396131  4141413223  |0 2 4 7 8  |0 2 4 6 9 
   0.001688692268626  4141412332  |0 2 4 6 9  |0 2 4 7 8 
  -0.001688053863558  1414341232  |1 3 5 7 9  |1 3 4 5 8 
  -0.001688046324246  1414241323  |1 3 4 5 8  |1 3 5 7 9 
  -0.001688045083047  2414132314  |0 1 3 6 9  |1 3 5 7 9 
  -0.001688042830271  3414123214  |1 3 5 7 9  |0 1 3 6 9 
  -0.001687804803163  1342243213  |2 3 4 5 7  |1 2 5 6 9 
   0.001685840598241  3414321412  |1 3 5 7 9  |0 1 3 4 7 
   0.001685839467703  2414231413  |0 1 3 4 7  |1 3 5 7 9 
  -0.001684064190960  3332422312  |3 4 5 6 9  |0 1 2 4 7 
   0.001684060755347  4322231233  |0 2 3 4 7  |0 1 5 8 9 
  -0.001683533369121  1342343212  |2 3 5 7 9  |1 2 4 5 6 
   0.001683533341552  3243121234  |1 2 5 7 9  |0 2 3 8 9 
  -0.001683529812394  2342131324  |0 2 3 8 9  |1 2 5 7 9 
   0.001683299058728  2324323132  |0 2 3 5 9  |1 3 4 6 8 
   0.001683294708421  3234232123  |1 3 4 6 8  |0 2 3 5 9 
   0.001683285725497  2432332123  |0 1 3 6 8  |1 2 4 5 9 
   0.001683280947845  3423223132  |1 2 4 5 9  |0 1 3 6 8 
  -0.001681540189331  3322441321  |2 3 4 5 8  |0 1 4 5 7 
   0.001681525628812  3441321142  |1 2 5 8 9  |0 1 2 4 8 
   0.001681524767498  2441231143  |0 1 2 4 8  |1 2 5 8 9 
   0.001681519708663  3144324112  |2 3 5 6 9  |0 2 3 4 6 
   0.001681518420130  2144234113  |0 2 3 4 6  |2 3 5 6 9 
   0.001677929685034  2243432113  |0 1 2 4 6  |2 3 4 5 9 
  -0.001677924342018  3342423112  |2 3 4 5 9  |0 1 2 4 6 
  -0.001677922279309  4243321132  |0 1 2 5 9  |0 2 3 4 8 
   0.001677914023845  4342231123  |0 2 3 4 8  |0 1 2 5 9 
  -0.001674795760927  4414412131  |0 1 3 4 6  |0 1 3 4 8 
   0.001674795482034  4414413121  |0 1 3 4 8  |0 1 3 4 6 
   0.001674324638760  4422312313  |0 1 2 3 6  |0 1 4 7 9 
   0.001674323586434  3224431321  |1 2 3 4 8  |0 3 4 5 7 
   0.001674183434830  4114432321  |0 3 4 6 8  |0 3 4 5 7 
  -0.001674183246906  4411413232  |0 1 4 7 9  |0 1 4 6 8 
  -0.001673634748058  2443212133  |0 1 2 4 6  |1 2 3 8 9 
   0.001673633766923  2344233121  |0 2 3 4 8  |1 2 3 5 6 
   0.001673626340739  3442313122  |1 2 3 8 9  |0 1 2 4 6 
  -0.001671184703049  1124434411  |2 3 4 6 7  |3 4 5 6 7 
  -0.001671169410490  4431111442  |0 1 7 8 9  |0 1 2 7 8 
   0.001671169367288  4421111443  |0 1 2 7 8  |0 1 7 8 9 
  -0.001668691075577  1314441421  |3 4 5 7 8  |1 3 4 5 7 
   0.001668688713779  1214441431  |1 3 4 5 7  |3 4 5 7 8 
   0.001668687578206  4412113414  |0 1 3 7 9  |0 1 6 7 9 
  -0.001668685256599  4413112414  |0 1 6 7 9  |0 1 3 7 9 
  -0.001660189069386  4213414411  |0 1 4 6 7  |0 3 4 6 7 
   0.001660186756232  4312414411  |0 3 4 6 7  |0 1 4 6 7 
   0.001660184114028  4312411441  |0 3 4 7 8  |0 1 4 7 8 
  -0.001660182924539  4213411441  |0 1 4 7 8  |0 3 4 7 8 
  -0.001655996256207  4241211343  |0 1 2 4 8  |0 2 7 8 9 
  -0.001655994274864  4341311242  |0 2 7 8 9  |0 1 2 4 8 
   0.001655953510919  3143424211  |2 4 5 6 7  |0 2 3 4 6 
   0.001655951412266  2142434311  |0 2 3 4 6  |2 4 5 6 7 
   0.001655517266493  1124344132  |2 3 5 6 9  |3 4 5 6 8 
   0.001655516362935  1134244123  |3 4 5 6 8  |2 3 5 6 9 
  -0.001655493741214  2431132144  |0 1 6 8 9  |1 2 5 8 9 
  -0.001651143126600  4434221113  |0 1 3 4 5  |0 1 2 3 9 
  -0.001651140218175  4424331112  |0 1 2 3 9  |0 1 3 4 5 
  -0.001651117248721  3424421113  |1 2 3 4 5  |0 1 3 4 9 
  -0.001651112937944  2434431112  |0 1 3 4 9  |1 2 3 4 5 
   0.001648752209446  2141414341  |0 2 4 6 8  |2 4 6 7 8 
   0.001648742258634  4141214341  |0 2 4 6 8  |0 2 6 7 8 
  -0.001648740347397  4141314241  |0 2 6 7 8  |0 2 4 6 8 
   0.001647863554256  1244341114  |1 2 3 5 9  |2 3 4 5 9 
  -0.001647860402049  1344241114  |2 3 4 5 9  |1 2 3 5 9 
  -0.001647858124206  3442141114  |1 2 3 5 9  |0 1 2 5 9 
  -0.001644845841418  2332423213  |0 3 4 5 7  |1 2 4 6 9 
  -0.001644840312201  3223432312  |1 2 4 6 9  |0 3 4 5 7 
   0.001644816027216  4322321323  |0 2 3 5 8  |0 1 4 7 9 
   0.001644811806056  4233231232  |0 1 4 7 9  |0 2 3 5 8 
  -0.001643384029427  3342322213  |2 3 5 6 7  |0 1 2 4 9 
  -0.001643374648928  3243331222  |1 2 7 8 9  |0 2 3 4 5 
  -0.001638165443210  3243241114  |1 2 4 5 9  |0 2 3 5 9 
  -0.001635896239710  4314312421  |0 3 6 7 8  |0 1 3 4 7 
  -0.001635893898859  4214213431  |0 1 3 4 7  |0 3 6 7 8 
  -0.001635883195496  2412413431  |0 1 3 4 7  |1 4 6 7 8 
  -0.001635882898056  3413412421  |1 4 6 7 8  |0 1 3 4 7 
   0.001635648100113  3441213142  |1 2 4 8 9  |0 1 2 6 8 
   0.001634682722900  2434212313  |0 1 3 4 6  |1 2 3 7 9 
  -0.001634672849343  3424321231  |1 2 3 5 7  |0 1 3 4 8 
  -0.001634670461144  3424313212  |1 2 3 7 9  |0 1 3 4 6 
   0.001634666106201  2434231321  |0 1 3 4 8  |1 2 3 5 7 
   0.001633473547304  2214443311  |0 1 3 4 5  |3 4 5 6 7 
   0.001633468337435  4413311224  |0 1 7 8 9  |0 1 3 4 9 
   0.001633465717373  4412211334  |0 1 3 4 9  |0 1 7 8 9 
   0.001631894422699  2244131134  |0 1 2 3 9  |2 3 5 8 9 
   0.001631891431314  3344121124  |2 3 5 8 9  |0 1 2 3 9 
  -0.001631331370258  1324342123  |2 3 5 6 8  |1 3 4 5 9 
   0.001631326386459  1234243132  |1 3 4 5 9  |2 3 5 6 8 
  -0.001630866125377  2424331123  |0 1 2 3 8  |1 3 4 5 9 
   0.001630862618502  2434323112  |0 1 3 5 9  |1 2 3 4 6 
   0.001630859672752  3434221132  |1 3 4 5 9  |0 1 2 3 8 
  -0.001630849193657  3424232113  |1 2 3 4 6  |0 1 3 5 9 
   0.001630439353864  4324231312  |0 2 3 4 9  |0 1 3 5 7 
  -0.001630413752560  2423421313  |0 1 2 4 5  |1 3 4 7 9 
   0.001630406250810  3432431212  |1 3 4 7 9  |0 1 2 4 5 
   0.001623608866268  4242321313  |0 1 2 3 5  |0 2 4 7 9 
   0.001623196061531  1124344321  |2 3 5 6 8  |3 4 5 6 7 
   0.001623194828144  1134244231  |3 4 5 6 7  |2 3 5 6 8 
  -0.001623173335708  2431113244  |0 1 7 8 9  |1 2 6 8 9 
  -0.001623172671730  3421112344  |1 2 6 8 9  |0 1 7 8 9 
   0.001615995304209  4223121334  |0 1 2 5 9  |0 3 7 8 9 
   0.001615994634537  1322443312  |2 3 4 5 9  |1 4 5 6 7 
   0.001615146417315  4434231121  |0 1 3 4 8  |0 1 2 3 5 
   0.001613832411214  1232243233  |1 3 4 5 7  |2 5 6 8 9 
   0.001613832302895  1323342322  |2 5 6 8 9  |1 3 4 5 7 
   0.001613830322552  3323122324  |2 5 6 8 9  |0 1 3 7 9 
   0.001613830131206  2232133234  |0 1 3 7 9  |2 5 6 8 9 
  -0.001609770805834  1441131244  |1 2 7 8 9  |1 2 5 8 9 
   0.001608153313890  2332114324  |0 3 6 8 9  |1 2 6 7 9 
  -0.001608139933025  1322343241  |2 3 5 7 8  |1 4 5 6 8 
  -0.001608131064120  1413223432  |1 4 5 7 9  |1 3 6 7 8 
   0.001606722063046  4414113223  |0 1 3 7 8  |0 1 3 6 9 
   0.001606721711289  4414112332  |0 1 3 6 9  |0 1 3 7 8 
  -0.001606721153682  1414432231  |1 3 4 6 7  |1 3 4 5 8 
  -0.001606720718419  1414423321  |1 3 4 5 8  |1 3 4 6 7 
   0.001606104520968  3432221233  |1 3 4 5 7  |0 1 2 8 9 
   0.001606103981015  2423331322  |0 1 2 8 9  |1 3 4 5 7 
  -0.001606097876757  3324222313  |2 3 4 5 6  |0 1 3 7 9 
  -0.001606097231244  2234333212  |0 1 3 7 9  |2 3 4 5 6 
  -0.001604342863956  4114432231  |0 3 4 6 7  |0 3 4 5 8 
  -0.001604341465286  4114423321  |0 3 4 5 8  |0 3 4 6 7 
   0.001604339387439  4411413223  |0 1 4 7 8  |0 1 4 6 9 
   0.001604338705680  4411412332  |0 1 4 6 9  |0 1 4 7 8 
   0.001603892357469  4444121113  |0 1 2 3 5  |0 1 2 3 9 
   0.001603892154871  1444421113  |1 2 3 4 5  |1 2 3 4 9 
  -0.001603889477598  4444131112  |0 1 2 3 9  |0 1 2 3 5 
  -0.001603885847830  1444431112  |1 2 3 4 9  |1 2 3 4 5 
  -0.001600981591420  3124134124  |2 3 6 8 9  |0 3 5 6 9 
  -0.001599717406020  4414111441  |0 1 3 7 8  |0 1 3 7 8 
  -0.001599698105047  1414414411  |1 3 4 6 7  |1 3 4 6 7 
   0.001598149434870  4244321311  |0 1 2 3 5  |0 2 3 4 7 
  -0.001598143171713  2443411213  |0 1 2 4 7  |1 2 3 4 9 
  -0.001598138436428  3442411312  |1 2 3 4 9  |0 1 2 4 7 
  -0.001597081102155  4321414231  |0 2 4 6 7  |0 1 4 6 8 
  -0.001597080654178  4231414321  |0 1 4 6 8  |0 2 4 6 7 
   0.001597072533804  4132412341  |0 3 4 6 8  |0 2 4 7 8 
   0.001597072415301  4123413241  |0 2 4 7 8  |0 3 4 6 8 
   0.001596777904830  3424231123  |1 2 3 4 8  |0 1 3 5 9 
  -0.001596632176306  3432422131  |1 3 4 5 6  |0 1 2 4 8 
   0.001596626204608  2423433121  |0 1 2 4 8  |1 3 4 5 6 
  -0.001596615138118  4324212133  |0 2 3 4 6  |0 1 3 8 9 
   0.001596605988164  4234313122  |0 1 3 8 9  |0 2 3 4 6 
   0.001596111847243  1223243323  |1 2 4 5 8  |3 5 6 7 9 
   0.001596111751932  1332342232  |3 5 6 7 9  |1 2 4 5 8 
   0.001596107288225  3233123224  |1 5 7 8 9  |0 2 3 6 9 
   0.001596107212892  2322132334  |0 2 3 6 9  |1 5 7 8 9 
  -0.001595726062459  4241311342  |0 1 2 8 9  |0 2 4 7 8 
  -0.001595724907138  4341211243  |0 2 4 7 8  |0 1 2 8 9 
   0.001595685421584  2143434211  |0 2 4 6 7  |2 3 4 5 6 
   0.001595684582889  3142424311  |2 3 4 5 6  |0 2 4 6 7 
   0.001592737236446  2223441331  |0 1 2 4 5  |3 4 5 7 8 
  -0.001592734240936  3332441221  |3 4 5 7 8  |0 1 2 4 5 
   0.001592726072730  4322213314  |0 2 3 4 9  |0 1 6 7 9 
  -0.001590553408462  4141412323  |0 2 4 6 8  |0 2 4 7 9 
   0.001590551605201  4141423231  |0 2 4 5 7  |0 2 4 6 8 
  -0.001590551249313  4141413232  |0 2 4 7 9  |0 2 4 6 8 
   0.001590550643120  4141432321  |0 2 4 6 8  |0 2 4 5 7 
  -0.001589838720295  1324442113  |2 3 4 5 6  |1 3 4 5 9 
   0.001589838274600  4432121134  |0 1 3 5 9  |0 1 2 8 9 
   0.001589837487158  4423131124  |0 1 2 8 9  |0 1 3 5 9 
  -0.001587386309356  3444411211  |1 2 3 4 7  |0 1 2 3 4 
   0.001587360407206  2444411311  |0 1 2 3 4  |1 2 3 4 7 
   0.001587229735176  4444211311  |0 1 2 3 4  |0 1 2 3 7 
  -0.001587188771246  4444311211  |0 1 2 3 7  |0 1 2 3 4 
  -0.001586458378977  3343222312  |2 4 5 6 9  |0 1 2 3 7 
  -0.001586451741438  2343321322  |0 2 5 8 9  |1 2 3 4 7 
  -0.001586447211784  3242231233  |1 2 3 4 7  |0 2 5 8 9 
  -0.001585057430361  2312314423  |0 3 6 7 8  |1 4 6 7 9 
   0.001585034219426  2312323441  |0 3 5 7 8  |1 4 6 7 8 
  -0.001585031042280  3213232441  |1 4 6 7 8  |0 3 5 7 8 
  -0.001582365923292  4214313421  |0 1 3 7 8  |0 3 4 6 7 
  -0.001582364186037  4314212431  |0 3 4 6 7  |0 1 3 7 8 
  -0.001582355379227  3412412431  |1 3 4 6 7  |0 1 4 7 8 
  -0.001582355369811  2413413421  |0 1 4 7 8  |1 3 4 6 7 
  -0.001581385225957  2233441321  |0 1 4 5 8  |2 3 4 5 7 
   0.001581379389807  3322441231  |2 3 4 5 7  |0 1 4 5 8 
   0.001581369275732  4223313214  |0 1 2 7 9  |0 3 4 6 9 
  -0.001581364510408  4332212314  |0 3 4 6 9  |0 1 2 7 9 
   0.001580906927585  4433412211  |0 1 4 6 7  |0 1 2 3 4 
   0.001580902655488  4422413311  |0 1 2 3 4  |0 1 4 6 7 
  -0.001580899281194  4224411331  |0 1 2 3 4  |0 3 4 7 8 
  -0.001580894792405  4334411221  |0 3 4 7 8  |0 1 2 3 4 
  -0.001580838422792  3312222433  |3 4 5 6 7  |0 1 7 8 9 
  -0.001580838094125  2213333422  |0 1 7 8 9  |3 4 5 6 7 
  -0.001580647598969  2333423212  |0 4 5 7 9  |1 2 3 4 6 
  -0.001580646544408  3222432313  |1 2 3 4 6  |0 4 5 7 9 
   0.001580644023822  4333221232  |0 4 5 7 9  |0 1 2 3 8 
  -0.001580221250680  4114314232  |0 3 6 7 9  |0 3 4 6 8 
  -0.001580214099471  4114214323  |0 3 4 6 8  |0 3 6 7 9 
  -0.001580208820953  2411432341  |0 1 4 6 8  |1 4 5 7 8 
  -0.001580206528038  3411423241  |1 4 5 7 8  |0 1 4 6 8 
   0.001579638639104  3244321123  |1 2 3 5 8  |0 2 3 4 9 
  -0.001579625356233  2443223113  |0 1 2 4 5  |1 2 3 6 9 
   0.001579619024193  3442332112  |1 2 3 6 9  |0 1 2 4 5 
   0.001579053090888  1323442213  |2 4 5 6 7  |1 3 4 5 9 
  -0.001579047184374  1232443312  |1 3 4 5 9  |2 4 5 6 7 
   0.001579045881215  4323131224  |0 2 7 8 9  |0 1 3 5 9 
  -0.001578048657633  4142323114  |0 2 3 5 9  |0 2 4 6 9 
   0.001578048515211  2341441123  |0 2 4 5 8  |1 2 4 5 9 
  -0.001578047039295  4143232114  |0 2 4 6 9  |0 2 3 5 9 
   0.001578046101902  3241441132  |1 2 4 5 9  |0 2 4 5 8 
  -0.001577674860041  4144213321  |0 2 3 4 8  |0 2 3 6 7 
   0.001577662078630  2441412331  |0 1 2 4 6  |1 2 4 7 8 
   0.001577619063119  4322331232  |0 2 3 7 9  |0 1 4 5 8 
  -0.001577614265485  2332432312  |0 3 4 6 9  |1 2 4 5 7 
  -0.001576918997050  4132414123  |0 3 4 6 8  |0 2 4 6 9 
  -0.001576918741744  4123414132  |0 2 4 6 9  |0 3 4 6 8 
   0.001576917978982  4321423141  |0 2 4 5 8  |0 1 4 6 8 
  -0.001575558271003  3144414121  |2 3 4 6 8  |0 2 3 4 6 
   0.001575555741214  2144414131  |0 2 3 4 6  |2 3 4 6 8 
   0.001575542505662  4441213141  |0 1 2 4 8  |0 1 2 6 8 
  -0.001575539626534  4441312141  |0 1 2 6 8  |0 1 2 4 8 
  -0.001572552353527  2212233433  |0 1 3 4 7  |5 6 7 8 9 
  -0.001572552317613  3313322422  |5 6 7 8 9  |0 1 3 4 7 
   0.001571766616902  1432343122  |1 3 5 8 9  |1 2 4 5 6 
  -0.001571753952896  3234122134  |1 3 5 6 9  |0 2 3 8 9 
   0.001571750833105  2324133124  |0 2 3 8 9  |1 3 5 6 9 
   0.001571023975120  3442232113  |1 2 3 4 6  |0 1 2 5 9 
   0.001569648832089  4223214133  |0 1 2 4 6  |0 3 6 8 9 
  -0.001569642013002  4332314122  |0 3 6 8 9  |0 1 2 4 6 
  -0.001569636423902  3233422141  |1 4 5 6 8  |0 2 3 4 8 
   0.001569634202540  2322433141  |0 2 3 4 8  |1 4 5 6 8 
  -0.001568986019063  4421311441  |0 1 2 7 8  |0 1 4 7 8 
   0.001568985121614  4431211441  |0 1 4 7 8  |0 1 2 7 8 
   0.001568969741841  3124414411  |2 3 4 6 7  |0 3 4 6 7 
  -0.001568968570156  2134414411  |0 3 4 6 7  |2 3 4 6 7 
   0.001566155823568  3324322123  |2 3 5 6 8  |0 1 3 4 9 
   0.001566142452863  2432223133  |0 1 3 4 5  |1 2 6 8 9 
   0.001566137649981  3423332122  |1 2 6 8 9  |0 1 3 4 5 
  -0.001565395459870  4233121324  |0 1 5 8 9  |0 2 3 7 9 
   0.001565389675763  4322131234  |0 2 3 7 9  |0 1 5 8 9 
  -0.001561985657190  3414231421  |1 3 4 7 8  |0 1 3 5 7 
  -0.001560639142868  2341441132  |0 2 4 5 9  |1 2 4 5 8 
   0.001560638488855  4142332114  |0 2 3 6 9  |0 2 4 5 9 
   0.001560637050491  4143223114  |0 2 4 5 9  |0 2 3 6 9 
   0.001559495041209  2244323131  |0 1 2 3 5  |2 3 4 6 8 
  -0.001559488804006  3344232121  |2 3 4 6 8  |0 1 2 3 5 
   0.001559488213699  2443312123  |0 1 2 6 8  |1 2 3 4 9 
  -0.001559481677664  3442213132  |1 2 3 4 9  |0 1 2 6 8 
  -0.001559149926640  3214442311  |1 3 4 5 6  |0 3 4 5 7 
  -0.001559149816736  2314443211  |0 3 4 5 7  |1 3 4 5 6 
  -0.001559145986549  4413211234  |0 1 4 7 9  |0 1 3 8 9 
  -0.001557258841003  1431441142  |1 4 5 8 9  |1 2 4 5 8 
  -0.001557256009613  4124134114  |0 2 3 6 9  |0 3 5 6 9 
   0.001557254338888  4134124114  |0 3 5 6 9  |0 2 3 6 9 
   0.001556740297021  2344322131  |0 2 3 5 6  |1 2 3 4 8 
  -0.001556734110958  3244233121  |1 2 3 4 8  |0 2 3 5 6 
   0.001556663252647  1322341423  |2 3 5 7 8  |1 4 5 7 9 
  -0.001556661950174  1233241432  |1 4 5 7 9  |2 3 5 7 8 
  -0.001556654519944  2332123414  |0 3 5 7 9  |1 2 6 7 9 
   0.001556654240335  3223132414  |1 2 6 7 9  |0 3 5 7 9 
  -0.001551623847712  1432342123  |1 3 5 6 8  |1 2 4 5 9 
  -0.001551617472520  2324123134  |0 2 3 5 9  |1 3 6 8 9 
   0.001551616191616  1423243132  |1 2 4 5 9  |1 3 5 6 8 
   0.001551608637529  3234132124  |1 3 6 8 9  |0 2 3 5 9 
   0.001550563400198  1244241133  |1 2 3 4 5  |2 3 5 8 9 
  -0.001550552136334  3443122114  |1 2 5 6 9  |0 1 2 3 9 
  -0.001550548805354  2442133114  |0 1 2 3 9  |1 2 5 6 9 
  -0.001549836830626  4232314114  |0 1 3 6 9  |0 2 4 6 9 
  -0.001549833363746  2323441141  |0 2 4 5 8  |1 3 4 5 8 
  -0.001549831775119  3232441141  |1 3 4 5 8  |0 2 4 5 8 
   0.001547601811945  2423423113  |0 1 2 4 5  |1 3 4 6 9 
   0.001547546811558  1241243143  |1 2 4 5 8  |2 5 6 8 9 
   0.001547546437494  1341342142  |2 5 6 8 9  |1 2 4 5 8 
  -0.001547520388986  3143124124  |2 5 6 8 9  |0 2 3 6 9 
  -0.001547519583007  2142134134  |0 2 3 6 9  |2 5 6 8 9 
   0.001547484698360  4343212213  |0 2 4 6 7  |0 1 2 3 9 
   0.001547481966460  3242421331  |1 2 3 4 5  |0 2 4 7 8 
  -0.001547476240564  2343431221  |0 2 4 7 8  |1 2 3 4 5 
  -0.001547475377195  4242313312  |0 1 2 3 9  |0 2 4 6 7 
   0.001547203156562  3444412111  |1 2 3 4 6  |0 1 2 3 4 
  -0.001547159045788  2444413111  |0 1 2 3 4  |1 2 3 4 6 
  -0.001547020596650  4444211131  |0 1 2 3 4  |0 1 2 3 8 
   0.001546931137714  4444311121  |0 1 2 3 8  |0 1 2 3 4 
  -0.001546167781777  1441241143  |1 2 4 5 8  |1 2 5 8 9 
  -0.001546142143297  3144124114  |2 3 5 6 9  |0 2 3 6 9 
   0.001546126787324  2144134114  |0 2 3 6 9  |2 3 5 6 9 
   0.001546109713066  1441341142  |1 2 5 8 9  |1 2 4 5 8 
   0.001544504811082  4143412123  |0 2 4 6 8  |0 2 3 4 9 
   0.001544502397961  4142413132  |0 2 3 4 9  |0 2 4 6 8 
   0.001544493911070  4241423131  |0 1 2 4 5  |0 2 4 6 8 
   0.001544492799363  4341432121  |0 2 4 6 8  |0 1 2 4 5 
  -0.001544297639129  3423441211  |1 2 4 5 7  |0 1 3 4 5 
  -0.001544295204553  2432441311  |0 1 3 4 5  |1 2 4 5 7 
  -0.001544291202411  4234211314  |0 1 3 4 9  |0 2 3 7 9 
   0.001541207630069  3234222313  |1 3 4 5 6  |0 2 3 7 9 
   0.001541200987771  1214243413  |1 3 4 5 7  |3 5 6 7 9 
   0.001541200884795  1314342412  |3 5 6 7 9  |1 3 4 5 7 
   0.001541198735175  2324333212  |0 2 3 7 9  |1 3 4 5 6 
  -0.001541186581989  3423221233  |1 2 4 5 7  |0 1 3 8 9 
  -0.001541179175793  2432331322  |0 1 3 8 9  |1 2 4 5 7 
  -0.001541172144413  3413121424  |1 5 7 8 9  |0 1 3 7 9 
  -0.001541171579784  2412131434  |0 1 3 7 9  |1 5 7 8 9 
  -0.001538656324572  4234411213  |0 1 3 4 7  |0 2 3 4 9 
  -0.001538654107264  4324411312  |0 2 3 4 9  |0 1 3 4 7 
  -0.001538652266422  4423421311  |0 1 2 4 5  |0 1 3 4 7 
  -0.001538651185705  4432431211  |0 1 3 4 7  |0 1 2 4 5 
   0.001535998520920  2412341323  |0 1 3 5 8  |1 4 5 7 9 
  -0.001535995805997  3413241232  |1 4 5 7 9  |0 1 3 5 8 
  -0.001532799361788  1134244411  |3 4 5 6 7  |2 3 5 6 7 
  -0.001532789476794  3421111444  |1 2 7 8 9  |0 1 7 8 9 
  -0.001532060842685  2444211313  |0 1 2 3 4  |1 2 3 7 9 
  -0.001532058878520  3444311212  |1 2 3 7 9  |0 1 2 3 4 
   0.001532053853901  3444321211  |1 2 3 5 7  |0 1 2 3 4 
   0.001532049676929  2444231311  |0 1 2 3 4  |1 2 3 5 7 
  -0.001529574290812  4133412241  |0 4 6 7 8  |0 2 3 4 8 
   0.001529574264015  4221414331  |0 1 2 4 6  |0 4 6 7 8 
  -0.001528451059084  4322131324  |0 2 3 8 9  |0 1 5 7 9 
   0.001528449818235  1332443212  |3 4 5 7 9  |1 2 4 5 6 
  -0.001528334744634  4214423311  |0 1 3 4 5  |0 3 4 6 7 
  -0.001528334109199  4314432211  |0 3 4 6 7  |0 1 3 4 5 
  -0.001528330221518  4413411223  |0 1 4 7 8  |0 1 3 4 9 
  -0.001528327429359  4412411332  |0 1 3 4 9  |0 1 4 7 8 
   0.001528059415380  4424312311  |0 1 2 3 6  |0 1 3 4 7 
  -0.001528057714741  2434411231  |0 1 3 4 7  |1 2 3 4 8 
  -0.001528057206873  3424411321  |1 2 3 4 8  |0 1 3 4 7 
   0.001528057121932  4434213211  |0 1 3 4 7  |0 1 2 3 6 
   0.001527648557776  1322242333  |2 3 4 5 6  |1 5 7 8 9 
   0.001527648342104  1233343222  |1 5 7 8 9  |2 3 4 5 6 
   0.001527646599898  3332122234  |3 5 6 7 9  |0 1 2 8 9 
   0.001527646425498  2223133324  |0 1 2 8 9  |3 5 6 7 9 
  -0.001522224893812  3414411421  |1 3 4 7 8  |0 1 3 4 7 
   0.001522222252645  2414411431  |0 1 3 4 7  |1 3 4 7 8 
   0.001522208552954  4414213411  |0 1 3 4 7  |0 1 3 6 7 
  -0.001521138246238  3324322312  |2 3 5 6 9  |0 1 3 4 7 
   0.001521138020609  3423321322  |1 2 5 8 9  |0 1 3 4 7 
  -0.001521137927985  2234233213  |0 1 3 4 7  |2 3 5 6 9 
   0.001521137890202  2432231233  |0 1 3 4 7  |1 2 5 8 9 
   0.001520347459002  1341242143  |2 4 5 6 8  |1 2 5 8 9 
   0.001520347086081  1241343142  |1 2 5 8 9  |2 4 5 6 8 
  -0.001520313837598  3142124134  |2 3 5 6 9  |0 2 6 8 9 
  -0.001520313092549  2143134124  |0 2 6 8 9  |2 3 5 6 9 
   0.001520090747690  1314242413  |3 4 5 6 7  |1 3 5 7 9 
   0.001520090301912  1214343412  |1 3 5 7 9  |3 4 5 6 7 
  -0.001520060829249  3412121434  |1 3 5 7 9  |0 1 7 8 9 
  -0.001520060128598  2413131424  |0 1 7 8 9  |1 3 5 7 9 
   0.001517525493924  1414423231  |1 3 4 5 7  |1 3 4 6 8 
  -0.001517523293691  4414112323  |0 1 3 6 8  |0 1 3 7 9 
   0.001517523077570  1414432321  |1 3 4 6 8  |1 3 4 5 7 
  -0.001517521706570  4414113232  |0 1 3 7 9  |0 1 3 6 8 
   0.001513391417221  3212332441  |1 3 6 7 8  |0 4 5 7 8 
   0.001512932699853  1333242223  |4 5 6 7 8  |1 2 3 5 9 
   0.001512932581496  1222343332  |1 2 3 5 9  |4 5 6 7 8 
   0.001512926376994  3222123334  |1 2 3 5 9  |0 6 7 8 9 
   0.001512926267180  2333132224  |0 6 7 8 9  |1 2 3 5 9 
   0.001510142878722  1434421231  |1 3 4 5 7  |1 2 3 4 8 
   0.001510140978134  1424431321  |1 2 3 4 8  |1 3 4 5 7 
  -0.001510128445392  4424112313  |0 1 2 3 6  |0 1 3 7 9 
  -0.001510127042404  4434113212  |0 1 3 7 9  |0 1 2 3 6 
   0.001509154858144  4343312212  |0 2 6 7 9  |0 1 2 3 4 
   0.001509147199026  2242431331  |0 1 2 3 4  |2 4 5 7 8 
  -0.001509145942711  4242213313  |0 1 2 3 4  |0 2 6 7 9 
  -0.001509141148394  3343421221  |2 4 5 7 8  |0 1 2 3 4 
   0.001507664241190  3214432312  |1 3 4 6 9  |0 3 4 5 7 
   0.001504948467196  3432123124  |1 3 5 8 9  |0 1 2 6 9 
   0.001503114873910  3433321222  |1 5 7 8 9  |0 1 2 3 4 
   0.001503114731986  2422231333  |0 1 2 3 4  |1 5 7 8 9 
  -0.001503108329450  3334322212  |3 5 6 7 9  |0 1 2 3 4 
  -0.001503108129585  2224233313  |0 1 2 3 4  |3 5 6 7 9 
   0.001497832322469  3324322231  |2 3 5 6 7  |0 1 3 4 8 
   0.001497828753005  2234233321  |0 1 3 4 8  |2 3 5 6 7 
   0.001497824150921  2432212333  |0 1 3 4 6  |1 2 7 8 9 
   0.001497820447593  3423313222  |1 2 7 8 9  |0 1 3 4 6 
  -0.001496442399721  2323432213  |0 2 4 6 7  |1 3 4 5 9 
   0.001496426348834  4232321332  |0 1 3 5 9  |0 2 4 7 8 
   0.001496422579077  4323231223  |0 2 4 7 8  |0 1 3 5 9 
  -0.001496190151453  4321411423  |0 2 4 7 8  |0 1 4 7 9 
   0.001496189816581  4123432411  |0 2 4 6 7  |0 3 4 5 7 
  -0.001496189797041  4231411432  |0 1 4 7 9  |0 2 4 7 8 
   0.001496188206515  4132423411  |0 3 4 5 7  |0 2 4 6 7 
   0.001493895012423  2424321331  |0 1 2 3 5  |1 3 4 7 8 
  -0.001493887674435  3434231221  |1 3 4 7 8  |0 1 2 3 5 
   0.001493418351377  3212341423  |1 3 5 7 8  |0 4 5 7 9 
   0.001492702364703  1344342211  |2 3 5 6 7  |1 2 3 4 5 
   0.001492698859569  1244243311  |1 2 3 4 5  |2 3 5 6 7 
   0.001492692355162  2442111334  |0 1 2 3 9  |1 2 7 8 9 
   0.001492691596152  3443111224  |1 2 7 8 9  |0 1 2 3 9 
  -0.001490939404894  1313142424  |5 6 7 8 9  |1 3 5 7 9 
  -0.001490939368381  1212143434  |1 3 5 7 9  |5 6 7 8 9 
   0.001490646261548  3224232331  |1 2 3 4 6  |0 3 5 7 8 
   0.001490638044244  3433212232  |1 4 6 7 9  |0 1 2 3 8 
   0.001489247459453  1444121134  |1 2 3 5 9  |1 2 3 8 9 
  -0.001489239395082  1444142113  |1 2 3 5 6  |1 2 3 5 9 
  -0.001489039159356  2344321312  |0 2 3 5 9  |1 2 3 4 7 
   0.001489029197078  2442331213  |0 1 2 3 7  |1 2 4 5 9 
   0.001489025317349  3244231213  |1 2 3 4 7  |0 2 3 5 9 
  -0.001489023009321  3443221312  |1 2 4 5 9  |0 1 2 3 7 
  -0.001486640915885  4141214143  |0 2 4 6 8  |0 2 6 8 9 
  -0.001486620669435  3141424141  |2 4 5 6 8  |0 2 4 6 8 
   0.001486606140986  2141434141  |0 2 4 6 8  |2 4 5 6 8 
   0.001486585619590  4141314142  |0 2 6 8 9  |0 2 4 6 8 
   0.001485351151747  2244431113  |0 1 2 3 4  |2 3 4 5 9 
   0.001485347193259  3344421112  |2 3 4 5 9  |0 1 2 3 4 
   0.001485343545772  4443321112  |0 1 2 5 9  |0 1 2 3 4 
   0.001485340939359  4442231113  |0 1 2 3 4  |0 1 2 5 9 
   0.001485071947540  2322323314  |0 2 3 5 9  |1 4 6 7 9 
   0.001481959382087  4411411243  |0 1 4 7 8  |0 1 4 8 9 
  -0.001481958153817  4411411342  |0 1 4 8 9  |0 1 4 7 8 
   0.001481955013584  4114434211  |0 3 4 6 7  |0 3 4 5 6 
  -0.001480043189345  3444241111  |1 2 3 4 5  |0 1 2 3 5 
   0.001480025731549  2444311114  |0 1 2 3 9  |1 2 3 4 9 
  -0.001480022899423  3444211114  |1 2 3 4 9  |0 1 2 3 9 
  -0.001478280750642  1344422311  |2 3 4 5 6  |1 2 3 4 7 
  -0.001478279143739  1244433211  |1 2 3 4 7  |2 3 4 5 6 
  -0.001478271251651  4442111233  |0 1 2 3 7  |0 1 2 8 9 
  -0.001478269576693  4443111322  |0 1 2 8 9  |0 1 2 3 7 
   0.001476367934616  1432321423  |1 3 5 7 8  |1 2 4 7 9 
  -0.001476204080412  4223314123  |0 1 2 6 8  |0 3 4 6 9 
   0.001476199879825  4332214132  |0 3 4 6 9  |0 1 2 6 8 
   0.001476192416854  2233423141  |0 1 4 5 8  |2 3 4 6 8 
  -0.001474692590133  2343221323  |0 2 4 5 8  |1 2 3 7 9 
  -0.001474691428524  2343232312  |0 2 4 6 9  |1 2 3 5 7 
  -0.001474687815621  3242331232  |1 2 3 7 9  |0 2 4 5 8 
   0.001474144922023  4144312312  |0 2 3 6 9  |0 2 3 4 7 
   0.001474128480276  4144213213  |0 2 3 4 7  |0 2 3 6 9 
   0.001474103230194  2441431231  |0 1 2 4 7  |1 2 4 5 8 
   0.001474098481296  3441421321  |1 2 4 5 8  |0 1 2 4 7 
  -0.001472807054945  1213143424  |1 5 7 8 9  |3 5 6 7 9 
  -0.001472410244621  2323423312  |0 2 4 5 9  |1 3 4 6 7 
  -0.001472408549083  3232432213  |1 3 4 6 7  |0 2 4 5 9 
   0.001472400365492  4232331223  |0 1 3 7 8  |0 2 4 5 9 
  -0.001468940653364  4422111433  |0 1 2 3 7  |0 1 7 8 9 
   0.001468939454310  1334422411  |3 4 5 6 7  |1 2 3 4 7 
  -0.001468938692403  4433111422  |0 1 7 8 9  |0 1 2 3 7 
   0.001468938580693  1224433411  |1 2 3 4 7  |3 4 5 6 7 
   0.001467263718118  1243241233  |1 2 4 5 7  |2 3 5 8 9 
  -0.001465975031647  4121434141  |0 2 4 6 8  |0 4 5 6 8 
   0.001465973663909  4131424141  |0 4 5 6 8  |0 2 4 6 8 
   0.001464778658623  2324223331  |0 2 3 4 5  |1 3 6 7 8 
   0.001464777423958  3234332221  |1 3 6 7 8  |0 2 3 4 5 
  -0.001457803162550  2413112434  |0 1 6 7 9  |1 3 7 8 9 
  -0.001457491027989  4412431411  |0 1 3 4 7  |0 1 4 5 7 
   0.001457488005365  4413421411  |0 1 4 5 7  |0 1 3 4 7 
  -0.001457484053116  4314411412  |0 3 4 7 9  |0 1 3 4 7 
   0.001457480989923  4214411413  |0 1 3 4 7  |0 3 4 7 9 
  -0.001455386341829  4411211443  |0 1 4 7 8  |0 1 7 8 9 
  -0.001455368596205  3114424411  |3 4 5 6 7  |0 3 4 6 7 
   0.001455353872257  2114434411  |0 3 4 6 7  |3 4 5 6 7 
   0.001455329518740  4411311442  |0 1 7 8 9  |0 1 4 7 8 
  -0.001450983654482  3414412411  |1 3 4 6 7  |0 1 3 4 7 
   0.001450966202380  2414413411  |0 1 3 4 7  |1 3 4 6 7 
   0.001450904194659  4414211431  |0 1 3 4 7  |0 1 3 7 8 
  -0.001450865766763  4414311421  |0 1 3 7 8  |0 1 3 4 7 
  -0.001450537016371  4443311221  |0 1 2 7 8  |0 1 2 3 4 
  -0.001450532050708  4442211331  |0 1 2 3 4  |0 1 2 7 8 
  -0.001450520236740  2244413311  |0 1 2 3 4  |2 3 4 6 7 
  -0.001450517271393  3344412211  |2 3 4 6 7  |0 1 2 3 4 
  -0.001448326907790  2344241113  |0 2 3 4 5  |1 2 3 5 9 
  -0.001448326264845  3442321114  |1 2 3 5 9  |0 1 2 4 9 
  -0.001448320435573  2443231114  |0 1 2 4 9  |1 2 3 5 9 
  -0.001448311527054  3244341112  |1 2 3 5 9  |0 2 3 4 5 
   0.001446942066135  2224333123  |0 1 2 3 8  |3 4 5 6 9 
   0.001446938887036  3334222132  |3 4 5 6 9  |0 1 2 3 8 
   0.001446918125496  3422232133  |1 2 3 4 6  |0 1 5 8 9 
   0.001445106333263  4211213443  |0 1 4 7 8  |0 6 7 8 9 
   0.001445106216547  4311312442  |0 6 7 8 9  |0 1 4 7 8 
  -0.001445076223212  3113424421  |4 5 6 7 8  |0 3 4 6 7 
  -0.001445075612399  2112434431  |0 3 4 6 7  |4 5 6 7 8 
  -0.001442595534618  2244332131  |0 1 2 3 6  |2 3 4 5 8 
   0.001442590652381  3344223121  |2 3 4 5 8  |0 1 2 3 6 
  -0.001442586001273  2443312132  |0 1 2 6 9  |1 2 3 4 8 
   0.001442578151367  3442213123  |1 2 3 4 8  |0 1 2 6 9 
   0.001442190583000  3424331221  |1 2 3 7 8  |0 1 3 4 5 
   0.001441699209694  3422221333  |1 2 3 4 5  |0 1 7 8 9 
   0.001441698828747  2433331222  |0 1 7 8 9  |1 2 3 4 5 
  -0.001441695009090  3334222213  |3 4 5 6 7  |0 1 2 3 9 
  -0.001441694440807  2224333312  |0 1 2 3 9  |3 4 5 6 7 
   0.001441615440196  1244344111  |1 2 3 5 6  |2 3 4 5 6 
   0.001440473935580  1423422331  |1 2 4 5 6  |1 3 4 7 8 
  -0.001440471242408  1432433221  |1 3 4 7 8  |1 2 4 5 6 
   0.001438214834231  4234321312  |0 1 3 5 9  |0 2 3 4 7 
  -0.001438201364756  4324231213  |0 2 3 4 7  |0 1 3 5 9 
   0.001438185031631  2423431213  |0 1 2 4 7  |1 3 4 5 9 
  -0.001438178584783  3432421312  |1 3 4 5 9  |0 1 2 4 7 
   0.001437053357567  4311212443  |0 4 6 7 8  |0 1 7 8 9 
   0.001437052604035  4211313442  |0 1 7 8 9  |0 4 6 7 8 
  -0.001437021878354  3112424431  |3 4 5 6 7  |0 4 6 7 8 
  -0.001437021003044  2113434421  |0 4 6 7 8  |3 4 5 6 7 
  -0.001435629340469  2444311312  |0 1 2 3 9  |1 2 3 4 7 
  -0.001435628014379  3444211213  |1 2 3 4 7  |0 1 2 3 9 
   0.001435617209781  2444331211  |0 1 2 3 7  |1 2 3 4 5 
   0.001435614255037  3444221311  |1 2 3 4 5  |0 1 2 3 7 
  -0.001432543210083  1432422331  |1 3 4 5 6  |1 2 4 7 8 
   0.001432537928033  1423433221  |1 2 4 7 8  |1 3 4 5 6 
  -0.001432533264267  4324112233  |0 2 3 6 7  |0 1 3 8 9 
   0.001432522183977  3232123234  |1 3 5 7 9  |0 2 6 8 9 
   0.001432522085325  1323242323  |2 4 5 6 8  |1 3 5 7 9 
   0.001432522042324  2323132324  |0 2 6 8 9  |1 3 5 7 9 
   0.001432521940707  1232343232  |1 3 5 7 9  |2 4 5 6 8 
   0.001432172975337  3124324213  |2 3 5 6 7  |0 3 4 6 9 
  -0.001432166489993  2134234312  |0 3 4 6 9  |2 3 5 6 7 
   0.001430643250861  1423423213  |1 2 4 5 7  |1 3 4 6 9 
   0.001430634641579  4324131232  |0 2 3 7 9  |0 1 3 5 8 
  -0.001428858499145  2234443111  |0 1 3 4 5  |2 3 4 5 6 
  -0.001428855877938  3324442111  |2 3 4 5 6  |0 1 3 4 5 
   0.001428848748755  4423311124  |0 1 2 8 9  |0 1 3 4 9 
   0.001428844757897  4432211134  |0 1 3 4 9  |0 1 2 8 9 
   0.001428348058110  2344321132  |0 2 3 5 9  |1 2 3 4 8 
  -0.001428342171564  2442332113  |0 1 2 3 6  |1 2 4 5 9 
  -0.001428341940156  3244231123  |1 2 3 4 8  |0 2 3 5 9 
   0.001428338097132  3443223112  |1 2 4 5 9  |0 1 2 3 6 
   0.001424539651058  3424213132  |1 2 3 4 9  |0 1 3 6 8 
   0.001424162336036  4432111423  |0 1 3 7 8  |0 1 2 7 9 
   0.001424161963201  4423111432  |0 1 2 7 9  |0 1 3 7 8 
  -0.001424154606975  1324423411  |2 3 4 5 7  |1 3 4 6 7 
  -0.001424154181020  1234432411  |1 3 4 6 7  |2 3 4 5 7 
   0.001422595880958  2433312322  |0 1 6 8 9  |1 2 3 4 7 
   0.001422592567280  3422213233  |1 2 3 4 7  |0 1 6 8 9 
   0.001419072197146  3432321232  |1 3 5 7 9  |0 1 2 4 8 
   0.001419071966408  2423231323  |0 1 2 4 8  |1 3 5 7 9 
  -0.001419062437840  3234323212  |1 3 5 7 9  |0 2 3 4 6 
  -0.001419062361255  2324232313  |0 2 3 4 6  |1 3 5 7 9 
   0.001418925654591  4323414211  |0 2 4 6 7  |0 1 3 4 6 
   0.001418919728687  4232414311  |0 1 3 4 6  |0 2 4 6 7 
   0.001418907348970  4232411341  |0 1 3 4 8  |0 2 4 7 8 
   0.001418902202348  4323411241  |0 2 4 7 8  |0 1 3 4 8 
  -0.001418648844761  2334123223  |0 3 5 7 8  |1 2 3 6 9 
  -0.001418645207192  3224132332  |1 2 3 6 9  |0 3 5 7 8 
  -0.001418644189735  1422323323  |1 2 3 5 8  |1 4 6 7 9 
  -0.001417263698417  3241414123  |1 2 4 6 8  |0 2 4 6 9 
   0.001417262597136  4142332141  |0 2 3 6 8  |0 2 4 5 8 
  -0.001417194478600  1444223113  |1 2 3 4 5  |1 2 3 6 9 
  -0.001417178361879  1444332112  |1 2 3 6 9  |1 2 3 4 5 
   0.001417175543887  3444121123  |1 2 3 5 8  |0 1 2 3 9 
   0.001417169964610  2444131132  |0 1 2 3 9  |1 2 3 5 8 
  -0.001417133495016  4221314143  |0 1 2 6 8  |0 4 6 8 9 
  -0.001415931254031  1234242331  |1 3 4 5 6  |2 3 5 7 8 
   0.001415926049092  1324343221  |2 3 5 7 8  |1 3 4 5 6 
   0.001415919395895  2432113324  |0 1 3 8 9  |1 2 6 7 9 
  -0.001414099063380  1443242113  |1 2 4 5 6  |1 2 3 5 9 
  -0.001414097435557  1442343112  |1 2 3 5 9  |1 2 4 5 6 
   0.001414071498950  2344131124  |0 2 3 8 9  |1 2 3 5 9 
  -0.001411765426613  3243222133  |1 2 4 5 6  |0 2 3 8 9 
  -0.001411759698025  2342333122  |0 2 3 8 9  |1 2 4 5 6 
  -0.001409373159178  4142434111  |0 2 3 4 6  |0 2 4 5 6 
   0.001409370656873  4143424111  |0 2 4 5 6  |0 2 3 4 6 
  -0.001409367211280  4341411142  |0 2 4 8 9  |0 1 2 4 8 
   0.001409364475866  4241411143  |0 1 2 4 8  |0 2 4 8 9 
  -0.001409300751104  3222433141  |1 2 3 4 8  |0 4 5 6 8 
  -0.001407224978272  4242431113  |0 1 2 3 4  |0 2 4 5 9 
  -0.001407224644965  4343421112  |0 2 4 5 9  |0 1 2 3 4 
   0.001406798723965  1442341321  |1 2 3 5 8  |1 2 4 5 7 
   0.001406797650942  1443241231  |1 2 4 5 7  |1 2 3 5 8 
   0.001406781085182  3244112314  |1 2 3 6 9  |0 2 3 7 9 
   0.001406779557292  2344113214  |0 2 3 7 9  |1 2 3 6 9 
  -0.001405979659823  1442441113  |1 2 3 4 5  |1 2 4 5 9 
   0.001405935179445  1443441112  |1 2 4 5 9  |1 2 3 4 5 
  -0.001405872195314  4344121114  |0 2 3 5 9  |0 1 2 3 9 
   0.001405849002748  4244131114  |0 1 2 3 9  |0 2 3 5 9 
  -0.001400680567869  3243241312  |1 2 4 5 9  |0 2 3 5 7 
  -0.001397811447941  4143212233  |0 2 4 6 7  |0 2 3 8 9 
   0.001397805210048  4142313322  |0 2 3 8 9  |0 2 4 6 7 
   0.001397796074458  3241414132  |1 2 4 6 9  |0 2 4 6 8 
   0.001397794477893  3241422331  |1 2 4 5 6  |0 2 4 7 8 
  -0.001397792523628  2341433221  |0 2 4 7 8  |1 2 4 5 6 
  -0.001397787613838  4142323141  |0 2 3 5 8  |0 2 4 6 8 
  -0.001397786222895  4143232141  |0 2 4 6 8  |0 2 3 5 8 
   0.001397326489906  1433242132  |1 4 5 6 9  |1 2 3 5 8 
   0.001397294577995  3224132134  |1 2 3 6 9  |0 3 5 8 9 
   0.001394328970074  4231411423  |0 1 4 7 8  |0 2 4 7 9 
  -0.001394328181086  4123423411  |0 2 4 5 7  |0 3 4 6 7 
   0.001394326962316  4321411432  |0 2 4 7 9  |0 1 4 7 8 
  -0.001394326005396  4132432411  |0 3 4 6 7  |0 2 4 5 7 
  -0.001394167750426  3432432211  |1 3 4 6 7  |0 1 2 4 5 
  -0.001394158724799  4234311223  |0 1 3 7 8  |0 2 3 4 9 
   0.001394155303820  4324211332  |0 2 3 4 9  |0 1 3 7 8 
  -0.001392751383829  3312322432  |3 5 6 7 9  |0 1 4 7 8 
  -0.001392751304130  2213233423  |0 1 4 7 8  |3 5 6 7 9 
  -0.001392747101037  2312232433  |0 3 4 6 7  |1 5 7 8 9 
  -0.001392747044064  3213323422  |1 5 7 8 9  |0 3 4 6 7 
  -0.001390952214848  2423321323  |0 1 2 5 8  |1 3 4 7 9 
   0.001390948849025  2234323213  |0 1 3 5 7  |2 3 4 6 9 
   0.001390942032808  3324232312  |2 3 4 6 9  |0 1 3 5 7 
  -0.001389700148354  3313222423  |4 5 6 7 8  |0 1 3 7 9 
  -0.001389699935059  2212333432  |0 1 3 7 9  |4 5 6 7 8 
  -0.001389695080619  3212223433  |1 3 4 5 7  |0 6 7 8 9 
  -0.001389694808258  2313332422  |0 6 7 8 9  |1 3 4 5 7 
  -0.001385819807443  3214414231  |1 3 4 6 7  |0 3 4 6 8 
  -0.001385818900767  2314414321  |0 3 4 6 8  |1 3 4 6 7 
  -0.001385818073302  4413212341  |0 1 4 6 8  |0 1 3 7 8 
   0.001384515286782  2433421312  |0 1 4 5 9  |1 2 3 4 7 
  -0.001384510162500  3422431213  |1 2 3 4 7  |0 1 4 5 9 
  -0.001379897518042  1414241413  |1 3 4 5 7  |1 3 5 7 9 
  -0.001379893649344  3414121414  |1 3 5 7 9  |0 1 3 7 9 
   0.001379877119399  2414131414  |0 1 3 7 9  |1 3 5 7 9 
   0.001379835545157  1414341412  |1 3 5 7 9  |1 3 4 5 7 
   0.001379804606579  3421321243  |1 2 5 7 8  |0 1 4 8 9 
  -0.001379798623792  2431231342  |0 1 4 8 9  |1 2 5 7 8 
   0.001378932052794  1324143223  |2 3 5 7 8  |1 3 5 6 9 
  -0.001378476932905  4423113214  |0 1 2 7 9  |0 1 3 6 9 
  -0.001378474818679  4432112314  |0 1 3 6 9  |0 1 2 7 9 
   0.001378468778958  1324441231  |2 3 4 5 7  |1 3 4 5 8 
   0.001378467016986  1234441321  |1 3 4 5 8  |2 3 4 5 7 
  -0.001377898335303  4442312131  |0 1 2 3 6  |0 1 2 4 8 
  -0.001377897608882  4443213121  |0 1 2 4 8  |0 1 2 3 6 
  -0.001377884305233  2344412131  |0 2 3 4 6  |1 2 3 4 8 
  -0.001377882003315  3244413121  |1 2 3 4 8  |0 2 3 4 6 
  -0.001376012497228  2434321321  |0 1 3 5 8  |1 2 3 4 7 
   0.001376001712280  2424313213  |0 1 2 3 7  |1 3 4 6 9 
  -0.001375997270223  3434212312  |1 3 4 6 9  |0 1 2 3 7 
   0.001375010060271  2433112234  |0 1 6 7 9  |1 2 3 8 9 
   0.001369948216599  2432231332  |0 1 3 4 9  |1 2 5 7 8 
  -0.001368915183616  3242132314  |1 2 3 6 9  |0 2 5 7 9 
  -0.001368908535286  1343241232  |2 4 5 7 9  |1 2 3 5 8 
   0.001368202418858  1233243223  |1 4 5 7 8  |2 3 5 6 9 
   0.001368202364218  1322342332  |2 3 5 6 9  |1 4 5 7 8 
   0.001368196587266  3223123324  |1 2 5 8 9  |0 3 6 7 9 
   0.001368196424905  2332132234  |0 3 6 7 9  |1 2 5 8 9 
   0.001365606923953  2433223123  |0 1 4 5 8  |1 2 3 6 9 
   0.001364277608008  1143242332  |2 4 5 6 9  |2 3 5 7 8 
   0.001363434749552  3423221323  |1 2 4 5 8  |0 1 3 7 9 
   0.001363434466885  2432331232  |0 1 3 7 9  |1 2 4 5 8 
  -0.001363421350550  3234223213  |1 3 4 5 7  |0 2 3 6 9 
  -0.001363420964846  2324332312  |0 2 3 6 9  |1 3 4 5 7 
   0.001362277772270  4134412231  |0 3 4 6 7  |0 2 3 4 8 
   0.001362275213470  4124413321  |0 2 3 4 8  |0 3 4 6 7 
   0.001362257342280  4421412331  |0 1 2 4 6  |0 1 4 7 8 
   0.001362256825976  4431413221  |0 1 4 7 8  |0 1 2 4 6 
   0.001362025345994  2324322313  |0 2 3 5 6  |1 3 4 7 9 
   0.001362018530320  3234233212  |1 3 4 7 9  |0 2 3 5 6 
  -0.001362009867391  3423231322  |1 2 4 8 9  |0 1 3 5 7 
  -0.001361065512731  1433422321  |1 4 5 6 8  |1 2 3 4 7 
   0.001361060394634  1422433231  |1 2 3 4 7  |1 4 5 6 8 
  -0.001361044329631  4224113233  |0 1 2 3 7  |0 3 6 8 9 
   0.001359891340135  2234232313  |0 1 3 4 6  |2 3 5 7 9 
   0.001359883628718  3324323212  |2 3 5 7 9  |0 1 3 4 6 
  -0.001359875482414  3423321232  |1 2 5 7 9  |0 1 3 4 8 
  -0.001359868563493  2432231323  |0 1 3 4 8  |1 2 5 7 9 
  -0.001358378553293  2334222313  |0 3 4 5 6  |1 2 3 7 9 
  -0.001358368745902  3224333212  |1 2 3 7 9  |0 3 4 5 6 
   0.001358332956877  3422321233  |1 2 3 5 7  |0 1 4 8 9 
   0.001358327907431  2433231322  |0 1 4 8 9  |1 2 3 5 7 
   0.001355528135520  1231242343  |1 4 5 6 8  |2 5 7 8 9 
  -0.001355517732798  1321343242  |2 5 7 8 9  |1 4 5 6 8 
  -0.001355494673441  3123124234  |2 5 6 7 9  |0 3 6 8 9 
   0.001354388215214  3433221223  |1 4 5 7 8  |0 1 2 3 9 
   0.001354387798031  2422331332  |0 1 2 3 9  |1 4 5 7 8 
  -0.001354377846735  3224223313  |1 2 3 4 5  |0 3 6 7 9 
  -0.001354377252910  2334332212  |0 3 6 7 9  |1 2 3 4 5 
   0.001354374893034  4422411133  |0 1 2 3 4  |0 1 4 8 9 
   0.001354369877070  4433411122  |0 1 4 8 9  |0 1 2 3 4 
  -0.001354356678985  4334422111  |0 3 4 5 6  |0 1 2 3 4 
  -0.001354353694086  4224433111  |0 1 2 3 4  |0 3 4 5 6 
   0.001353122784481  1433422231  |1 4 5 6 7  |1 2 3 4 8 
  -0.001353120154175  1422433321  |1 2 3 4 8  |1 4 5 6 7 
  -0.001353105412452  4334113222  |0 3 7 8 9  |0 1 2 3 6 
  -0.001351889279133  2342413141  |0 2 3 4 8  |1 2 4 6 8 
   0.001351881883090  4342314121  |0 2 3 6 8  |0 1 2 4 6 
   0.001351880268867  4243214131  |0 1 2 4 6  |0 2 3 6 8 
  -0.001351175527032  2432112334  |0 1 3 6 9  |1 2 7 8 9 
   0.001351170537026  3423113224  |1 2 7 8 9  |0 1 3 6 9 
  -0.001350323878904  4243411132  |0 1 2 4 9  |0 2 3 4 8 
  -0.001350323848641  4342411123  |0 2 3 4 8  |0 1 2 4 9 
   0.001350315281614  4243432111  |0 1 2 4 6  |0 2 3 4 5 
   0.001350311298666  4342423111  |0 2 3 4 5  |0 1 2 4 6 
   0.001349506949397  2423441311  |0 1 2 4 5  |1 3 4 5 7 
   0.001349504460293  3432441211  |1 3 4 5 7  |0 1 2 4 5 
   0.001349495204812  4324211314  |0 2 3 4 9  |0 1 3 7 9 
  -0.001346830995000  3243223312  |1 2 4 5 9  |0 2 3 6 7 
  -0.001346825964908  3243231223  |1 2 4 7 8  |0 2 3 5 9 
  -0.001345778641556  4322413123  |0 2 3 4 8  |0 1 4 6 9 
   0.001344885902763  4114412431  |0 3 4 6 7  |0 3 4 7 8 
  -0.001344885177605  4411413421  |0 1 4 7 8  |0 1 4 6 7 
   0.001344884051914  4411412431  |0 1 4 6 7  |0 1 4 7 8 
  -0.001344883747655  4114413421  |0 3 4 7 8  |0 3 4 6 7 
  -0.001344076143839  2443132114  |0 1 2 6 9  |1 2 3 5 9 
   0.001344075332016  1244341132  |1 2 3 5 9  |2 3 4 5 8 
   0.001344073863816  1344241123  |2 3 4 5 8  |1 2 3 5 9 
  -0.001344073605669  3442123114  |1 2 3 5 9  |0 1 2 6 9 
  -0.001343529829069  2341233142  |0 2 4 8 9  |1 2 5 6 8 
  -0.001343435345202  2322341323  |0 2 3 5 8  |1 4 5 7 9 
   0.001343416301867  3223232314  |1 2 4 6 9  |0 3 5 7 9 
  -0.001342940161726  1121244343  |2 4 5 6 8  |5 6 7 8 9 
  -0.001342939957603  1131344242  |5 6 7 8 9  |2 4 5 6 8 
  -0.001342918285801  3131124244  |5 6 7 8 9  |0 2 6 8 9 
  -0.001338488246234  1144244113  |2 3 4 5 6  |2 3 5 6 9 
  -0.001338470447249  3441121144  |1 2 5 8 9  |0 1 2 8 9 
   0.001338453223887  2441131144  |0 1 2 8 9  |1 2 5 8 9 
   0.001338429258330  1144344112  |2 3 5 6 9  |2 3 4 5 6 
  -0.001337017141186  2314233412  |0 3 4 7 9  |1 3 5 6 7 
   0.001336982506023  3412331422  |1 3 7 8 9  |0 1 4 5 7 
   0.001336897116810  2433212323  |0 1 4 6 8  |1 2 3 7 9 
   0.001336893498044  3422313232  |1 2 3 7 9  |0 1 4 6 8 
   0.001336639933933  3141234142  |2 4 6 8 9  |0 2 5 6 8 
   0.001336618181857  1434232132  |1 3 4 6 9  |1 2 3 5 8 
  -0.001336617222898  2434123123  |0 1 3 5 8  |1 2 3 6 9 
  -0.001332773937493  2343412231  |0 2 4 6 7  |1 2 3 4 8 
  -0.001332771793367  4343213221  |0 2 4 7 8  |0 1 2 3 6 
   0.001332771032200  3242413321  |1 2 3 4 8  |0 2 4 6 7 
   0.001332544187124  4142312233  |0 2 3 6 7  |0 2 4 8 9 
  -0.001332540682933  4143213322  |0 2 4 8 9  |0 2 3 6 7 
  -0.001332518759768  2341422331  |0 2 4 5 6  |1 2 4 7 8 
  -0.001326037110790  2111143444  |0 5 7 8 9  |5 6 7 8 9 
   0.001326037068796  3111142444  |5 6 7 8 9  |0 5 7 8 9 
   0.001326031532331  1111344424  |5 6 7 8 9  |4 5 6 7 9 
  -0.001325838574381  1423443211  |1 2 4 5 7  |1 3 4 5 6 
  -0.001325835840890  1432442311  |1 3 4 5 6  |1 2 4 5 7 
   0.001325832937845  4324111234  |0 2 3 7 9  |0 1 3 8 9 
   0.001325831792949  4234111324  |0 1 3 8 9  |0 2 3 7 9 
   0.001324328340373  2434321231  |0 1 3 5 7  |1 2 3 4 8 
  -0.001324321255752  3424231321  |1 2 3 4 8  |0 1 3 5 7 
   0.001324313794316  3434213212  |1 3 4 7 9  |0 1 2 3 6 
   0.001323552221120  4412312314  |0 1 3 6 9  |0 1 4 7 9 
   0.001323551586835  2314441231  |0 3 4 5 7  |1 3 4 5 8 
   0.001323550290625  4413213214  |0 1 4 7 9  |0 1 3 6 9 
   0.001323548914344  3214441321  |1 3 4 5 8  |0 3 4 5 7 
  -0.001323356363438  1131244243  |4 5 6 7 8  |2 5 6 8 9 
  -0.001323356065593  1121344342  |2 5 6 8 9  |4 5 6 7 8 
  -0.001323332349768  3121124344  |2 5 6 8 9  |0 6 7 8 9 
  -0.001323332144396  2131134244  |0 6 7 8 9  |2 5 6 8 9 
   0.001322239974685  2343233122  |0 2 4 8 9  |1 2 3 5 6 
   0.001322230198520  3242333122  |1 2 3 8 9  |0 2 4 5 6 
  -0.001321333034788  1443232312  |1 2 4 6 9  |1 2 3 5 7 
  -0.001321330341825  3244131232  |1 2 3 7 9  |0 2 3 5 8 
  -0.001317336359181  3234132232  |1 3 6 7 9  |0 2 3 5 8 
  -0.001317330725681  1423232332  |1 2 4 6 9  |1 3 5 7 8 
   0.001315873747799  4223314132  |0 1 2 6 9  |0 3 4 6 8 
  -0.001315867228304  4332214123  |0 3 4 6 8  |0 1 2 6 9 
  -0.001315858716698  2233432141  |0 1 4 6 8  |2 3 4 5 8 
   0.001315856727726  3322423141  |2 3 4 5 8  |0 1 4 6 8 
   0.001315342126499  1244343211  |1 2 3 5 7  |2 3 4 5 6 
   0.001315338983929  1344242311  |2 3 4 5 6  |1 2 3 5 7 
   0.001315330002794  2443111324  |0 1 2 8 9  |1 2 3 7 9 
   0.001315329671792  3442111234  |1 2 3 7 9  |0 1 2 8 9 
   0.001314482792938  2334223231  |0 3 4 5 7  |1 2 3 6 8 
   0.001314481112304  3224332321  |1 2 3 6 8  |0 3 4 5 7 
   0.001314477269101  3422312323  |1 2 3 6 8  |0 1 4 7 9 
   0.001314475243801  2433213232  |0 1 4 7 9  |1 2 3 6 8 
  -0.001314248981609  2344323121  |0 2 3 5 8  |1 2 3 4 6 
   0.001314232223917  3244232131  |1 2 3 4 6  |0 2 3 5 8 
  -0.001314226412359  2442313123  |0 1 2 3 8  |1 2 4 6 9 
   0.001314217612770  3443212132  |1 2 4 6 9  |0 1 2 3 8 
   0.001314117389814  1342341223  |2 3 5 7 8  |1 2 4 5 9 
  -0.001314111879325  1243241332  |1 2 4 5 9  |2 3 5 7 8 
  -0.001314085399439  3243132214  |1 2 6 7 9  |0 2 3 5 9 
   0.001313889866998  2243431321  |0 1 2 4 8  |2 3 4 5 7 
   0.001313884149934  4243313212  |0 1 2 7 9  |0 2 3 4 6 
  -0.001313883617855  3342421231  |2 3 4 5 7  |0 1 2 4 8 
  -0.001313875630429  4342212313  |0 2 3 4 6  |0 1 2 7 9 
  -0.001313595518365  2324233312  |0 2 3 4 9  |1 3 5 6 7 
   0.001313557823003  2423221333  |0 1 2 4 5  |1 3 7 8 9 
   0.001313549960262  3432331222  |1 3 7 8 9  |0 1 2 4 5 
  -0.001309261918863  4242331123  |0 1 2 3 8  |0 2 4 5 9 
   0.001309254992695  4343221132  |0 2 4 5 9  |0 1 2 3 8 
   0.001309222298579  2343423112  |0 2 4 5 9  |1 2 3 4 6 
  -0.001309206793689  3242432113  |1 2 3 4 6  |0 2 4 5 9 
   0.001308109272156  3244421113  |1 2 3 4 5  |0 2 3 4 9 
   0.001308105355121  2344431112  |0 2 3 4 9  |1 2 3 4 5 
   0.001308099918872  4443221113  |0 1 2 4 5  |0 1 2 3 9 
   0.001308097590904  4442331112  |0 1 2 3 9  |0 1 2 4 5 
   0.001307285863818  3342332122  |2 3 6 8 9  |0 1 2 4 5 
   0.001307269978444  2342233132  |0 2 3 4 9  |1 2 5 6 8 
   0.001305851548522  4332121324  |0 3 5 8 9  |0 1 2 7 9 
  -0.001302268752777  4114214413  |0 3 4 6 7  |0 3 6 7 9 
  -0.001302246493694  3411421441  |1 4 5 7 8  |0 1 4 7 8 
   0.001302230709071  2411431441  |0 1 4 7 8  |1 4 5 7 8 
   0.001302210588489  4114314412  |0 3 6 7 9  |0 3 4 6 7 
  -0.001294763223830  4142414113  |0 2 3 4 6  |0 2 4 6 9 
   0.001294720956421  4143414112  |0 2 4 6 9  |0 2 3 4 6 
  -0.001294665621735  4341421141  |0 2 4 5 8  |0 1 2 4 8 
   0.001294644174360  4241431141  |0 1 2 4 8  |0 2 4 5 8 
  -0.001294376068459  1444123132  |1 2 3 5 9  |1 2 3 6 8 
  -0.001294376000825  1444132123  |1 2 3 6 8  |1 2 3 5 9 
   0.001292086979040  3234223132  |1 3 4 5 9  |0 2 3 6 8 
   0.001292082104892  3423232123  |1 2 4 6 8  |0 1 3 5 9 
   0.001289231500713  4344321121  |0 2 3 5 8  |0 1 2 3 4 
   0.001289228679130  4244231131  |0 1 2 3 4  |0 2 3 5 8 
  -0.001289208514146  2442413113  |0 1 2 3 4  |1 2 4 6 9 
  -0.001289206368080  3443412112  |1 2 4 6 9  |0 1 2 3 4 
   0.001289183846784  1444221313  |1 2 3 4 5  |1 2 3 7 9 
   0.001289178260467  1444331212  |1 2 3 7 9  |1 2 3 4 5 
  -0.001289166708844  3444121213  |1 2 3 5 7  |0 1 2 3 9 
  -0.001289164227767  2444131312  |0 1 2 3 9  |1 2 3 5 7 
   0.001288484441801  4231414123  |0 1 4 6 8  |0 2 4 6 9 
   0.001288482109277  4321414132  |0 2 4 6 9  |0 1 4 6 8 
  -0.001288481837170  4123423141  |0 2 4 5 8  |0 3 4 6 8 
  -0.001288480817058  4132432141  |0 3 4 6 8  |0 2 4 5 8 
   0.001287590100054  3422321332  |1 2 3 5 9  |0 1 4 7 8 
   0.001287589871275  2433231223  |0 1 4 7 8  |1 2 3 5 9 
  -0.001287579710812  3224323312  |1 2 3 5 9  |0 3 4 6 7 
  -0.001287579394471  2334232213  |0 3 4 6 7  |1 2 3 5 9 
  -0.001286907457771  4342421113  |0 2 3 4 5  |0 1 2 4 9 
  -0.001286904737968  4243431112  |0 1 2 4 9  |0 2 3 4 5 
  -0.001286438375400  1323242233  |2 4 5 6 7  |1 3 5 8 9 
  -0.001286432366766  1232343322  |1 3 5 8 9  |2 4 5 6 7 
  -0.001286428448525  3232122334  |1 3 5 6 9  |0 2 7 8 9 
  -0.001286424595812  2323133224  |0 2 7 8 9  |1 3 5 6 9 
  -0.001285941236708  1444221133  |1 2 3 4 5  |1 2 3 8 9 
  -0.001285938333405  1444331122  |1 2 3 8 9  |1 2 3 4 5 
   0.001285931458108  2444133112  |0 1 2 3 9  |1 2 3 5 6 
   0.001285660034615  1343241322  |2 4 5 8 9  |1 2 3 5 7 
   0.001284527158619  1334242321  |3 4 5 6 8  |1 2 3 5 7 
   0.001284517865078  3422113234  |1 2 3 7 9  |0 1 6 8 9 
  -0.001284347074409  2433432121  |0 1 4 6 8  |1 2 3 4 5 
  -0.001284345336995  4224313132  |0 1 2 3 9  |0 3 4 6 8 
   0.001284342091251  3422423131  |1 2 3 4 5  |0 1 4 6 8 
   0.001284335934230  4334212123  |0 3 4 6 8  |0 1 2 3 9 
  -0.001279884211409  1323243322  |2 4 5 8 9  |1 3 5 6 7 
  -0.001279819365330  2134424113  |0 3 4 5 6  |2 3 4 6 9 
  -0.001276764952180  2443241113  |0 1 2 4 5  |1 2 3 5 9 
  -0.001276761936624  3442341112  |1 2 3 5 9  |0 1 2 4 5 
  -0.001276746927866  3244321114  |1 2 3 5 9  |0 2 3 4 9 
  -0.001276744848422  2344231114  |0 2 3 4 9  |1 2 3 5 9 
  -0.001276053824189  1332243232  |3 4 5 7 9  |1 2 5 6 8 
   0.001275650024503  2344114123  |0 2 3 6 8  |1 2 3 6 9 
   0.001275648760239  3244114132  |1 2 3 6 9  |0 2 3 6 8 
  -0.001275648521537  1442323141  |1 2 3 5 8  |1 2 4 6 8 
  -0.001275646445840  1443232141  |1 2 4 6 8  |1 2 3 5 8 
   0.001274978127217  2434241113  |0 1 3 4 5  |1 2 3 5 9 
   0.001274972026128  3424341112  |1 2 3 5 9  |0 1 3 4 5 
   0.001274955120810  3424321114  |1 2 3 5 9  |0 1 3 4 9 
   0.001274952386469  2434231114  |0 1 3 4 9  |1 2 3 5 9 
  -0.001274590095891  4142412313  |0 2 3 4 6  |0 2 4 7 9 
  -0.001274584137273  4143413212  |0 2 4 7 9  |0 2 3 4 6 
  -0.001274569518639  4341421231  |0 2 4 5 7  |0 1 2 4 8 
  -0.001274565944089  4241431321  |0 1 2 4 8  |0 2 4 5 7 
   0.001272638584603  2444311231  |0 1 2 3 7  |1 2 3 4 8 
   0.001272637072161  2444312311  |0 1 2 3 6  |1 2 3 4 7 
   0.001272182453565  4412312341  |0 1 3 6 8  |0 1 4 7 8 
   0.001272180438476  4413213241  |0 1 4 7 8  |0 1 3 6 8 
   0.001272179052968  2314414231  |0 3 4 6 7  |1 3 4 6 8 
   0.001272177454617  3214414321  |1 3 4 6 8  |0 3 4 6 7 
  -0.001271303799156  2443341112  |0 1 2 5 9  |1 2 3 4 5 
  -0.001271300846609  3442241113  |1 2 3 4 5  |0 1 2 5 9 
  -0.001271294093701  2244331114  |0 1 2 3 9  |2 3 4 5 9 
   0.001270928136229  2442312313  |0 1 2 3 6  |1 2 4 7 9 
   0.001269523342205  2142243133  |0 2 3 4 5  |2 5 6 8 9 
  -0.001269523162390  3143342122  |2 5 6 8 9  |0 2 3 4 5 
   0.001269508843742  3341322124  |2 5 6 8 9  |0 1 2 4 9 
  -0.001269508208671  2241233134  |0 1 2 4 9  |2 5 6 8 9 
  -0.001269129682745  3224322313  |1 2 3 5 6  |0 3 4 7 9 
   0.001269094560018  2433221233  |0 1 4 5 7  |1 2 3 8 9 
   0.001268015472876  3243421321  |1 2 4 5 8  |0 2 3 4 7 
   0.001268013217935  4243213213  |0 1 2 4 7  |0 2 3 6 9 
  -0.001268009739920  2342431231  |0 2 3 4 7  |1 2 4 5 8 
  -0.001268004482866  4342312312  |0 2 3 6 9  |0 1 2 4 7 
  -0.001267102386885  3142242133  |2 3 4 5 6  |0 2 5 8 9 
   0.001267102324487  2143343122  |0 2 5 8 9  |2 3 4 5 6 
   0.001267091018697  2241333124  |0 1 2 8 9  |2 4 5 6 9 
  -0.001267090484936  3341222134  |2 4 5 6 9  |0 1 2 8 9 
  -0.001265302926506  2341322143  |0 2 5 6 8  |1 2 4 8 9 
  -0.001265283813220  3143234122  |2 4 6 8 9  |0 2 3 5 6 
  -0.001265243261857  1424341141  |1 2 3 5 8  |1 3 4 5 8 
   0.001265242076042  1434241141  |1 3 4 5 8  |1 2 3 5 8 
  -0.001265229234990  2434114114  |0 1 3 6 9  |1 2 3 6 9 
   0.001265227938865  3424114114  |1 2 3 6 9  |0 1 3 6 9 
  -0.001264818690239  4322213134  |0 2 3 4 9  |0 1 6 8 9 
   0.001262694270795  4412411431  |0 1 3 4 7  |0 1 4 7 8 
  -0.001262654666079  4314412411  |0 3 4 6 7  |0 1 3 4 7 
   0.001262590334670  4214413411  |0 1 3 4 7  |0 3 4 6 7 
  -0.001262569826854  4413411421  |0 1 4 7 8  |0 1 3 4 7 
  -0.001260699752387  1324243321  |2 3 4 5 8  |1 3 5 6 7 
  -0.001260685777282  3432113224  |1 3 7 8 9  |0 1 2 6 9 
   0.001260067201202  3234223321  |1 3 4 5 8  |0 2 3 6 7 
   0.001260061161341  2432312332  |0 1 3 6 9  |1 2 4 7 8 
   0.001259214457514  1424423131  |1 2 3 4 5  |1 3 4 6 8 
   0.001259207988262  1434432121  |1 3 4 6 8  |1 2 3 4 5 
   0.001259201156432  4434112123  |0 1 3 6 8  |0 1 2 3 9 
   0.001259196530888  4424113132  |0 1 2 3 9  |0 1 3 6 8 
  -0.001258967731846  1223243233  |1 2 4 5 7  |3 5 6 8 9 
  -0.001258955287314  3233122324  |1 5 6 8 9  |0 2 3 7 9 
  -0.001258951442807  2322133234  |0 2 3 7 9  |1 5 6 8 9 
  -0.001257117135557  4422313114  |0 1 2 3 9  |0 1 4 6 9 
  -0.001257113767905  4433212114  |0 1 4 6 9  |0 1 2 3 9 
   0.001257104058940  2334441121  |0 3 4 5 8  |1 2 3 4 5 
   0.001257101293783  3224441131  |1 2 3 4 5  |0 3 4 5 8 
   0.001256761408952  2444211133  |0 1 2 3 4  |1 2 3 8 9 
   0.001256759057704  3444311122  |1 2 3 8 9  |0 1 2 3 4 
  -0.001256758420938  3444322111  |1 2 3 5 6  |0 1 2 3 4 
  -0.001256754487570  2444233111  |0 1 2 3 4  |1 2 3 5 6 
   0.001255047157336  3133442221  |4 5 6 7 8  |0 2 3 4 5 
  -0.001255047099629  2122443331  |0 2 3 4 5  |4 5 6 7 8 
  -0.001255037305993  4331312224  |0 6 7 8 9  |0 1 2 4 9 
   0.001255036188750  4221213334  |0 1 2 4 9  |0 6 7 8 9 
  -0.001254685895598  4243111414  |0 1 2 7 9  |0 2 3 7 9 
  -0.001254684998379  1243441411  |1 2 4 5 7  |2 3 4 5 7 
   0.001254684401635  4342111414  |0 2 3 7 9  |0 1 2 7 9 
   0.001254683485309  1342441411  |2 3 4 5 7  |1 2 4 5 7 
  -0.001253439739868  3244141123  |1 2 3 5 8  |0 2 3 5 9 
   0.001253439091831  1442332114  |1 2 3 6 9  |1 2 4 5 9 
   0.001253438708816  1443223114  |1 2 4 5 9  |1 2 3 6 9 
  -0.001252486937567  2241323143  |0 1 2 5 8  |2 4 6 8 9 
  -0.001251862756764  3342232132  |2 3 4 6 9  |0 1 2 5 8 
  -0.001249464310079  2421321343  |0 1 2 5 8  |1 4 7 8 9 
  -0.001248925343009  4142213332  |0 2 3 4 9  |0 2 6 7 8 
  -0.001248904824523  2241423331  |0 1 2 4 5  |2 4 6 7 8 
   0.001248311497766  1242441313  |1 2 3 4 5  |2 4 5 7 9 
   0.001248308959198  1343441212  |2 4 5 7 9  |1 2 3 4 5 
  -0.001248307096411  4343121214  |0 2 5 7 9  |0 1 2 3 9 
  -0.001248304844536  4242131314  |0 1 2 3 9  |0 2 5 7 9 
  -0.001247727867713  2433141124  |0 1 5 8 9  |1 2 3 5 9 
   0.001247723036484  1224343114  |1 2 3 5 9  |3 4 5 6 9 
   0.001247501593076  2324323321  |0 2 3 5 8  |1 3 4 6 7 
   0.001247498877534  2432313223  |0 1 3 7 8  |1 2 4 6 9 
   0.001247496762770  3234232231  |1 3 4 6 7  |0 2 3 5 8 
   0.001247495414784  3423212332  |1 2 4 6 9  |0 1 3 7 8 
  -0.001244537773141  3342441112  |2 3 4 5 9  |0 1 2 4 5 
  -0.001244523740996  4243321114  |0 1 2 5 9  |0 2 3 4 9 
   0.001240008371965  3234241132  |1 3 4 5 9  |0 2 3 5 8 
   0.001240004028166  2432323114  |0 1 3 5 9  |1 2 4 6 9 
  -0.001240001440413  3423232114  |1 2 4 6 9  |0 1 3 5 9 
  -0.001238917832915  2343441211  |0 2 4 5 7  |1 2 3 4 5 
  -0.001238911286753  3242441311  |1 2 3 4 5  |0 2 4 5 7 
   0.001238908881716  4242311314  |0 1 2 3 9  |0 2 4 7 9 
   0.001238904268067  4343211214  |0 2 4 7 9  |0 1 2 3 9 
  -0.001237796054503  4422313213  |0 1 2 3 7  |0 1 4 6 9 
  -0.001237792028155  3224431231  |1 2 3 4 7  |0 3 4 5 8 
   0.001237791801578  2334421321  |0 3 4 5 8  |1 2 3 4 7 
   0.001237606942025  1442332141  |1 2 3 6 8  |1 2 4 5 8 
   0.001237606672975  1443223141  |1 2 4 5 8  |1 2 3 6 8 
  -0.001237603264745  3244114123  |1 2 3 6 8  |0 2 3 6 9 
  -0.001237602651843  2344114132  |0 2 3 6 9  |1 2 3 6 8 
   0.001237431161836  2324323411  |0 2 3 5 7  |1 3 4 6 7 
  -0.001237114914379  3234422113  |1 3 4 5 6  |0 2 3 4 9 
   0.001237110525892  2324433112  |0 2 3 4 9  |1 3 4 5 6 
  -0.001237103278020  4432331122  |0 1 3 8 9  |0 1 2 4 5 
  -0.001235627110644  2243232133  |0 1 2 4 6  |2 3 5 8 9 
  -0.001235621887527  3342323122  |2 3 5 8 9  |0 1 2 4 6 
  -0.001235620530947  3243322132  |1 2 5 6 9  |0 2 3 4 8 
  -0.001235615182585  2342233123  |0 2 3 4 8  |1 2 5 6 9 
  -0.001233352754567  2342314114  |0 2 3 6 9  |1 2 4 6 9 
  -0.001233351267387  3243214114  |1 2 4 6 9  |0 2 3 6 9 
  -0.001233346419560  2342341141  |0 2 3 5 8  |1 2 4 5 8 
   0.001231124220634  4133132224  |0 6 7 8 9  |0 2 3 5 9 
   0.001231119058952  1221443332  |1 2 4 5 9  |4 5 6 7 8 
  -0.001230960337551  3213223423  |1 4 5 7 8  |0 3 6 7 9 
  -0.001230960169255  2312332432  |0 3 6 7 9  |1 4 5 7 8 
  -0.001230138644440  2314322413  |0 3 5 6 7  |1 3 4 7 9 
  -0.001230098964164  3413231422  |1 4 7 8 9  |0 1 3 5 7 
   0.001228659531026  3234432112  |1 3 4 6 9  |0 2 3 4 5 
   0.001228640448882  4432321123  |0 1 3 5 8  |0 1 2 4 9 
   0.001227979878032  3322322323  |2 3 5 6 8  |0 1 4 7 9 
  -0.001227975113278  2233233232  |0 1 4 7 9  |2 3 5 6 8 
   0.001227960867078  2332223233  |0 3 4 5 7  |1 2 6 8 9 
  -0.001227953292217  3223332322  |1 2 6 8 9  |0 3 4 5 7 
   0.001227200610667  3122442331  |2 3 4 5 6  |0 4 5 7 8 
  -0.001227200331056  2133443221  |0 4 5 7 8  |2 3 4 5 6 
  -0.001227190727694  4221313324  |0 1 2 8 9  |0 4 6 7 9 
   0.001227189983911  4331212234  |0 4 6 7 9  |0 1 2 8 9 
  -0.001227142103130  3232441411  |1 3 4 5 7  |0 2 4 5 7 
  -0.001227140146479  4323211414  |0 2 4 7 9  |0 1 3 7 9 
   0.001226337533139  4141312243  |0 2 6 7 8  |0 2 4 8 9 
   0.001226334223950  4141213342  |0 2 4 8 9  |0 2 6 7 8 
   0.001226326111230  2141424331  |0 2 4 5 6  |2 4 6 7 8 
  -0.001225460436333  3212323432  |1 3 5 7 9  |0 4 6 7 8 
  -0.001225460394735  2313232423  |0 4 6 7 8  |1 3 5 7 9 
   0.001224065795197  2334322213  |0 3 5 6 7  |1 2 3 4 9 
   0.001224059133589  3224233312  |1 2 3 4 9  |0 3 5 6 7 
  -0.001222716374329  4412313214  |0 1 3 7 9  |0 1 4 6 9 
  -0.001222715817052  4413212314  |0 1 4 6 9  |0 1 3 7 9 
  -0.001222713155987  3214441231  |1 3 4 5 7  |0 3 4 5 8 
  -0.001222712929030  2314441321  |0 3 4 5 8  |1 3 4 5 7 
   0.001221390173664  1312343422  |3 5 7 8 9  |1 4 5 6 7 
  -0.001219798202840  1234342321  |1 3 5 6 8  |2 3 4 5 7 
   0.001219788886779  1324243231  |2 3 4 5 7  |1 3 5 6 8 
   0.001219757450220  3432112324  |1 3 6 8 9  |0 1 2 7 9 
   0.001219000203336  3323222233  |2 4 5 6 7  |0 1 3 8 9 
  -0.001218995328642  2232333322  |0 1 3 8 9  |2 4 5 6 7 
   0.001218987606755  3232222333  |1 3 4 5 6  |0 2 7 8 9 
  -0.001218984061799  2323333222  |0 2 7 8 9  |1 3 4 5 6 
   0.001217998084772  1144343122  |2 3 5 8 9  |2 3 4 5 6 
   0.001217991208053  3441122134  |1 2 5 6 9  |0 1 2 8 9 
   0.001217989726820  2441133124  |0 1 2 8 9  |1 2 5 6 9 
  -0.001217236963414  4422321133  |0 1 2 3 5  |0 1 4 8 9 
   0.001217232841285  4433231122  |0 1 4 8 9  |0 1 2 3 5 
  -0.001217228259795  3224433112  |1 2 3 4 9  |0 3 4 5 6 
  -0.001215749504246  1342241323  |2 3 4 5 8  |1 2 5 7 9 
   0.001215297036847  3242341141  |1 2 3 5 8  |0 2 4 5 8 
   0.001215296989773  2343241141  |0 2 4 5 8  |1 2 3 5 8 
   0.001215290182973  3242314114  |1 2 3 6 9  |0 2 4 6 9 
   0.001215289017930  2343214114  |0 2 4 6 9  |1 2 3 6 9 
   0.001214246828011  3234322312  |1 3 5 6 9  |0 2 3 4 7 
   0.001214238213180  2324233213  |0 2 3 4 7  |1 3 5 6 9 
  -0.001214232432983  2423231233  |0 1 2 4 7  |1 3 5 8 9 
  -0.001214226297429  3432321322  |1 3 5 8 9  |0 1 2 4 7 
   0.001213392290493  1223242333  |1 2 4 5 6  |3 5 7 8 9 
  -0.001207720803061  2242323133  |0 1 2 3 5  |2 4 6 8 9 
  -0.001205962599629  2433321223  |0 1 5 7 8  |1 2 3 4 9 
   0.001205946639407  3334232212  |3 4 6 7 9  |0 1 2 3 5 
   0.001205436902081  4123432141  |0 2 4 6 8  |0 3 4 5 8 
   0.001205436358728  4132423141  |0 3 4 5 8  |0 2 4 6 8 
  -0.001205433078338  4231414132  |0 1 4 6 9  |0 2 4 6 8 
  -0.001205432999500  4321414123  |0 2 4 6 8  |0 1 4 6 9 
  -0.001202540448352  1311124444  |5 6 7 8 9  |1 6 7 8 9 
  -0.001200933517359  4344131212  |0 2 3 7 9  |0 1 2 3 5 
   0.001200681213653  4142314321  |0 2 3 6 8  |0 2 4 6 7 
   0.001200679861482  4143214231  |0 2 4 6 7  |0 2 3 6 8 
   0.001200674389428  3241412341  |1 2 4 6 8  |0 2 4 7 8 
   0.001200673286506  2341413241  |0 2 4 7 8  |1 2 4 6 8 
  -0.001200391112774  4132432312  |0 3 4 6 9  |0 2 4 5 7 
   0.001198674078015  2332323322  |0 3 5 8 9  |1 2 4 6 7 
   0.001196635893431  1233242233  |1 4 5 6 7  |2 3 5 8 9 
   0.001196630403415  1322343322  |2 3 5 8 9  |1 4 5 6 7 
   0.001192899368579  2334123412  |0 3 5 7 9  |1 2 3 6 7 
   0.001192899174745  1433221432  |1 4 5 7 9  |1 2 3 7 8 
  -0.001192899115665  3224132413  |1 2 3 6 7  |0 3 5 7 9 
   0.001190932105535  2331223342  |0 4 5 8 9  |1 2 6 7 8 
  -0.001190728740538  3234322123  |1 3 5 6 8  |0 2 3 4 9 
  -0.001190727479775  2423223133  |0 1 2 4 5  |1 3 6 8 9 
  -0.001190722423170  3432332122  |1 3 6 8 9  |0 1 2 4 5 
   0.001190612672068  3213132424  |1 6 7 8 9  |0 3 5 7 9 
  -0.001188663116811  2124324313  |0 2 3 5 6  |3 4 6 7 9 
   0.001188660168079  3421231342  |1 2 4 8 9  |0 1 5 7 8 
   0.001186859145158  3242413141  |1 2 3 4 8  |0 2 4 6 8 
  -0.001184470344133  4222313143  |0 1 2 3 8  |0 4 6 8 9 
   0.001184467588678  4333212142  |0 4 6 8 9  |0 1 2 3 8 
  -0.001184452094814  3222434131  |1 2 3 4 6  |0 4 5 6 8 
   0.001183849415852  2223431431  |0 1 2 4 7  |3 4 5 7 8 
  -0.001183847204670  3332421421  |3 4 5 7 8  |0 1 2 4 7 
  -0.001183824272395  4233312412  |0 1 6 7 9  |0 2 3 4 7 
   0.001183822853828  4322213413  |0 2 3 4 7  |0 1 6 7 9 
  -0.001183658513533  4143312232  |0 2 6 7 9  |0 2 3 4 8 
   0.001183652712747  4142213323  |0 2 3 4 8  |0 2 6 7 9 
   0.001183628659791  2241432331  |0 1 2 4 6  |2 4 5 7 8 
  -0.001183627034774  3341423221  |2 4 5 7 8  |0 1 2 4 6 
   0.001183549248529  2434312312  |0 1 3 6 9  |1 2 3 4 7 
  -0.001183537415314  3424213213  |1 2 3 4 7  |0 1 3 6 9 
  -0.001183534352008  2424331231  |0 1 2 3 7  |1 3 4 5 8 
   0.001183528586699  3434221321  |1 3 4 5 8  |0 1 2 3 7 
  -0.001181551060044  2223233332  |0 1 2 4 9  |3 5 6 7 8 
  -0.001181531532944  3233332222  |1 6 7 8 9  |0 2 3 4 5 
  -0.001181519506318  1442121334  |1 2 3 5 9  |1 2 7 8 9 
  -0.001181517304339  1443131224  |1 2 7 8 9  |1 2 3 5 9 
   0.001178540223328  3442311223  |1 2 3 7 8  |0 1 2 4 9 
  -0.001178512917452  3244332211  |1 2 3 6 7  |0 2 3 4 5 
   0.001175951897759  1233242314  |1 4 5 6 9  |2 3 5 7 9 
  -0.001174265203817  2143324132  |0 2 5 6 9  |2 3 4 6 8 
   0.001174256798082  3142234123  |2 3 4 6 8  |0 2 5 6 9 
   0.001170014925309  4322311414  |0 2 3 7 9  |0 1 4 7 9 
   0.001170014626129  4233211414  |0 1 4 7 9  |0 2 3 7 9 
   0.001170010693112  3223441411  |1 2 4 5 7  |0 3 4 5 7 
   0.001170010400762  2332441411  |0 3 4 5 7  |1 2 4 5 7 
  -0.001169113248462  1423423411  |1 2 4 5 7  |1 3 4 6 7 
   0.001169111151644  4234111423  |0 1 3 7 8  |0 2 3 7 9 
  -0.001169110614616  1432432411  |1 3 4 6 7  |1 2 4 5 7 
   0.001169109775976  4324111432  |0 2 3 7 9  |0 1 3 7 8 
  -0.001168963322096  1422443113  |1 2 3 4 5  |1 4 5 6 9 
  -0.001168962622667  1433442112  |1 4 5 6 9  |1 2 3 4 5 
   0.001168946598795  4334121124  |0 3 5 8 9  |0 1 2 3 9 
   0.001166990522253  1434342121  |1 3 5 6 8  |1 2 3 4 5 
   0.001166988202865  1424243131  |1 2 3 4 5  |1 3 5 6 8 
   0.001166978059025  2424113134  |0 1 2 3 9  |1 3 6 8 9 
   0.001166976348963  3434112124  |1 3 6 8 9  |0 1 2 3 9 
   0.001163891520870  2242332133  |0 1 2 3 6  |2 4 5 8 9 
   0.001163887022699  3343223122  |2 4 5 8 9  |0 1 2 3 6 
   0.001163885160239  2343322132  |0 2 5 6 9  |1 2 3 4 8 
   0.001163878388606  3242233123  |1 2 3 4 8  |0 2 5 6 9 
  -0.001162860654456  2432141134  |0 1 3 5 9  |1 2 5 8 9 
   0.001162843400357  1234243114  |1 3 4 5 9  |2 3 5 6 9 
   0.001162290494412  2214332413  |0 1 3 6 7  |3 4 5 7 9 
  -0.001162287912358  3314223412  |3 4 5 7 9  |0 1 3 6 7 
   0.001162267070972  3412231423  |1 3 4 7 8  |0 1 5 7 9 
  -0.001155577656078  3243332212  |1 2 6 7 9  |0 2 3 4 5 
  -0.001155561529904  3342321223  |2 3 5 7 8  |0 1 2 4 9 
  -0.001155560580963  2243231332  |0 1 2 4 9  |2 3 5 7 8 
   0.001154891929571  2343221233  |0 2 4 5 7  |1 2 3 8 9 
   0.001154886860827  3242331322  |1 2 3 8 9  |0 2 4 5 7 
   0.001154862403031  2343233212  |0 2 4 7 9  |1 2 3 5 6 
   0.001153321855641  4222314313  |0 1 2 3 6  |0 4 6 7 9 
  -0.001153302903167  3222431341  |1 2 3 4 8  |0 4 5 7 8 
  -0.001150137840713  1242234133  |1 2 3 4 6  |2 5 6 8 9 
   0.001150137762495  1343324122  |2 5 6 8 9  |1 2 3 4 6 
  -0.001150127955843  2242133143  |0 1 2 3 8  |2 5 6 8 9 
   0.001150127495064  3343122142  |2 5 6 8 9  |0 1 2 3 8 
  -0.001149876729295  1243334122  |1 2 6 8 9  |2 3 4 5 6 
  -0.001149863057247  3342122143  |2 3 5 6 8  |0 1 2 8 9 
   0.001149862690683  2243133142  |0 1 2 8 9  |2 3 5 6 8 
  -0.001149801138471  4133123224  |0 5 7 8 9  |0 2 3 6 9 
   0.001149801040026  4122132334  |0 2 3 6 9  |0 5 7 8 9 
  -0.001149794357723  1221443323  |1 2 4 5 8  |4 5 6 7 9 
  -0.001149778364834  3321322243  |2 5 6 7 8  |0 1 4 8 9 
  -0.001149776289421  2231233342  |0 1 4 8 9  |2 5 6 7 8 
   0.001148925131706  2223233233  |0 1 2 4 7  |3 5 6 8 9 
   0.001148924911874  3233322322  |1 5 6 8 9  |0 2 3 4 7 
  -0.001148921634438  2322233233  |0 2 3 4 7  |1 5 6 8 9 
  -0.001148920611197  3332322322  |3 5 6 8 9  |0 1 2 4 7 
   0.001148475714393  2434341112  |0 1 3 5 9  |1 2 3 4 5 
   0.001148469861009  3424241113  |1 2 3 4 5  |0 1 3 5 9 
   0.001148453119680  2424331114  |0 1 2 3 9  |1 3 4 5 9 
   0.001148450595918  3434221114  |1 3 4 5 9  |0 1 2 3 9 
   0.001147420617718  2324413411  |0 2 3 4 7  |1 3 4 6 7 
   0.001147417465234  3234412411  |1 3 4 6 7  |0 2 3 4 7 
  -0.001147410157453  4432311421  |0 1 3 7 8  |0 1 2 4 7 
  -0.001147404534379  4423211431  |0 1 2 4 7  |0 1 3 7 8 
  -0.001143604288332  1342244113  |2 3 4 5 6  |1 2 5 6 9 
  -0.001143598483205  2243131144  |0 1 2 8 9  |2 3 5 8 9 
   0.001141502449347  4233414112  |0 1 4 6 9  |0 2 3 4 6 
   0.001141499369766  4322414113  |0 2 3 4 6  |0 1 4 6 9 
   0.001141494267993  4223431141  |0 1 2 4 8  |0 3 4 5 8 
   0.001141491981817  4332421141  |0 3 4 5 8  |0 1 2 4 8 
  -0.001137927236094  2432432131  |0 1 3 4 6  |1 2 4 5 8 
  -0.001137922721616  4324312132  |0 2 3 6 9  |0 1 3 4 8 
   0.001137922014696  3423423121  |1 2 4 5 8  |0 1 3 4 6 
   0.001137913552330  4234213123  |0 1 3 4 8  |0 2 3 6 9 
  -0.001136437175278  3221332342  |1 2 6 8 9  |0 4 5 7 8 
   0.001136432894395  2133234232  |0 4 6 7 9  |2 3 5 6 8 
  -0.001136117126944  2321223343  |0 2 4 5 8  |1 6 7 8 9 
  -0.001136113006155  3231332242  |1 6 7 8 9  |0 2 4 5 8 
   0.001136110288764  3132324223  |3 5 6 7 8  |0 2 4 6 9 
   0.001136107413164  2123234332  |0 2 4 6 9  |3 5 6 7 8 
  -0.001135932020331  1444231123  |1 2 3 4 8  |1 2 3 5 9 
   0.001135925466816  3444123112  |1 2 3 5 9  |0 1 2 3 6 
   0.001134432102652  3342232123  |2 3 4 6 8  |0 1 2 5 9 
   0.001134428674013  3342223132  |2 3 4 5 9  |0 1 2 6 8 
   0.001132618001541  4144212331  |0 2 3 4 6  |0 2 3 7 8 
   0.001132614238725  4144313221  |0 2 3 7 8  |0 2 3 4 6 
  -0.001132610772890  3441412231  |1 2 4 6 7  |0 1 2 4 8 
  -0.001132608641856  2441413321  |0 1 2 4 8  |1 2 4 6 7 
   0.001132072151682  1321342243  |2 5 6 7 8  |1 4 5 8 9 
   0.001132045950753  3123134224  |2 6 7 8 9  |0 3 5 6 9 
  -0.001131455552204  3122134324  |2 3 6 8 9  |0 5 6 7 9 
  -0.001129880182454  4124314141  |0 2 3 6 8  |0 3 4 6 8 
   0.001129879379314  4134214141  |0 3 4 6 8  |0 2 3 6 8 
  -0.001129862861894  2431414141  |0 1 4 6 8  |1 2 4 6 8 
   0.001129861735642  3421414141  |1 2 4 6 8  |0 1 4 6 8 
   0.001129337263351  1233434221  |1 4 6 7 8  |2 3 4 5 6 
  -0.001129337043678  1322424331  |2 3 4 5 6  |1 4 6 7 8 
   0.001129325062120  4332112243  |0 3 6 7 8  |0 1 2 8 9 
  -0.001129324535290  4223113342  |0 1 2 8 9  |0 3 6 7 8 
  -0.001128672020550  2234332213  |0 1 3 6 7  |2 3 4 5 9 
  -0.001128668446684  3324223312  |2 3 4 5 9  |0 1 3 6 7 
   0.001128646616424  2423321332  |0 1 2 5 9  |1 3 4 7 8 
   0.001128287452309  2444311132  |0 1 2 3 9  |1 2 3 4 8 
   0.001128285937593  3444211123  |1 2 3 4 8  |0 1 2 3 9 
  -0.001128280179779  2444332111  |0 1 2 3 6  |1 2 3 4 5 
  -0.001128277092117  3444223111  |1 2 3 4 5  |0 1 2 3 6 
   0.001127347785636  1222434331  |1 2 3 4 6  |4 5 6 7 8 
  -0.001127347674404  1333424221  |4 5 6 7 8  |1 2 3 4 6 
   0.001127338282266  4222113343  |0 1 2 3 8  |0 6 7 8 9 
  -0.001127337498379  4333112242  |0 6 7 8 9  |0 1 2 3 8 
  -0.001127316664047  2232132334  |0 1 3 6 9  |2 5 7 8 9 
   0.001126962151867  2233233322  |0 1 4 8 9  |2 3 5 6 7 
  -0.001126108203234  2224332313  |0 1 2 3 6  |3 4 5 7 9 
  -0.001126104745014  3334223212  |3 4 5 7 9  |0 1 2 3 6 
  -0.001124721230337  4441111342  |0 1 2 8 9  |0 1 2 7 8 
   0.001124721155156  4441111243  |0 1 2 7 8  |0 1 2 8 9 
  -0.001124711728272  1144424311  |2 3 4 5 6  |2 3 4 6 7 
   0.001124709601646  1144434211  |2 3 4 6 7  |2 3 4 5 6 
   0.001123111233244  4112223433  |0 3 4 5 7  |0 6 7 8 9 
  -0.001123110885556  4113332422  |0 6 7 8 9  |0 3 4 5 7 
  -0.001123106295912  2211433432  |0 1 4 7 9  |4 5 6 7 8 
   0.001119735802544  4113323422  |0 5 7 8 9  |0 3 4 6 7 
  -0.001119735677291  4112232433  |0 3 4 6 7  |0 5 7 8 9 
   0.001119730848432  2211433423  |0 1 4 7 8  |4 5 6 7 9 
  -0.001119247268243  4424313211  |0 1 2 3 7  |0 1 3 4 6 
  -0.001119244753065  4434212311  |0 1 3 4 6  |0 1 2 3 7 
   0.001119244650038  3424411231  |1 2 3 4 7  |0 1 3 4 8 
   0.001119243121381  2434411321  |0 1 3 4 8  |1 2 3 4 7 
  -0.001119132427603  3143242123  |2 4 5 6 8  |0 2 3 5 9 
   0.001119132414253  2142343132  |0 2 3 5 9  |2 4 5 6 8 
   0.001119121963438  2341332124  |0 2 6 8 9  |1 2 4 5 9 
  -0.001119034003612  1313243422  |4 5 7 8 9  |1 3 5 6 7 
   0.001117758240130  2343141124  |0 2 5 8 9  |1 2 3 5 9 
   0.001117751322700  3242141134  |1 2 3 5 9  |0 2 5 8 9 
  -0.001117745394499  1242343114  |1 2 3 5 9  |2 4 5 6 9 
  -0.001117740953778  1343242114  |2 4 5 6 9  |1 2 3 5 9 
   0.001116635021933  2143243123  |0 2 4 5 8  |2 3 5 6 9 
  -0.001116634856145  3142342132  |2 3 5 6 9  |0 2 4 5 8 
   0.001116633623735  3241323124  |1 2 5 8 9  |0 2 4 6 9 
  -0.001116633098929  2341232134  |0 2 4 6 9  |1 2 5 8 9 
  -0.001114374313388  1144242313  |2 3 4 5 6  |2 3 5 7 9 
  -0.001114366545405  1144343212  |2 3 5 7 9  |2 3 4 5 6 
  -0.001114353683930  3441121234  |1 2 5 7 9  |0 1 2 8 9 
   0.001113746903782  4432231132  |0 1 3 4 9  |0 1 2 5 8 
   0.001112041254518  4142312341  |0 2 3 6 8  |0 2 4 7 8 
   0.001112039356623  4143213241  |0 2 4 7 8  |0 2 3 6 8 
   0.001112033822614  2341414231  |0 2 4 6 7  |1 2 4 6 8 
   0.001112033157799  3241414321  |1 2 4 6 8  |0 2 4 6 7 
  -0.001111799932945  1322243332  |2 3 4 5 9  |1 5 6 7 8 
  -0.001111786459255  2424341131  |0 1 2 3 5  |1 3 4 5 8 
   0.001111763402603  3424213114  |1 2 3 4 9  |0 1 3 6 9 
   0.001111502177654  1321243234  |2 4 5 7 9  |1 5 6 8 9 
  -0.001110133097042  1243244113  |1 2 4 5 6  |2 3 5 6 9 
  -0.001110130393282  1342344112  |2 3 5 6 9  |1 2 4 5 6 
  -0.001110127254358  2342131144  |0 2 3 8 9  |1 2 5 8 9 
   0.001108961550575  3132442231  |3 4 5 6 7  |0 2 4 5 8 
  -0.001108961400232  2123443321  |0 2 4 5 8  |3 4 5 6 7 
  -0.001108956861990  4231313224  |0 1 7 8 9  |0 2 4 6 9 
  -0.001108947516111  3241431232  |1 2 4 7 9  |0 2 4 5 8 
   0.001107273520174  4414411123  |0 1 3 4 8  |0 1 3 4 9 
  -0.001107272876489  4414411132  |0 1 3 4 9  |0 1 3 4 8 
   0.001107248657624  4414432111  |0 1 3 4 6  |0 1 3 4 5 
  -0.001107248634667  4414423111  |0 1 3 4 5  |0 1 3 4 6 
  -0.001106621412564  4242112333  |0 1 2 3 6  |0 2 7 8 9 
   0.001106619710125  4343113222  |0 2 7 8 9  |0 1 2 3 6 
  -0.001105128332889  1333243222  |4 5 7 8 9  |1 2 3 5 6 
   0.001104721770658  3234234112  |1 3 4 6 9  |0 2 3 5 6 
  -0.001103793336811  4344111223  |0 2 3 7 8  |0 1 2 3 9 
  -0.001103790106031  4244111332  |0 1 2 3 9  |0 2 3 7 8 
  -0.001103785870302  1442423311  |1 2 3 4 5  |1 2 4 6 7 
  -0.001103782505142  1443432211  |1 2 4 6 7  |1 2 3 4 5 
   0.001103071093804  1332242332  |3 4 5 6 9  |1 2 5 7 8 
  -0.001102405457246  3243431212  |1 2 4 7 9  |0 2 3 4 5 
   0.001102392906960  4243231312  |0 1 2 4 9  |0 2 3 5 7 
   0.001102353088876  4422331123  |0 1 2 3 8  |0 1 4 5 9 
  -0.001102348404476  4433221132  |0 1 4 5 9  |0 1 2 3 8 
   0.001102317450840  3224432113  |1 2 3 4 6  |0 3 4 5 9 
  -0.001101598090469  1442433112  |1 2 3 4 9  |1 2 4 5 6 
   0.001101587341300  4344131122  |0 2 3 8 9  |0 1 2 3 5 
   0.001100895638296  3232323223  |1 3 5 7 8  |0 2 4 6 9 
  -0.001100891089125  2323232332  |0 2 4 6 9  |1 3 5 7 8 
   0.001100862786605  2323223323  |0 2 4 5 8  |1 3 6 7 9 
  -0.001100855117225  3232332232  |1 3 6 7 9  |0 2 4 5 8 
  -0.001100282006592  1331242342  |4 5 6 8 9  |1 2 5 7 8 
   0.001100259350592  3444411121  |1 2 3 4 8  |0 1 2 3 4 
  -0.001100243888564  2444411131  |0 1 2 3 4  |1 2 3 4 8 
  -0.001100191390507  4444213111  |0 1 2 3 4  |0 1 2 3 6 
  -0.001100183650537  1231443223  |1 4 5 7 8  |2 4 5 6 9 
   0.001100172226835  4444312111  |0 1 2 3 6  |0 1 2 3 4 
  -0.001100136507265  1223343232  |1 2 5 7 9  |3 4 5 6 8 
  -0.001100131937858  2233132324  |0 1 6 8 9  |2 3 5 7 9 
  -0.001100130937934  1332242323  |3 4 5 6 8  |1 2 5 7 9 
  -0.001100128684064  3322123234  |2 3 5 7 9  |0 1 6 8 9 
   0.001099755299883  4423431211  |0 1 2 4 7  |0 1 3 4 5 
   0.001099748049389  4324411213  |0 2 3 4 7  |0 1 3 4 9 
   0.001099745827814  4234411312  |0 1 3 4 9  |0 2 3 4 7 
   0.001098336508457  1133244214  |4 5 6 7 9  |2 3 5 6 9 
   0.001098331884797  2331141244  |0 5 7 8 9  |1 2 5 8 9 
   0.001098329521920  3221141344  |1 2 5 8 9  |0 5 7 8 9 
   0.001097758426354  4212214333  |0 1 3 4 6  |0 6 7 8 9 
  -0.001097758037014  4313314222  |0 6 7 8 9  |0 1 3 4 6 
   0.001097747564721  3313422241  |4 5 6 7 8  |0 1 3 4 8 
  -0.001097747218882  2212433341  |0 1 3 4 8  |4 5 6 7 8 
  -0.001094537564197  4233432121  |0 1 4 6 8  |0 2 3 4 5 
   0.001094535323307  4322423131  |0 2 3 4 5  |0 1 4 6 8 
  -0.001094524773810  4223413132  |0 1 2 4 9  |0 3 4 6 8 
   0.001094523604465  4332412123  |0 3 4 6 8  |0 1 2 4 9 
  -0.001094063393944  3442412113  |1 2 3 4 6  |0 1 2 4 9 
  -0.001094062609169  2443413112  |0 1 2 4 9  |1 2 3 4 6 
   0.001094059711278  4344221131  |0 2 3 4 5  |0 1 2 3 8 
   0.001094059606569  4244331121  |0 1 2 3 8  |0 2 3 4 5 
  -0.001093868818400  4432231123  |0 1 3 4 8  |0 1 2 5 9 
  -0.001089624758790  1412242333  |1 3 4 5 6  |1 5 7 8 9 
   0.001089616066761  3314122234  |3 5 6 7 9  |0 1 3 8 9 
  -0.001089615099229  2214133324  |0 1 3 8 9  |3 5 6 7 9 
   0.001088651223955  2244341131  |0 1 2 3 5  |2 3 4 5 8 
  -0.001088621595118  2443312114  |0 1 2 6 9  |1 2 3 4 9 
  -0.001088618144307  3442213114  |1 2 3 4 9  |0 1 2 6 9 
   0.001088521306660  3233222323  |1 4 5 6 8  |0 2 3 7 9 
  -0.001088517726598  2322333232  |0 2 3 7 9  |1 4 5 6 8 
   0.001088497907814  3223223233  |1 2 4 5 7  |0 3 6 8 9 
  -0.001088493689606  2332332322  |0 3 6 8 9  |1 2 4 5 7 
   0.001088071837748  3123442321  |2 4 5 6 8  |0 3 4 5 7 
  -0.001088071505195  2132443231  |0 3 4 5 7  |2 4 5 6 8 
  -0.001088064647233  4321312324  |0 2 6 8 9  |0 1 4 7 9 
   0.001088063883918  4231213234  |0 1 4 7 9  |0 2 6 8 9 
   0.001087787097508  3122234233  |2 3 4 6 7  |0 5 6 8 9 
  -0.001087329686033  4233212143  |0 1 4 6 8  |0 2 3 8 9 
  -0.001087306601202  2332434121  |0 3 4 6 8  |1 2 4 5 6 
  -0.001084762553426  1413421441  |1 4 5 7 8  |1 3 4 7 8 
   0.001084509820112  3444312121  |1 2 3 6 8  |0 1 2 3 4 
   0.001084509124230  2444213131  |0 1 2 3 4  |1 2 3 6 8 
  -0.001082019986633  1212343423  |1 3 5 7 8  |4 5 6 7 9 
  -0.001082018367646  2313123424  |0 5 7 8 9  |1 3 6 7 9 
   0.001082013655908  1313242432  |4 5 6 7 9  |1 3 5 7 8 
   0.001082008995149  3212132434  |1 3 6 7 9  |0 5 7 8 9 
  -0.001081240756512  1442131234  |1 2 3 7 9  |1 2 5 8 9 
  -0.001081232271767  1344142312  |2 3 5 6 9  |1 2 3 5 7 
  -0.001080564749074  2243332132  |0 1 2 6 9  |2 3 4 5 8 
  -0.001080559879119  3342223123  |2 3 4 5 8  |0 1 2 6 9 
   0.001080147091127  3141444121  |2 4 5 6 8  |0 2 4 5 6 
  -0.001080143612044  4141213144  |0 2 4 8 9  |0 2 6 8 9 
  -0.001080077706933  1233144124  |1 5 6 8 9  |2 3 5 6 9 
   0.001080069701785  1332142144  |3 5 6 8 9  |1 2 5 8 9 
   0.001078846638328  1422132334  |1 2 3 6 9  |1 5 7 8 9 
  -0.001078840432407  1224143323  |1 2 3 5 8  |3 5 6 7 9 
  -0.001074477823281  2411441431  |0 1 4 5 7  |1 4 5 7 8 
   0.001074477378105  3411441421  |1 4 5 7 8  |0 1 4 5 7 
   0.001074471599431  4114312414  |0 3 6 7 9  |0 3 4 7 9 
  -0.001072824850275  4314211432  |0 3 4 7 9  |0 1 3 7 8 
   0.001072815433238  3412432411  |1 3 4 6 7  |0 1 4 5 7 
  -0.001070074142524  3441211342  |1 2 4 8 9  |0 1 2 7 8 
   0.001070063944137  2144324311  |0 2 3 5 6  |2 3 4 6 7 
   0.001070059243090  3144234211  |2 3 4 6 7  |0 2 3 5 6 
  -0.001067894635177  1142242333  |2 3 4 5 6  |2 5 7 8 9 
   0.001067893083712  1143343222  |2 5 7 8 9  |2 3 4 5 6 
   0.001067890348004  3341122234  |2 5 6 7 9  |0 1 2 8 9 
  -0.001067889547321  2241133324  |0 1 2 8 9  |2 5 6 7 9 
   0.001067618575371  2234332312  |0 1 3 6 9  |2 3 4 5 7 
  -0.001067618276901  2423331232  |0 1 2 7 9  |1 3 4 5 8 
  -0.001067612666221  3432221323  |1 3 4 5 8  |0 1 2 7 9 
   0.001067611083798  3324223213  |2 3 4 5 7  |0 1 3 6 9 
  -0.001067476728853  4312214233  |0 3 4 6 7  |0 1 6 8 9 
   0.001067476716067  4213314322  |0 1 6 8 9  |0 3 4 6 7 
   0.001067464530784  2213433241  |0 1 4 7 8  |3 4 5 6 8 
  -0.001067464528394  3312422341  |3 4 5 6 8  |0 1 4 7 8 
  -0.001067002998496  1422123334  |1 2 3 5 9  |1 6 7 8 9 
   0.001067001386196  1433132224  |1 6 7 8 9  |1 2 3 5 9 
  -0.001066994889915  1334142223  |3 5 6 7 8  |1 2 3 5 9 
   0.001066994073843  1224143332  |1 2 3 5 9  |3 5 6 7 8 
  -0.001066473348665  2333232232  |0 4 6 7 9  |1 2 3 5 8 
   0.001066454623448  2333223223  |0 4 5 7 8  |1 2 3 6 9 
  -0.001066446892377  3222332332  |1 2 3 6 9  |0 4 5 7 8 
  -0.001066285417410  4232314141  |0 1 3 6 8  |0 2 4 6 8 
  -0.001066283409920  2323414141  |0 2 4 6 8  |1 3 4 6 8 
  -0.001066283076263  4323214141  |0 2 4 6 8  |0 1 3 6 8 
  -0.001066282056736  3232414141  |1 3 4 6 8  |0 2 4 6 8 
   0.001065582820085  3223414141  |1 2 4 6 8  |0 3 4 6 8 
   0.001065582551375  2332414141  |0 3 4 6 8  |1 2 4 6 8 
   0.001065580596957  4322314141  |0 2 3 6 8  |0 1 4 6 8 
   0.001065580573579  4233214141  |0 1 4 6 8  |0 2 3 6 8 
  -0.001065502693977  4132212433  |0 3 4 6 7  |0 2 7 8 9 
   0.001065502407050  4123313422  |0 2 7 8 9  |0 3 4 6 7 
   0.001065489748219  2231433421  |0 1 4 7 8  |2 4 5 6 7 
  -0.001065489685624  3321422431  |2 4 5 6 7  |0 1 4 7 8 
   0.001064480748608  2232333223  |0 1 3 7 8  |2 4 5 6 9 
  -0.001064443077154  3232232233  |1 3 4 6 7  |0 2 5 8 9 
  -0.001063125542389  4134332212  |0 3 6 7 9  |0 2 3 4 5 
   0.001063125291540  4124223313  |0 2 3 4 5  |0 3 6 7 9 
  -0.001063104205562  3431421223  |1 4 5 7 8  |0 1 2 4 9 
   0.001063102953274  2421431332  |0 1 2 4 9  |1 4 5 7 8 
   0.001060067836718  4223314114  |0 1 2 6 9  |0 3 4 6 9 
   0.001060065485665  4332214114  |0 3 4 6 9  |0 1 2 6 9 
   0.001060064043676  2233441141  |0 1 4 5 8  |2 3 4 5 8 
   0.001059665581139  1233342232  |1 5 6 7 9  |2 3 4 5 8 
   0.001059660370924  1322243323  |2 3 4 5 8  |1 5 6 7 9 
  -0.001058328185776  3431221342  |1 4 5 8 9  |0 1 2 7 8 
  -0.001058319664468  3124234213  |2 3 4 6 7  |0 3 5 6 9 
  -0.001056628275603  4133312422  |0 6 7 8 9  |0 2 3 4 7 
   0.001056628041032  4122213433  |0 2 3 4 7  |0 6 7 8 9 
  -0.001056613059261  2221433431  |0 1 2 4 7  |4 5 6 7 8 
   0.001056612944587  3331422421  |4 5 6 7 8  |0 1 2 4 7 
   0.001055121524491  1323243142  |2 4 5 8 9  |1 3 5 6 8 
  -0.001054957585447  2334322312  |0 3 5 6 9  |1 2 3 4 7 
  -0.001054948233841  3224233213  |1 2 3 4 7  |0 3 5 6 9 
   0.001054924493598  2422331233  |0 1 2 3 7  |1 4 5 8 9 
   0.001054920031744  3433221322  |1 4 5 8 9  |0 1 2 3 7 
   0.001054467910054  3244322311  |1 2 3 5 6  |0 2 3 4 7 
  -0.001054463996882  2344233211  |0 2 3 4 7  |1 2 3 5 6 
   0.001054463878975  2443211233  |0 1 2 4 7  |1 2 3 8 9 
  -0.001054168738739  2234323312  |0 1 3 5 9  |2 3 4 6 7 
  -0.001054159285516  3324232213  |2 3 4 6 7  |0 1 3 5 9 
   0.001054149945363  2423331223  |0 1 2 7 8  |1 3 4 5 9 
   0.001054145409525  3432221332  |1 3 4 5 9  |0 1 2 7 8 
   0.001052120915705  2342141134  |0 2 3 5 9  |1 2 5 8 9 
   0.001052114049480  3243141124  |1 2 5 8 9  |0 2 3 5 9 
  -0.001052113595052  1342342114  |2 3 5 6 9  |1 2 4 5 9 
  -0.001052109211496  1243243114  |1 2 4 5 9  |2 3 5 6 9 
   0.001051249078266  3312123424  |3 5 7 8 9  |0 1 6 7 9 
   0.001050439696810  3333222322  |4 5 6 8 9  |0 1 2 3 7 
  -0.001050219002219  4223414311  |0 1 2 4 6  |0 3 4 6 7 
  -0.001050215224852  4332414211  |0 3 4 6 7  |0 1 2 4 6 
  -0.001050192496205  4233411241  |0 1 4 7 8  |0 2 3 4 8 
  -0.001050191007795  4322411341  |0 2 3 4 8  |0 1 4 7 8 
   0.001048829126597  2411133244  |0 1 7 8 9  |1 5 6 8 9 
  -0.001047457999747  1432442113  |1 3 4 5 6  |1 2 4 5 9 
  -0.001047456367984  1423443112  |1 2 4 5 9  |1 3 4 5 6 
   0.001047455601236  4324121134  |0 2 3 5 9  |0 1 3 8 9 
   0.001047454058747  4234131124  |0 1 3 8 9  |0 2 3 5 9 
  -0.001046485155868  2342314141  |0 2 3 6 8  |1 2 4 6 8 
  -0.001046483929836  3243214141  |1 2 4 6 8  |0 2 3 6 8 
   0.001042433134646  3242341114  |1 2 3 5 9  |0 2 4 5 9 
   0.001042432892945  2343241114  |0 2 4 5 9  |1 2 3 5 9 
   0.001039606289242  1234244113  |1 3 4 5 6  |2 3 5 6 9 
   0.001039599350225  1324344112  |2 3 5 6 9  |1 3 4 5 6 
   0.001039582157381  3423121144  |1 2 5 8 9  |0 1 3 8 9 
   0.001039579971159  2432131144  |0 1 3 8 9  |1 2 5 8 9 
  -0.001039506942654  2322141334  |0 2 3 5 9  |1 5 7 8 9 
   0.001039505163801  3233141224  |1 5 7 8 9  |0 2 3 5 9 
   0.001039504812039  1332342214  |3 5 6 7 9  |1 2 4 5 9 
  -0.001039503760691  1223243314  |1 2 4 5 9  |3 5 6 7 9 
  -0.001036658296350  1143342322  |2 5 6 8 9  |2 3 4 5 7 
   0.001036657191122  2241133234  |0 1 2 7 9  |2 5 6 8 9 
  -0.001034580900249  4132123234  |0 3 5 7 9  |0 2 6 8 9 
  -0.001034574600900  1321442323  |2 4 5 6 8  |1 4 5 7 9 
   0.001034573601460  1231443232  |1 4 5 7 9  |2 4 5 6 8 
   0.001033974800743  3242314141  |1 2 3 6 8  |0 2 4 6 8 
   0.001033973955336  2343214141  |0 2 4 6 8  |1 2 3 6 8 
  -0.001033962319376  4134232213  |0 3 4 6 7  |0 2 3 5 9 
   0.001033961817610  4124323312  |0 2 3 5 9  |0 3 4 6 7 
  -0.001033942302535  2431431223  |0 1 4 7 8  |1 2 4 5 9 
   0.001033941456074  3421421332  |1 2 4 5 9  |0 1 4 7 8 
   0.001033244101233  3323322232  |2 5 6 7 9  |0 1 3 4 8 
   0.001033233230427  2232232333  |0 1 3 4 6  |2 5 7 8 9 
  -0.001033230021004  3323323222  |2 5 7 8 9  |0 1 3 4 6 
   0.001032422034488  2233132234  |0 1 6 7 9  |2 3 5 8 9 
   0.001032420862675  3322123324  |2 3 5 8 9  |0 1 6 7 9 
   0.001032406376993  1223342332  |1 2 5 6 9  |3 4 5 7 8 
   0.001032401149553  1332243223  |3 4 5 7 8  |1 2 5 6 9 
  -0.001030506799590  4341213241  |0 2 4 7 8  |0 1 2 6 8 
  -0.001030499768108  3142414321  |2 3 4 6 8  |0 2 4 6 7 
   0.001030191598330  3421413232  |1 2 4 7 9  |0 1 4 6 8 
  -0.001028172752958  3412322323  |1 3 5 6 8  |0 1 4 7 9 
  -0.001028169938382  2413233232  |0 1 4 7 9  |1 3 5 6 8 
   0.001028168852324  3214332322  |1 3 6 8 9  |0 3 4 5 7 
   0.001027782587957  1232142343  |1 3 5 6 8  |2 5 7 8 9 
  -0.001027781604368  1323143242  |2 5 7 8 9  |1 3 5 6 8 
   0.001026224242155  1142142334  |2 3 5 6 9  |2 5 7 8 9 
  -0.001026215413906  1241143324  |1 2 5 8 9  |2 5 6 7 9 
   0.001025689625861  1344142123  |2 3 5 6 8  |1 2 3 5 9 
   0.001025685946134  1442123134  |1 2 3 5 9  |1 2 6 8 9 
   0.001025685429012  1244143132  |1 2 3 5 9  |2 3 5 6 8 
   0.001025678942197  1443132124  |1 2 6 8 9  |1 2 3 5 9 
  -0.001024562585090  2323241233  |0 2 4 5 7  |1 3 5 8 9 
  -0.001024558196701  3232341322  |1 3 5 8 9  |0 2 4 5 7 
   0.001024541285028  2323233214  |0 2 4 7 9  |1 3 5 6 9 
   0.001024018297981  1323243412  |2 4 5 7 9  |1 3 5 6 7 
  -0.001023778616413  2242323313  |0 1 2 3 5  |2 4 6 7 9 
  -0.001023777032367  2343321223  |0 2 5 7 8  |1 2 3 4 9 
   0.001023321781114  2324441131  |0 2 3 4 5  |1 3 4 5 8 
   0.001023315886036  3234441121  |1 3 4 5 8  |0 2 3 4 5 
  -0.001023315506239  4432312114  |0 1 3 6 9  |0 1 2 4 9 
  -0.001023311457970  4423213114  |0 1 2 4 9  |0 1 3 6 9 
  -0.001019768089228  3232323322  |1 3 5 8 9  |0 2 4 6 7 
   0.001019758470080  3232322332  |1 3 5 6 9  |0 2 4 7 8 
  -0.001019755012883  2323233223  |0 2 4 7 8  |1 3 5 6 9 
  -0.001019739631541  4232311441  |0 1 3 7 8  |0 2 4 7 8 
  -0.001019737197773  2323414411  |0 2 4 6 7  |1 3 4 6 7 
   0.001018395427538  4423313212  |0 1 2 7 9  |0 1 3 4 6 
  -0.001018393653125  4432212313  |0 1 3 4 6  |0 1 2 7 9 
  -0.001018391459566  2234431321  |0 1 3 4 8  |2 3 4 5 7 
   0.001018391253892  3324421231  |2 3 4 5 7  |0 1 3 4 8 
  -0.001017064786916  4241114143  |0 1 2 6 8  |0 2 6 8 9 
   0.001017064278935  4341114142  |0 2 6 8 9  |0 1 2 6 8 
  -0.001017063603841  1143424141  |2 4 5 6 8  |2 3 4 6 8 
   0.001014773206331  1343224123  |2 4 5 6 8  |1 2 3 6 9 
  -0.001014773019828  1242334132  |1 2 3 6 9  |2 4 5 6 8 
  -0.001014755910275  3242123143  |1 2 3 5 8  |0 2 6 8 9 
   0.001014755730070  2343132142  |0 2 6 8 9  |1 2 3 5 8 
  -0.001013525547723  3324223132  |2 3 4 5 9  |0 1 3 6 8 
  -0.001013505960716  3432232123  |1 3 4 6 8  |0 1 2 5 9 
  -0.001012462384977  4312431412  |0 3 4 7 9  |0 1 4 5 7 
  -0.001011158482322  1423223233  |1 2 4 5 7  |1 3 6 8 9 
  -0.001011139352769  3234122323  |1 3 5 6 8  |0 2 3 7 9 
  -0.001011076494288  4234111432  |0 1 3 7 9  |0 2 3 7 8 
  -0.001011076416784  4324111423  |0 2 3 7 8  |0 1 3 7 9 
   0.001011073679783  1423432411  |1 2 4 6 7  |1 3 4 5 7 
   0.001011072907145  1432423411  |1 3 4 5 7  |1 2 4 6 7 
   0.001010415437363  1342324132  |2 3 5 6 9  |1 2 4 6 8 
  -0.001010415359576  1243234123  |1 2 4 6 8  |2 3 5 6 9 
  -0.001010392186986  2342132143  |0 2 3 6 8  |1 2 5 8 9 
   0.001010391789089  3243123142  |1 2 5 8 9  |0 2 3 6 8 
  -0.001009138235502  4323421213  |0 2 4 5 7  |0 1 3 4 9 
   0.001009134374992  4232431312  |0 1 3 4 9  |0 2 4 5 7 
   0.001008687916296  2214133234  |0 1 3 7 9  |3 5 6 8 9 
   0.001008684254250  1412243233  |1 3 4 5 7  |1 5 6 8 9 
   0.001006179174949  2334323122  |0 3 5 8 9  |1 2 3 4 6 
   0.001006177677400  3224232133  |1 2 3 4 6  |0 3 5 8 9 
   0.001006171590997  3433222132  |1 4 5 6 9  |0 1 2 3 8 
   0.001005962758871  2431321342  |0 1 5 8 9  |1 2 4 7 8 
  -0.001005945673166  3134224312  |3 4 5 6 9  |0 2 3 6 7 
   0.001005782953417  2332232332  |0 3 4 6 9  |1 2 5 7 8 
   0.001005050177530  4124332231  |0 2 3 6 7  |0 3 4 5 8 
  -0.001004859447788  4412411413  |0 1 3 4 7  |0 1 4 7 9 
   0.001004818284185  4413411412  |0 1 4 7 9  |0 1 3 4 7 
  -0.001004763028664  4314421411  |0 3 4 5 7  |0 1 3 4 7 
   0.001004742696864  4214431411  |0 1 3 4 7  |0 3 4 5 7 
   0.001004579283552  1144342132  |2 3 5 6 9  |2 3 4 5 8 
   0.001004576698302  1144243123  |2 3 4 5 8  |2 3 5 6 9 
   0.001004571475718  2441132134  |0 1 2 6 9  |1 2 5 8 9 
   0.001004570298941  3441123124  |1 2 5 8 9  |0 1 2 6 9 
  -0.001002211652831  1332424231  |3 4 5 6 7  |1 2 4 6 8 
   0.001002211648584  1223434321  |1 2 4 6 8  |3 4 5 6 7 
   0.001002197120126  4322112343  |0 2 3 6 8  |0 1 7 8 9 
  -0.001002196316978  4233113242  |0 1 7 8 9  |0 2 3 6 8 
  -0.000999697882451  4234314121  |0 1 3 6 8  |0 2 3 4 6 
  -0.000999692588522  4324214131  |0 2 3 4 6  |0 1 3 6 8 
   0.000999675821311  2423413141  |0 1 2 4 8  |1 3 4 6 8 
   0.000999672825663  3432412141  |1 3 4 6 8  |0 1 2 4 8 
  -0.000999628552258  4142313241  |0 2 3 7 8  |0 2 4 6 8 
  -0.000999628238786  4143212341  |0 2 4 6 8  |0 2 3 7 8 
  -0.000999626022848  3241414231  |1 2 4 6 7  |0 2 4 6 8 
  -0.000999625898730  2341414321  |0 2 4 6 8  |1 2 4 6 7 
  -0.000998879663341  3223431421  |1 2 4 7 8  |0 3 4 5 7 
  -0.000998872926012  4322312413  |0 2 3 6 7  |0 1 4 7 9 
   0.000998869423893  4233213412  |0 1 4 7 9  |0 2 3 6 7 
   0.000998378758459  2343321232  |0 2 5 7 9  |1 2 3 4 8 
   0.000998376798908  2242332313  |0 1 2 3 6  |2 4 5 7 9 
   0.000998372705505  3343223212  |2 4 5 7 9  |0 1 2 3 6 
  -0.000997859525336  1432243114  |1 3 4 5 9  |1 2 5 6 9 
  -0.000996701275279  4423211143  |0 1 2 4 8  |0 1 3 8 9 
  -0.000996686190999  4432311142  |0 1 3 8 9  |0 1 2 4 8 
  -0.000996663089781  3234424111  |1 3 4 5 6  |0 2 3 4 6 
  -0.000996656628806  2324434111  |0 2 3 4 6  |1 3 4 5 6 
  -0.000996085327620  3222323233  |1 2 3 5 7  |0 4 6 8 9 
   0.000996082383478  2333232322  |0 4 6 8 9  |1 2 3 5 7 
   0.000995343465332  2333421421  |0 4 5 7 8  |1 2 3 4 7 
  -0.000995337492793  3222431431  |1 2 3 4 7  |0 4 5 7 8 
   0.000995327459136  4333212412  |0 4 6 7 9  |0 1 2 3 7 
   0.000993845236190  1232434231  |1 3 4 6 7  |2 4 5 6 8 
  -0.000993845112908  1323424321  |2 4 5 6 8  |1 3 4 6 7 
   0.000993835862506  4232113243  |0 1 3 7 8  |0 2 6 8 9 
  -0.000993835409896  4323112342  |0 2 6 8 9  |0 1 3 7 8 
  -0.000993481426248  3333222232  |4 5 6 7 9  |0 1 2 3 8 
  -0.000993451293932  3222232333  |1 2 3 4 6  |0 5 7 8 9 
   0.000993156584572  2122334323  |0 2 3 6 8  |4 5 6 7 9 
   0.000993154062204  3133224232  |4 5 6 7 9  |0 2 3 6 8 
  -0.000993152946175  3221232343  |1 2 4 6 8  |0 5 7 8 9 
   0.000992970032575  4412312413  |0 1 3 6 7  |0 1 4 7 9 
  -0.000992957661474  3214431421  |1 3 4 7 8  |0 3 4 5 7 
   0.000991857368194  4234221133  |0 1 3 4 5  |0 2 3 8 9 
   0.000991854365026  2432433112  |0 1 3 4 9  |1 2 4 5 6 
   0.000991292521926  1444321312  |1 2 3 5 9  |1 2 3 4 7 
   0.000991287239617  1444231213  |1 2 3 4 7  |1 2 3 5 9 
  -0.000991260183369  2444131213  |0 1 2 3 7  |1 2 3 5 9 
  -0.000991258106313  3444121312  |1 2 3 5 9  |0 1 2 3 7 
  -0.000991239318028  4124232313  |0 2 3 4 6  |0 3 5 7 9 
   0.000991239276935  4134323212  |0 3 5 7 9  |0 2 3 4 6 
  -0.000991223539467  2421431323  |0 1 2 4 8  |1 4 5 7 9 
   0.000991222625433  3431421232  |1 4 5 7 9  |0 1 2 4 8 
   0.000989935497444  1412223433  |1 3 4 5 7  |1 6 7 8 9 
  -0.000989934484243  1413332422  |1 6 7 8 9  |1 3 4 5 7 
   0.000989929639786  3314122423  |3 5 6 7 8  |0 1 3 7 9 
  -0.000989928871670  2214133432  |0 1 3 7 9  |3 5 6 7 8 
   0.000988977215514  2311432423  |0 4 6 7 8  |1 4 5 7 9 
  -0.000988976585563  3211423432  |1 4 5 7 9  |0 4 6 7 8 
   0.000988974819630  4112323432  |0 3 5 7 9  |0 4 6 7 8 
  -0.000988974649531  4113232423  |0 4 6 7 8  |0 3 5 7 9 
  -0.000988742790870  4112332432  |0 3 6 7 9  |0 4 5 7 8 
   0.000988738598266  3211423423  |1 4 5 7 8  |0 4 6 7 9 
  -0.000988737836218  2311432432  |0 4 6 7 9  |1 4 5 7 8 
   0.000986220293452  2232331423  |0 1 3 7 8  |2 4 5 7 9 
  -0.000986209284252  3232232413  |1 3 4 6 7  |0 2 5 7 9 
  -0.000985961122658  4124323123  |0 2 3 5 8  |0 3 4 6 9 
  -0.000985958410522  2431423123  |0 1 4 5 8  |1 2 4 6 9 
   0.000984764554434  1424223313  |1 2 3 4 5  |1 3 6 7 9 
  -0.000984761024211  1434332212  |1 3 6 7 9  |1 2 3 4 5 
  -0.000984740072960  3434121223  |1 3 5 7 8  |0 1 2 3 9 
   0.000984738927653  2424131332  |0 1 2 3 9  |1 3 5 7 8 
   0.000983979789008  4324411141  |0 2 3 4 8  |0 1 3 4 8 
  -0.000983979006780  4234411141  |0 1 3 4 8  |0 2 3 4 8 
  -0.000983961811430  4423414111  |0 1 2 4 6  |0 1 3 4 6 
   0.000983961203300  4432414111  |0 1 3 4 6  |0 1 2 4 6 
  -0.000979996305518  4441413211  |0 1 2 4 7  |0 1 2 4 6 
   0.000979996197951  4441412311  |0 1 2 4 6  |0 1 2 4 7 
   0.000979986813312  4144411231  |0 2 3 4 7  |0 2 3 4 8 
  -0.000979985772168  4144411321  |0 2 3 4 8  |0 2 3 4 7 
   0.000979223771091  3441411241  |1 2 4 7 8  |0 1 2 4 8 
  -0.000979213516724  2441411341  |0 1 2 4 8  |1 2 4 7 8 
  -0.000979167024441  4144214311  |0 2 3 4 6  |0 2 3 6 7 
   0.000979150452206  4144314211  |0 2 3 6 7  |0 2 3 4 6 
  -0.000978560787608  3241441231  |1 2 4 5 7  |0 2 4 5 8 
  -0.000978558093993  4142313214  |0 2 3 7 9  |0 2 4 6 9 
  -0.000978557716988  4143212314  |0 2 4 6 9  |0 2 3 7 9 
  -0.000975843123617  3223332232  |1 2 6 7 9  |0 3 4 5 8 
  -0.000975806015930  2233232332  |0 1 4 6 9  |2 3 5 7 8 
  -0.000974534541213  1244132314  |1 2 3 6 9  |2 3 5 7 9 
  -0.000973017469383  1412342332  |1 3 5 6 9  |1 4 5 7 8 
   0.000973017257714  1413243223  |1 4 5 7 8  |1 3 5 6 9 
   0.000973012773360  2314132234  |0 3 6 7 9  |1 3 5 8 9 
  -0.000972498589710  3112342423  |3 5 6 7 8  |0 4 5 7 9 
  -0.000971909038285  3314122432  |3 5 6 7 9  |0 1 3 7 8 
   0.000971594320879  1431132244  |1 6 7 8 9  |1 2 5 8 9 
  -0.000971191929160  2342323312  |0 2 3 5 9  |1 2 4 6 7 
  -0.000971189911847  3243232213  |1 2 4 6 7  |0 2 3 5 9 
  -0.000971173777586  2342331223  |0 2 3 7 8  |1 2 4 5 9 
  -0.000971172817011  3243221332  |1 2 4 5 9  |0 2 3 7 8 
   0.000970754362813  1243341214  |1 2 5 7 9  |2 3 4 5 9 
   0.000965631813979  2233332322  |0 1 6 8 9  |2 3 4 5 7 
  -0.000965628855944  3322223233  |2 3 4 5 7  |0 1 6 8 9 
  -0.000965626431572  3332222323  |3 4 5 6 8  |0 1 2 7 9 
  -0.000965406603156  3231223342  |1 4 5 8 9  |0 2 6 7 8 
  -0.000965057508887  3231232243  |1 4 6 7 8  |0 2 5 8 9 
   0.000965055845700  2132334223  |0 3 6 7 8  |2 4 5 6 9 
   0.000964063684368  4432411114  |0 1 3 4 9  |0 1 2 4 9 
  -0.000964063361969  4423411114  |0 1 2 4 9  |0 1 3 4 9 
  -0.000964047868239  4234441111  |0 1 3 4 5  |0 2 3 4 5 
   0.000964047053112  4324441111  |0 2 3 4 5  |0 1 3 4 5 
   0.000962785009197  2312241433  |0 3 4 5 7  |1 5 7 8 9 
  -0.000962783772386  3213341422  |1 5 7 8 9  |0 3 4 5 7 
  -0.000962782817835  3312322414  |3 5 6 7 9  |0 1 4 7 9 
   0.000961376967881  4322311441  |0 2 3 7 8  |0 1 4 7 8 
   0.000961376622651  3223414411  |1 2 4 6 7  |0 3 4 6 7 
   0.000961376571080  4233211441  |0 1 4 7 8  |0 2 3 7 8 
   0.000961375549478  2332414411  |0 3 4 6 7  |1 2 4 6 7 
   0.000961003364423  4411114144  |0 1 6 8 9  |0 1 6 8 9 
   0.000959598196251  4212314332  |0 1 3 6 9  |0 4 6 7 8 
  -0.000959597984881  4313214223  |0 4 6 7 8  |0 1 3 6 9 
   0.000959582124480  2313432241  |0 4 6 7 8  |1 3 4 5 8 
  -0.000959581795683  3212423341  |1 3 4 5 8  |0 4 6 7 8 
  -0.000959570339312  1123344412  |2 5 6 7 9  |3 4 5 6 7 
  -0.000959560338763  2231131444  |0 1 7 8 9  |2 5 7 8 9 
  -0.000959106913307  1444321231  |1 2 3 5 7  |1 2 3 4 8 
  -0.000959104281968  1444231321  |1 2 3 4 8  |1 2 3 5 7 
   0.000958750128131  2233241332  |0 1 4 5 9  |2 3 5 7 8 
   0.000956979151947  4134223213  |0 3 4 5 7  |0 2 3 6 9 
  -0.000956979002193  4124332312  |0 2 3 6 9  |0 3 4 5 7 
  -0.000956966297817  3421421323  |1 2 4 5 8  |0 1 4 7 9 
   0.000956964956195  2431431232  |0 1 4 7 9  |1 2 4 5 8 
   0.000956333451053  2444313121  |0 1 2 3 8  |1 2 3 4 6 
   0.000956332049163  3444212131  |1 2 3 4 6  |0 1 2 3 8 
  -0.000955483182165  2324321413  |0 2 3 5 7  |1 3 4 7 9 
   0.000955472635435  3322422313  |2 3 4 5 6  |0 1 4 7 9 
   0.000955471487279  2233433212  |0 1 4 7 9  |2 3 4 5 6 
  -0.000955467095466  4332221233  |0 3 4 5 7  |0 1 2 8 9 
  -0.000955465885086  4223331322  |0 1 2 8 9  |0 3 4 5 7 
   0.000955304086747  1141444114  |2 4 5 6 9  |2 4 5 6 9 
  -0.000954000491687  3231241342  |1 4 5 8 9  |0 2 5 7 8 
  -0.000953706977892  3232414312  |1 3 4 6 9  |0 2 4 6 7 
  -0.000953696314783  1432123234  |1 3 5 7 9  |1 2 6 8 9 
   0.000953694818881  1423132324  |1 2 6 8 9  |1 3 5 7 9 
   0.000953685025286  1234143232  |1 3 5 7 9  |2 3 5 6 8 
  -0.000952105663000  4244311141  |0 1 2 3 8  |0 2 3 4 8 
   0.000952103894170  4344211141  |0 2 3 4 8  |0 1 2 3 8 
  -0.000952090648180  2443414111  |0 1 2 4 6  |1 2 3 4 6 
   0.000952088586559  3442414111  |1 2 3 4 6  |0 1 2 4 6 
  -0.000951713515333  2343421123  |0 2 4 5 8  |1 2 3 4 9 
   0.000950840449887  1123243432  |2 4 5 7 9  |3 5 6 7 8 
   0.000950580293300  4232414113  |0 1 3 4 6  |0 2 4 6 9 
   0.000950575416721  4323414112  |0 2 4 6 9  |0 1 3 4 6 
   0.000950556267694  4323421141  |0 2 4 5 8  |0 1 3 4 8 
   0.000950553604685  4232431141  |0 1 3 4 8  |0 2 4 5 8 
   0.000949548904587  4443211411  |0 1 2 4 7  |0 1 2 3 7 
  -0.000949548605414  4442311411  |0 1 2 3 7  |0 1 2 4 7 
   0.000949528734640  3244411411  |1 2 3 4 7  |0 2 3 4 7 
  -0.000949528227861  2344411411  |0 2 3 4 7  |1 2 3 4 7 
  -0.000948743721425  4143312214  |0 2 6 7 9  |0 2 3 4 9 
  -0.000948741353228  4142213314  |0 2 3 4 9  |0 2 6 7 9 
  -0.000948564572758  4232323123  |0 1 3 5 8  |0 2 4 6 9 
  -0.000948561227420  3232432132  |1 3 4 6 9  |0 2 4 5 8 
   0.000948410849969  4114141414  |0 3 5 7 9  |0 3 5 7 9 
   0.000946639955793  2324241313  |0 2 3 4 5  |1 3 5 7 9 
  -0.000946636346633  3234341212  |1 3 5 7 9  |0 2 3 4 5 
   0.000946635229312  3432321214  |1 3 5 7 9  |0 1 2 4 9 
  -0.000946634052328  2423231314  |0 1 2 4 9  |1 3 5 7 9 
  -0.000946553448805  1344341221  |2 3 5 7 8  |1 2 3 4 5 
  -0.000946552913997  1244241331  |1 2 3 4 5  |2 3 5 7 8 
  -0.000946546285680  3443112214  |1 2 6 7 9  |0 1 2 3 9 
  -0.000946545271813  2442113314  |0 1 2 3 9  |1 2 6 7 9 
  -0.000946248609971  1414434211  |1 3 4 6 7  |1 3 4 5 6 
   0.000946247049849  1414424311  |1 3 4 5 6  |1 3 4 6 7 
   0.000946237877867  4414111342  |0 1 3 8 9  |0 1 3 7 8 
  -0.000946235721636  4414111243  |0 1 3 7 8  |0 1 3 8 9 
   0.000941140753918  1444322131  |1 2 3 5 6  |1 2 3 4 8 
   0.000941138320524  1444233121  |1 2 3 4 8  |1 2 3 5 6 
   0.000941117615543  2444112133  |0 1 2 3 6  |1 2 3 8 9 
   0.000941114912635  3444113122  |1 2 3 8 9  |0 1 2 3 6 
  -0.000941000046593  2142434113  |0 2 3 4 6  |2 4 5 6 9 
  -0.000940998939391  3143424112  |2 4 5 6 9  |0 2 3 4 6 
  -0.000940988387963  4341321142  |0 2 5 8 9  |0 1 2 4 8 
  -0.000940987282866  4241231143  |0 1 2 4 8  |0 2 5 8 9 
  -0.000940927477217  1143242323  |2 4 5 6 8  |2 3 5 7 9 
   0.000940923022787  3241123234  |1 2 5 7 9  |0 2 6 8 9 
  -0.000940885687269  3233223232  |1 4 5 7 9  |0 2 3 6 8 
   0.000940884408525  2332323232  |0 3 5 7 9  |1 2 4 6 8 
  -0.000940877144400  3223232323  |1 2 4 6 8  |0 3 5 7 9 
   0.000937650137505  1342441213  |2 3 4 5 7  |1 2 4 5 9 
   0.000937649445331  1243441312  |1 2 4 5 9  |2 3 4 5 7 
  -0.000937637444235  4243131214  |0 1 2 7 9  |0 2 3 5 9 
  -0.000937636689378  4342121314  |0 2 3 5 9  |0 1 2 7 9 
   0.000937570429018  3232241332  |1 3 4 5 9  |0 2 5 7 8 
  -0.000937556236126  3323232214  |2 4 6 7 9  |0 1 3 5 9 
  -0.000936808515183  4341221143  |0 2 4 5 8  |0 1 2 8 9 
  -0.000936806876509  4241331142  |0 1 2 8 9  |0 2 4 5 8 
  -0.000936803657397  3142424113  |2 3 4 5 6  |0 2 4 6 9 
  -0.000936801392785  2143434112  |0 2 4 6 9  |2 3 4 5 6 
   0.000936720214639  3423432112  |1 2 4 6 9  |0 1 3 4 5 
   0.000936712350408  4324321123  |0 2 3 5 8  |0 1 3 4 9 
  -0.000936709305899  4234231132  |0 1 3 4 9  |0 2 3 5 8 
  -0.000936485274158  2323332223  |0 2 6 7 8  |1 3 4 5 9 
  -0.000936476619462  2232323332  |0 1 3 5 9  |2 4 6 7 8 
  -0.000935347791817  1424441131  |1 2 3 4 5  |1 3 4 5 8 
   0.000935302683057  1434441121  |1 3 4 5 8  |1 2 3 4 5 
   0.000935267263970  4434112114  |0 1 3 6 9  |0 1 2 3 9 
  -0.000935234773068  4424113114  |0 1 2 3 9  |0 1 3 6 9 
   0.000934865235262  3124134232  |2 3 6 7 9  |0 3 5 6 8 
  -0.000934544965785  2412431413  |0 1 3 4 7  |1 4 5 7 9 
  -0.000934543781131  3413421412  |1 4 5 7 9  |0 1 3 4 7 
  -0.000934531187555  4314321412  |0 3 5 7 9  |0 1 3 4 7 
  -0.000934530037168  4214231413  |0 1 3 4 7  |0 3 5 7 9 
   0.000934322508447  4342311214  |0 2 3 7 9  |0 1 2 4 9 
   0.000934319344735  4243211314  |0 1 2 4 9  |0 2 3 7 9 
  -0.000934311454709  2342441311  |0 2 3 4 5  |1 2 4 5 7 
  -0.000934308252791  3243441211  |1 2 4 5 7  |0 2 3 4 5 
  -0.000933941008818  4314123214  |0 3 5 7 9  |0 1 3 6 9 
  -0.000933939876372  4214132314  |0 1 3 6 9  |0 3 5 7 9 
  -0.000933937365572  1412441323  |1 3 4 5 8  |1 4 5 7 9 
  -0.000933935166980  1413441232  |1 4 5 7 9  |1 3 4 5 8 
   0.000932797340512  2313341422  |0 5 7 8 9  |1 3 4 5 7 
  -0.000932796324575  3212241433  |1 3 4 5 7  |0 5 7 8 9 
   0.000932640068696  2424413113  |0 1 2 3 4  |1 3 4 6 9 
   0.000932637912972  3434412112  |1 3 4 6 9  |0 1 2 3 4 
  -0.000932635808276  4434321121  |0 1 3 5 8  |0 1 2 3 4 
  -0.000932633370490  4424231131  |0 1 2 3 4  |0 1 3 5 8 
   0.000932189922869  3233241322  |1 4 5 8 9  |0 2 3 5 7 
  -0.000932175143519  3223233214  |1 2 4 7 9  |0 3 5 6 9 
  -0.000931612013190  4244311411  |0 1 2 3 7  |0 2 3 4 7 
   0.000931609485321  4344211411  |0 2 3 4 7  |0 1 2 3 7 
  -0.000931603477853  2443411411  |0 1 2 4 7  |1 2 3 4 7 
   0.000931602609647  3442411411  |1 2 3 4 7  |0 1 2 4 7 
  -0.000931276567597  4133212423  |0 4 6 7 8  |0 2 3 7 9 
   0.000931276143029  4122313432  |0 2 3 7 9  |0 4 6 7 8 
  -0.000931264182542  3221423431  |1 2 4 5 7  |0 4 6 7 8 
   0.000931263998339  2331432421  |0 4 6 7 8  |1 2 4 5 7 
  -0.000931022541988  4233312142  |0 1 6 8 9  |0 2 3 4 8 
   0.000931016286424  4322213143  |0 2 3 4 8  |0 1 6 8 9 
  -0.000930998598309  3332424121  |3 4 5 6 8  |0 1 2 4 6 
  -0.000930781984860  3323122144  |2 5 6 8 9  |0 1 3 8 9 
   0.000930781057147  2232133144  |0 1 3 8 9  |2 5 6 8 9 
  -0.000930780956320  1323344122  |2 5 6 8 9  |1 3 4 5 6 
   0.000929780751968  4213214323  |0 1 4 6 8  |0 3 6 7 9 
  -0.000929780596428  4312314232  |0 3 6 7 9  |0 1 4 6 8 
   0.000929769376718  3213423241  |1 4 5 7 8  |0 3 4 6 8 
  -0.000929769287721  2312432341  |0 3 4 6 8  |1 4 5 7 8 
  -0.000928344611439  4243321312  |0 1 2 5 9  |0 2 3 4 7 
   0.000928340814720  4342231213  |0 2 3 4 7  |0 1 2 5 9 
  -0.000927258533691  1423123324  |1 2 5 8 9  |1 3 6 7 9 
   0.000927256875978  1432132234  |1 3 6 7 9  |1 2 5 8 9 
  -0.000927248132405  1234143223  |1 3 5 7 8  |2 3 5 6 9 
   0.000927247420507  1324142332  |2 3 5 6 9  |1 3 5 7 8 
   0.000925448731688  1434223213  |1 3 4 5 7  |1 2 3 6 9 
  -0.000925445542070  1424332312  |1 2 3 6 9  |1 3 4 5 7 
  -0.000925428248190  3424121323  |1 2 3 5 8  |0 1 3 7 9 
   0.000925427468021  2434131232  |0 1 3 7 9  |1 2 3 5 8 
   0.000923109948340  1424133124  |1 2 3 8 9  |1 3 5 6 9 
   0.000921941022955  1212344323  |1 3 5 6 8  |4 5 6 7 9 
  -0.000921929054976  3212132344  |1 3 6 8 9  |0 5 7 8 9 
   0.000920057753718  2233232323  |0 1 4 6 8  |2 3 5 7 9 
  -0.000920054538228  3322323232  |2 3 5 7 9  |0 1 4 6 8 
   0.000920044298077  3223323232  |1 2 5 7 9  |0 3 4 6 8 
  -0.000920040238184  2332232323  |0 3 4 6 8  |1 2 5 7 9 
  -0.000919935018935  2333114224  |0 6 7 8 9  |1 2 3 6 9 
   0.000919934932349  3222114334  |1 2 3 6 9  |0 6 7 8 9 
  -0.000919930917949  1333242241  |4 5 6 7 8  |1 2 3 5 8 
   0.000919661597084  1432232332  |1 3 4 6 9  |1 2 5 7 8 
  -0.000919546592092  4132312432  |0 3 6 7 9  |0 2 4 7 8 
   0.000919546542805  4123213423  |0 2 4 7 8  |0 3 6 7 9 
   0.000919529354870  3231423421  |1 4 5 7 8  |0 2 4 6 7 
  -0.000919529345224  2321432431  |0 2 4 6 7  |1 4 5 7 8 
   0.000918569841585  3224133232  |1 2 3 7 9  |0 3 5 6 8 
   0.000918539367996  4413414211  |0 1 4 6 7  |0 1 3 4 6 
  -0.000918538903824  4412414311  |0 1 3 4 6  |0 1 4 6 7 
   0.000918536767601  4314411241  |0 3 4 7 8  |0 1 3 4 8 
  -0.000918536444719  4214411341  |0 1 3 4 8  |0 3 4 7 8 
  -0.000915397272315  2423433211  |0 1 2 4 7  |1 3 4 5 6 
   0.000915397055690  3432422311  |1 3 4 5 6  |0 1 2 4 7 
  -0.000915391225678  4324211233  |0 2 3 4 7  |0 1 3 8 9 
   0.000915389299610  4234311322  |0 1 3 8 9  |0 2 3 4 7 
   0.000915010066863  3244412131  |1 2 3 4 6  |0 2 3 4 8 
   0.000915006996872  2344413121  |0 2 3 4 8  |1 2 3 4 6 
   0.000915005137865  4442313121  |0 1 2 3 8  |0 1 2 4 6 
   0.000915004771603  4443212131  |0 1 2 4 6  |0 1 2 3 8 
   0.000912656153381  4422431113  |0 1 2 3 4  |0 1 4 5 9 
   0.000912655684534  4433421112  |0 1 4 5 9  |0 1 2 3 4 
   0.000912652559932  4224431113  |0 1 2 3 4  |0 3 4 5 9 
   0.000912651264391  4334421112  |0 3 4 5 9  |0 1 2 3 4 
  -0.000911804395346  4224114133  |0 1 2 3 6  |0 3 6 8 9 
  -0.000910652868340  4314221413  |0 3 4 5 7  |0 1 3 7 9 
  -0.000910651342095  4214331412  |0 1 3 7 9  |0 3 4 5 7 
  -0.000910633670737  3412421413  |1 3 4 5 7  |0 1 4 7 9 
  -0.000910631674692  2413431412  |0 1 4 7 9  |1 3 4 5 7 
  -0.000910065617042  4243221313  |0 1 2 4 5  |0 2 3 7 9 
   0.000910061727614  4342331212  |0 2 3 7 9  |0 1 2 4 5 
  -0.000908434531890  1332124324  |3 5 6 8 9  |1 2 6 7 9 
  -0.000908422256004  1233142342  |1 5 6 8 9  |2 3 5 7 8 
  -0.000908400594660  2223133414  |0 1 2 7 9  |3 5 6 7 9 
   0.000908398051995  1233341422  |1 5 7 8 9  |2 3 4 5 7 
  -0.000908397712741  1322241433  |2 3 4 5 7  |1 5 7 8 9 
   0.000908105646843  2334223123  |0 3 4 5 8  |1 2 3 6 9 
   0.000908103889538  3224332132  |1 2 3 6 9  |0 3 4 5 8 
   0.000908087851333  2433232132  |0 1 4 6 9  |1 2 3 5 8 
   0.000905432820736  1324141324  |2 3 5 8 9  |1 3 5 7 9 
  -0.000905431394303  1432143214  |1 3 5 7 9  |1 2 5 6 9 
   0.000904216133001  3423413212  |1 2 4 7 9  |0 1 3 4 6 
   0.000904198004209  4324321231  |0 2 3 5 7  |0 1 3 4 8 
   0.000904152531962  1443123124  |1 2 5 8 9  |1 2 3 6 9 
   0.000904145451778  1442132134  |1 2 3 6 9  |1 2 5 8 9 
   0.000904144610667  1244143123  |1 2 3 5 8  |2 3 5 6 9 
   0.000904140555055  1344142132  |2 3 5 6 9  |1 2 3 5 8 
   0.000901884487671  1412343232  |1 3 5 7 9  |1 4 5 6 8 
  -0.000901882394487  2314132324  |0 3 6 8 9  |1 3 5 7 9 
   0.000901106066453  3232141234  |1 3 5 7 9  |0 2 5 8 9 
   0.000901105242398  1232343214  |1 3 5 7 9  |2 4 5 6 9 
  -0.000901104245838  1323242314  |2 4 5 6 9  |1 3 5 7 9 
  -0.000900763244673  1441422331  |1 2 4 5 6  |1 2 4 7 8 
  -0.000900762493664  1441433221  |1 2 4 7 8  |1 2 4 5 6 
   0.000900758616198  4144113322  |0 2 3 8 9  |0 2 3 6 7 
  -0.000900610545564  4344321211  |0 2 3 5 7  |0 1 2 3 4 
  -0.000900608090331  4244231311  |0 1 2 3 4  |0 2 3 5 7 
   0.000900607718790  2442411313  |0 1 2 3 4  |1 2 4 7 9 
   0.000900605700839  3443411212  |1 2 4 7 9  |0 1 2 3 4 
   0.000898107025132  2222433313  |0 1 2 3 4  |4 5 6 7 9 
   0.000898106146239  3333422212  |4 5 6 7 9  |0 1 2 3 4 
  -0.000898094796620  4333321222  |0 5 7 8 9  |0 1 2 3 4 
  -0.000898093778514  4222231333  |0 1 2 3 4  |0 5 7 8 9 
  -0.000897876801008  2141443123  |0 2 4 5 8  |2 4 5 6 9 
  -0.000897872268511  4141323124  |0 2 5 8 9  |0 2 4 6 9 
   0.000896963863950  2243241133  |0 1 2 4 5  |2 3 5 8 9 
  -0.000896960651187  3342341122  |2 3 5 8 9  |0 1 2 4 5 
   0.000896926668564  2434212133  |0 1 3 4 6  |1 2 3 8 9 
  -0.000896922703997  3424313122  |1 2 3 8 9  |0 1 3 4 6 
  -0.000895624150219  4224312133  |0 1 2 3 6  |0 3 4 8 9 
   0.000895620640871  4334213122  |0 3 4 8 9  |0 1 2 3 6 
   0.000895581347149  3422433121  |1 2 3 4 8  |0 1 4 5 6 
  -0.000895474492824  1233243214  |1 4 5 7 9  |2 3 5 6 9 
   0.000895298191917  3244233211  |1 2 3 4 7  |0 2 3 5 6 
  -0.000895298162597  2442311233  |0 1 2 3 7  |1 2 4 8 9 
   0.000895294717806  3443211322  |1 2 4 8 9  |0 1 2 3 7 
   0.000895284478018  2321141344  |0 2 5 8 9  |1 5 7 8 9 
   0.000895282118064  3231141244  |1 5 7 8 9  |0 2 5 8 9 
   0.000894361569585  4441311421  |0 1 2 7 8  |0 1 2 4 7 
  -0.000894361146538  4441211431  |0 1 2 4 7  |0 1 2 7 8 
   0.000894353792191  3144412411  |2 3 4 6 7  |0 2 3 4 7 
   0.000894107473071  1423432141  |1 2 4 6 8  |1 3 4 5 8 
   0.000894107369264  1432423141  |1 3 4 5 8  |1 2 4 6 8 
  -0.000894103648817  4234114132  |0 1 3 6 9  |0 2 3 6 8 
  -0.000894103157999  4324114123  |0 2 3 6 8  |0 1 3 6 9 
  -0.000893815964036  2334412411  |0 3 4 6 7  |1 2 3 4 7 
  -0.000893814846851  3224413411  |1 2 3 4 7  |0 3 4 6 7 
   0.000893813902360  4422311431  |0 1 2 3 7  |0 1 4 7 8 
   0.000893811022227  4433211421  |0 1 4 7 8  |0 1 2 3 7 
  -0.000893733800187  4342213312  |0 2 3 4 9  |0 1 2 6 7 
   0.000893727411070  2243421331  |0 1 2 4 5  |2 3 4 7 8 
  -0.000892789538685  1241432341  |1 2 4 6 8  |2 4 5 7 8 
  -0.000892788225380  1341423241  |2 4 5 7 8  |1 2 4 6 8 
  -0.000892778878295  4143114232  |0 2 6 7 9  |0 2 3 6 8 
  -0.000892777201644  4142114323  |0 2 3 6 8  |0 2 6 7 9 
  -0.000891144535146  4443411211  |0 1 2 4 7  |0 1 2 3 4 
   0.000891045164124  4442411311  |0 1 2 3 4  |0 1 2 4 7 
   0.000890979921052  4244411311  |0 1 2 3 4  |0 2 3 4 7 
  -0.000890912797428  4344411211  |0 2 3 4 7  |0 1 2 3 4 
   0.000890740999893  2334241213  |0 3 4 5 7  |1 2 3 5 9 
   0.000890737788129  3422321314  |1 2 3 5 9  |0 1 4 7 9 
  -0.000890737030785  3224341312  |1 2 3 5 9  |0 3 4 5 7 
  -0.000890736429149  2433231214  |0 1 4 7 9  |1 2 3 5 9 
   0.000890378971104  4141332124  |0 2 6 8 9  |0 2 4 5 9 
   0.000890378686572  4141223134  |0 2 4 5 9  |0 2 6 8 9 
   0.000890329796339  4124113234  |0 2 3 7 9  |0 3 6 8 9 
   0.000890327679569  4134112324  |0 3 6 8 9  |0 2 3 7 9 
   0.000890321748561  1421443231  |1 2 4 5 7  |1 4 5 6 8 
  -0.000890219611029  2234241313  |0 1 3 4 5  |2 3 5 7 9 
   0.000890213675378  3324341212  |2 3 5 7 9  |0 1 3 4 5 
  -0.000890176953690  3423321214  |1 2 5 7 9  |0 1 3 4 9 
   0.000890174226819  2432231314  |0 1 3 4 9  |1 2 5 7 9 
   0.000889971633835  4322313124  |0 2 3 8 9  |0 1 4 6 9 
   0.000888843081221  4111414414  |0 4 6 7 9  |0 4 6 7 9 
   0.000886240160602  1234344112  |1 3 5 6 9  |2 3 4 5 6 
   0.000886233405967  1324244113  |2 3 4 5 6  |1 3 5 6 9 
   0.000886222669508  2423131144  |0 1 2 8 9  |1 3 5 8 9 
   0.000886220537195  3432121144  |1 3 5 8 9  |0 1 2 8 9 
  -0.000886078661693  1232144134  |1 3 5 6 9  |2 5 6 8 9 
   0.000886069197532  1232143144  |1 3 5 8 9  |2 5 6 8 9 
   0.000884819400933  2431221334  |0 1 4 5 9  |1 2 7 8 9 
   0.000883505621857  1124443231  |2 3 4 5 7  |3 4 5 6 8 
   0.000883500177505  4431112324  |0 1 6 8 9  |0 1 2 7 9 
   0.000883498201199  4421113234  |0 1 2 7 9  |0 1 6 8 9 
  -0.000883201495962  1212334423  |1 3 6 7 8  |4 5 6 7 9 
  -0.000883195235441  3212132443  |1 3 6 7 8  |0 5 7 8 9 
   0.000881907029803  2332332223  |0 3 6 7 8  |1 2 4 5 9 
  -0.000881903170057  3223223332  |1 2 4 5 9  |0 3 6 7 8 
   0.000881900272911  2322323332  |0 2 3 5 9  |1 4 6 7 8 
   0.000881253591180  3423432211  |1 2 4 6 7  |0 1 3 4 5 
  -0.000881252873316  2432423311  |0 1 3 4 5  |1 2 4 6 7 
  -0.000881235421927  4242332113  |0 1 2 3 6  |0 2 4 5 9 
  -0.000879826603337  3232241323  |1 3 4 5 8  |0 2 5 7 9 
   0.000879825466311  2232332314  |0 1 3 6 9  |2 4 5 7 9 
  -0.000879350167397  1313442412  |4 5 6 7 9  |1 3 4 5 7 
   0.000879343640821  4313121424  |0 5 7 8 9  |0 1 3 7 9 
   0.000879342976979  4212131434  |0 1 3 7 9  |0 5 7 8 9 
   0.000878856455926  4123223332  |0 2 4 5 9  |0 3 6 7 8 
   0.000878854800486  3231432223  |1 4 6 7 8  |0 2 4 5 9 
  -0.000878432001810  3242412331  |1 2 3 4 6  |0 2 4 7 8 
   0.000878430241333  2343413221  |0 2 4 7 8  |1 2 3 4 6 
   0.000878423676977  4343212231  |0 2 4 6 7  |0 1 2 3 8 
  -0.000878422749632  4242313321  |0 1 2 3 8  |0 2 4 6 7 
  -0.000877135398725  3441231232  |1 2 4 7 9  |0 1 2 5 8 
  -0.000877057810043  4332431212  |0 3 4 7 9  |0 1 2 4 5 
   0.000877057137002  4233421213  |0 1 4 5 7  |0 2 3 4 9 
   0.000877047326233  1434323212  |1 3 5 7 9  |1 2 3 4 6 
  -0.000877044401467  1424232313  |1 2 3 4 6  |1 3 5 7 9 
  -0.000877026547098  2424131323  |0 1 2 3 8  |1 3 5 7 9 
   0.000877026120081  3434121232  |1 3 5 7 9  |0 1 2 3 8 
  -0.000876835490739  1321243243  |2 4 5 7 8  |1 5 6 8 9 
  -0.000876810596771  2123134234  |0 2 6 7 9  |3 5 6 8 9 
   0.000876807171436  3132124324  |3 5 6 8 9  |0 2 6 7 9 
  -0.000875212127237  2344341112  |0 2 3 5 9  |1 2 3 4 5 
  -0.000875197202202  3244241113  |1 2 3 4 5  |0 2 3 5 9 
  -0.000875196633319  2442331114  |0 1 2 3 9  |1 2 4 5 9 
  -0.000875191354382  3443221114  |1 2 4 5 9  |0 1 2 3 9 
   0.000874931791461  2312441431  |0 3 4 5 7  |1 4 5 7 8 
  -0.000874927117593  4312312414  |0 3 6 7 9  |0 1 4 7 9 
   0.000874925233843  3213441421  |1 4 5 7 8  |0 3 4 5 7 
  -0.000874922879597  4213213414  |0 1 4 7 9  |0 3 6 7 9 
  -0.000873886690171  3413422231  |1 4 5 6 7  |0 1 3 4 8 
   0.000873884950687  2412433321  |0 1 3 4 8  |1 4 5 6 7 
   0.000873872289156  4214212333  |0 1 3 4 6  |0 3 7 8 9 
   0.000873656459763  4144112332  |0 2 3 6 9  |0 2 3 7 8 
   0.000873656344513  4144113223  |0 2 3 7 8  |0 2 3 6 9 
  -0.000873655882289  1441423321  |1 2 4 5 8  |1 2 4 6 7 
  -0.000873655443815  1441432231  |1 2 4 6 7  |1 2 4 5 8 
   0.000873264233820  2243331322  |0 1 2 8 9  |2 3 4 5 7 
   0.000873263188263  2243333212  |0 1 2 7 9  |2 3 4 5 6 
   0.000873263060877  3342221233  |2 3 4 5 7  |0 1 2 8 9 
   0.000873262577812  3342222313  |2 3 4 5 6  |0 1 2 7 9 
  -0.000872946046328  1142342332  |2 3 5 6 9  |2 4 5 7 8 
   0.000872944691813  1143243223  |2 4 5 7 8  |2 3 5 6 9 
   0.000872940186769  2341132234  |0 2 6 7 9  |1 2 5 8 9 
   0.000871924788307  1413223423  |1 4 5 7 8  |1 3 6 7 9 
  -0.000871923847926  1412332432  |1 3 6 7 9  |1 4 5 7 8 
   0.000871910405200  3214123423  |1 3 5 7 8  |0 3 6 7 9 
  -0.000868425167188  3432222133  |1 3 4 5 6  |0 1 2 8 9 
  -0.000868423558856  2423333122  |0 1 2 8 9  |1 3 4 5 6 
  -0.000868420542454  3324222133  |2 3 4 5 6  |0 1 3 8 9 
  -0.000868419525895  2234333122  |0 1 3 8 9  |2 3 4 5 6 
  -0.000867453500667  4322314213  |0 2 3 6 7  |0 1 4 6 9 
   0.000867433155226  3223431241  |1 2 4 7 8  |0 3 4 5 8 
   0.000865908072167  1442441131  |1 2 3 4 5  |1 2 4 5 8 
  -0.000865876200624  4344112114  |0 2 3 6 9  |0 1 2 3 9 
   0.000865803526100  4244113114  |0 1 2 3 9  |0 2 3 6 9 
  -0.000865774265215  1443441121  |1 2 4 5 8  |1 2 3 4 5 
  -0.000864266054695  1133242432  |4 5 6 7 9  |2 3 5 7 8 
   0.000864255074617  2331123424  |0 5 7 8 9  |1 2 6 7 9 
  -0.000864255012490  3221132434  |1 2 6 7 9  |0 5 7 8 9 
  -0.000862534783504  3341442121  |2 4 5 6 8  |0 1 2 4 5 
  -0.000862530847722  4142213134  |0 2 3 4 9  |0 2 6 8 9 
   0.000862445154447  2232433213  |0 1 3 4 7  |2 4 5 6 9 
   0.000862444473114  3323422312  |2 4 5 6 9  |0 1 3 4 7 
  -0.000862430428265  4323321322  |0 2 5 8 9  |0 1 3 4 7 
  -0.000862429540569  4232231233  |0 1 3 4 7  |0 2 5 8 9 
  -0.000862137577353  3344223211  |2 3 4 5 7  |0 1 2 3 6 
  -0.000862133889092  3442211323  |1 2 3 4 8  |0 1 2 7 9 
   0.000861152632598  2323332232  |0 2 6 7 9  |1 3 4 5 8 
  -0.000861148927190  3232223323  |1 3 4 5 8  |0 2 6 7 9 
   0.000861129078276  2232332332  |0 1 3 6 9  |2 4 5 7 8 
   0.000859473351292  4142414131  |0 2 3 4 6  |0 2 4 6 8 
  -0.000859451004104  4341412141  |0 2 4 6 8  |0 1 2 4 8 
   0.000859383646328  4241413141  |0 1 2 4 8  |0 2 4 6 8 
  -0.000859345981807  4143414121  |0 2 4 6 8  |0 2 3 4 6 
  -0.000859253520527  3223414213  |1 2 4 6 7  |0 3 4 6 9 
  -0.000859087527634  2223133144  |0 1 2 8 9  |3 5 6 8 9 
   0.000859086613491  3332122144  |3 5 6 8 9  |0 1 2 8 9 
   0.000859084609671  1233344122  |1 5 6 8 9  |2 3 4 5 6 
  -0.000858381584039  4234214131  |0 1 3 4 6  |0 2 3 6 8 
  -0.000858378178686  4324314121  |0 2 3 6 8  |0 1 3 4 6 
   0.000858366414433  3423412141  |1 2 4 6 8  |0 1 3 4 8 
   0.000858364883055  2432413141  |0 1 3 4 8  |1 2 4 6 8 
  -0.000856726493493  2322114334  |0 2 3 6 9  |1 6 7 8 9 
   0.000856726188559  3233114224  |1 6 7 8 9  |0 2 3 6 9 
   0.000856723126131  1332342241  |3 5 6 7 8  |1 2 4 5 8 
  -0.000855158772270  2234132323  |0 1 3 6 8  |2 3 5 7 9 
  -0.000855157097589  3324123232  |2 3 5 7 9  |0 1 3 6 8 
   0.000854682194491  1412323432  |1 3 5 7 9  |1 4 6 7 8 
   0.000854679464294  2314132423  |0 3 6 7 8  |1 3 5 7 9 
   0.000854167262722  3343322212  |2 5 6 7 9  |0 1 2 3 4 
   0.000854166357622  2242233313  |0 1 2 3 4  |2 5 6 7 9 
   0.000854164040997  2242231333  |0 1 2 3 4  |2 5 7 8 9 
   0.000854162632327  3343321222  |2 5 7 8 9  |0 1 2 3 4 
   0.000852129105012  1424343121  |1 2 3 5 8  |1 3 4 5 6 
   0.000852128575677  1434242131  |1 3 4 5 6  |1 2 3 5 8 
   0.000852114057646  3424112134  |1 2 3 6 9  |0 1 3 8 9 
   0.000852113291577  2434113124  |0 1 3 8 9  |1 2 3 6 9 
   0.000852021053873  2433112144  |0 1 6 8 9  |1 2 3 8 9 
  -0.000851757176384  3441412141  |1 2 4 6 8  |0 1 2 4 8 
   0.000851738261894  2441413141  |0 1 2 4 8  |1 2 4 6 8 
  -0.000851698667640  4311423241  |0 4 5 7 8  |0 1 4 6 8 
  -0.000851697744277  4211432341  |0 1 4 6 8  |0 4 5 7 8 
  -0.000851694673360  4113414232  |0 4 6 7 9  |0 3 4 6 8 
   0.000851677684496  4144214131  |0 2 3 4 6  |0 2 3 6 8 
  -0.000851637948122  4144314121  |0 2 3 6 8  |0 2 3 4 6 
  -0.000851401033978  3442312213  |1 2 3 6 7  |0 1 2 4 9 
   0.000851399120336  2443213312  |0 1 2 4 9  |1 2 3 6 7 
  -0.000851005277925  3231121444  |1 5 7 8 9  |0 2 7 8 9 
   0.000850942539975  4231214143  |0 1 4 6 8  |0 2 6 8 9 
   0.000850935945984  4321314142  |0 2 6 8 9  |0 1 4 6 8 
   0.000850925647046  3123424141  |2 4 5 6 8  |0 3 4 6 8 
   0.000850814280500  4143212134  |0 2 4 6 9  |0 2 3 8 9 
   0.000849229953475  1232241433  |1 3 4 5 7  |2 5 7 8 9 
  -0.000849229170348  1323341422  |2 5 7 8 9  |1 3 4 5 7 
  -0.000849008319157  1312442413  |3 4 5 6 7  |1 4 5 7 9 
  -0.000849006989732  1213443412  |1 4 5 7 9  |3 4 5 6 7 
   0.000849003304842  4312121434  |0 3 5 7 9  |0 1 7 8 9 
   0.000848927366439  2342321413  |0 2 3 5 7  |1 2 4 7 9 
  -0.000848197851485  4341211144  |0 2 4 8 9  |0 1 2 8 9 
   0.000847493177108  4114114144  |0 3 6 8 9  |0 3 6 8 9 
   0.000847482419555  1411444141  |1 4 5 6 8  |1 4 5 6 8 
  -0.000846562945950  3142234114  |2 3 4 6 9  |0 2 5 6 9 
  -0.000845424792845  1314243232  |3 4 5 7 9  |1 3 5 6 8 
   0.000844912589509  1441114144  |1 2 6 8 9  |1 2 6 8 9 
   0.000844082223577  4424113123  |0 1 2 3 8  |0 1 3 6 9 
   0.000844078831356  4434112132  |0 1 3 6 9  |0 1 2 3 8 
   0.000844069411141  1434423121  |1 3 4 5 8  |1 2 3 4 6 
   0.000844065787955  1424432131  |1 2 3 4 6  |1 3 4 5 8 
   0.000842892606076  1423241134  |1 2 4 5 9  |1 3 5 8 9 
  -0.000842887077784  3234142114  |1 3 5 6 9  |0 2 3 5 9 
   0.000841564033130  2322432313  |0 2 3 4 6  |1 4 5 7 9 
   0.000841563097975  3233423212  |1 4 5 7 9  |0 2 3 4 6 
  -0.000841553061510  4332321232  |0 3 5 7 9  |0 1 2 4 8 
  -0.000841552014696  4223231323  |0 1 2 4 8  |0 3 5 7 9 
   0.000841138487027  3342241132  |2 3 4 5 9  |0 1 2 5 8 
  -0.000840999835259  3212341432  |1 3 5 7 9  |0 4 5 7 8 
  -0.000840698912726  2232241333  |0 1 3 4 5  |2 5 7 8 9 
  -0.000840697309592  3323341222  |2 5 7 8 9  |0 1 3 4 5 
   0.000840693089892  3323322214  |2 5 6 7 9  |0 1 3 4 9 
   0.000839879630812  4324421113  |0 2 3 4 5  |0 1 3 4 9 
   0.000839877625147  4234431112  |0 1 3 4 9  |0 2 3 4 5 
   0.000839876571351  4423431112  |0 1 2 4 9  |0 1 3 4 5 
   0.000839653289463  3241113244  |1 2 7 8 9  |0 2 6 8 9 
   0.000839457050311  4224331123  |0 1 2 3 8  |0 3 4 5 9 
  -0.000839455058281  4334221132  |0 3 4 5 9  |0 1 2 3 8 
   0.000839451176524  3422432113  |1 2 3 4 6  |0 1 4 5 9 
  -0.000838812917852  2312423413  |0 3 4 5 7  |1 4 6 7 9 
   0.000838804256010  4312321423  |0 3 5 7 8  |0 1 4 7 9 
  -0.000838799975319  4213231432  |0 1 4 7 9  |0 3 5 7 8 
   0.000836945346581  4141413421  |0 2 4 7 8  |0 2 4 6 7 
  -0.000836942992394  4141412431  |0 2 4 6 7  |0 2 4 7 8 
   0.000836706460759  1421132344  |1 2 6 8 9  |1 5 7 8 9 
  -0.000836706041432  1134144232  |3 5 6 7 9  |2 3 5 6 8 
   0.000836016630515  4241212333  |0 1 2 4 6  |0 2 7 8 9 
  -0.000836010727149  4341313222  |0 2 7 8 9  |0 1 2 4 6 
   0.000835994171884  2142433321  |0 2 3 4 8  |2 4 5 6 7 
   0.000835638450282  3243412231  |1 2 4 6 7  |0 2 3 4 8 
   0.000835629084681  4342313221  |0 2 3 7 8  |0 1 2 4 6 
   0.000833871716316  4233213142  |0 1 4 8 9  |0 2 3 6 8 
   0.000833865274639  2332424131  |0 3 4 5 6  |1 2 4 6 8 
   0.000833695312572  1142143234  |2 3 5 7 9  |2 5 6 8 9 
   0.000833295337751  1442431132  |1 2 3 4 9  |1 2 4 5 8 
  -0.000833201278681  3434222113  |1 3 4 5 6  |0 1 2 3 9 
   0.000833194830462  2424333112  |0 1 2 3 9  |1 3 4 5 6 
   0.000833189495449  3424221133  |1 2 3 4 5  |0 1 3 8 9 
  -0.000833185009764  2434331122  |0 1 3 8 9  |1 2 3 4 5 
  -0.000832924541182  3232422313  |1 3 4 5 6  |0 2 4 7 9 
  -0.000832919794374  2323433212  |0 2 4 7 9  |1 3 4 5 6 
   0.000832912646777  4323221233  |0 2 4 5 7  |0 1 3 8 9 
   0.000832908528221  4232331322  |0 1 3 8 9  |0 2 4 5 7 
   0.000832437375339  4134442111  |0 3 4 5 6  |0 2 3 4 5 
  -0.000832437007593  4124443111  |0 2 3 4 5  |0 3 4 5 6 
   0.000832436340973  4431411124  |0 1 4 8 9  |0 1 2 4 9 
   0.000832435101638  4323412411  |0 2 4 6 7  |0 1 3 4 7 
  -0.000832425210115  4232411431  |0 1 3 4 7  |0 2 4 7 8 
   0.000832425122587  4232413411  |0 1 3 4 7  |0 2 4 6 7 
  -0.000832411181242  4323411421  |0 2 4 7 8  |0 1 3 4 7 
  -0.000831034179153  4114412413  |0 3 4 6 7  |0 3 4 7 9 
   0.000831027675792  4411421431  |0 1 4 5 7  |0 1 4 7 8 
   0.000828974765612  3343241122  |2 4 5 8 9  |0 1 2 3 5 
   0.000828947332777  2343322114  |0 2 5 6 9  |1 2 3 4 9 
  -0.000828943929941  3242233114  |1 2 3 4 9  |0 2 5 6 9 
   0.000828546226256  2434323121  |0 1 3 5 8  |1 2 3 4 6 
   0.000828543918823  2424313123  |0 1 2 3 8  |1 3 4 6 9 
  -0.000828179925537  2312332414  |0 3 6 7 9  |1 4 5 7 9 
   0.000828179097300  3213223414  |1 4 5 7 9  |0 3 6 7 9 
  -0.000828171965404  3213241423  |1 4 5 7 8  |0 3 5 7 9 
   0.000827401758395  4341312223  |0 2 6 7 8  |0 1 2 4 9 
  -0.000827399861716  4241213332  |0 1 2 4 9  |0 2 6 7 8 
  -0.000827389175582  2142423331  |0 2 3 4 5  |2 4 6 7 8 
   0.000827388566694  3143432221  |2 4 6 7 8  |0 2 3 4 5 
   0.000827000336098  2134324114  |0 3 5 6 9  |2 3 4 6 9 
   0.000826998037159  3124234114  |2 3 4 6 9  |0 3 5 6 9 
   0.000826997367502  2421341143  |0 1 2 5 8  |1 4 5 8 9 
   0.000826625244150  3332422213  |3 4 5 6 7  |0 1 2 4 9 
   0.000826624415786  2223433312  |0 1 2 4 9  |3 4 5 6 7 
  -0.000826610939120  4322221333  |0 2 3 4 5  |0 1 7 8 9 
  -0.000826609804956  4233331222  |0 1 7 8 9  |0 2 3 4 5 
  -0.000825329658704  2441213143  |0 1 2 4 8  |1 2 6 8 9 
  -0.000825329189357  3441312142  |1 2 6 8 9  |0 1 2 4 8 
   0.000825322703643  3144324121  |2 3 5 6 8  |0 2 3 4 6 
   0.000825320776278  2144234131  |0 2 3 4 6  |2 3 5 6 8 
  -0.000825018998773  2234333221  |0 1 3 7 8  |2 3 4 5 6 
  -0.000825018248776  3324222331  |2 3 4 5 6  |0 1 3 7 8 
  -0.000825015326884  2423313322  |0 1 2 8 9  |1 3 4 6 7 
  -0.000825014625040  3432212233  |1 3 4 6 7  |0 1 2 8 9 
  -0.000823704525773  2332114234  |0 3 6 7 9  |1 2 6 8 9 
   0.000823704486201  3223114324  |1 2 6 8 9  |0 3 6 7 9 
   0.000823700230604  1322342341  |2 3 5 6 8  |1 4 5 7 8 
  -0.000823699275934  1233243241  |1 4 5 7 8  |2 3 5 6 8 
  -0.000823694514435  2321433232  |0 2 4 7 9  |1 4 5 6 8 
   0.000823514545592  3313222441  |4 5 6 7 8  |0 1 3 7 8 
  -0.000823444653137  3213314422  |1 6 7 8 9  |0 3 4 6 7 
  -0.000823442473242  3312322441  |3 5 6 7 8  |0 1 4 7 8 
   0.000821958691878  4141111444  |0 2 7 8 9  |0 2 7 8 9 
   0.000821587055643  1441332124  |1 2 6 8 9  |1 2 4 5 9 
   0.000821586933432  1441223134  |1 2 4 5 9  |1 2 6 8 9 
   0.000821586422782  3144142123  |2 3 5 6 8  |0 2 3 5 9 
   0.000821586201965  2144143132  |0 2 3 5 9  |2 3 5 6 8 
  -0.000821308890685  4332132124  |0 3 6 8 9  |0 1 2 5 9 
  -0.000821064906362  2114443231  |0 3 4 5 7  |3 4 5 6 8 
   0.000821062650861  4411312324  |0 1 6 8 9  |0 1 4 7 9 
   0.000821062109664  4411213234  |0 1 4 7 9  |0 1 6 8 9 
  -0.000820963887610  1421243143  |1 2 4 5 8  |1 5 6 8 9 
   0.000820949687508  3134124124  |3 5 6 8 9  |0 2 3 6 9 
   0.000819690643740  4212314413  |0 1 3 6 7  |0 4 6 7 9 
  -0.000817913466313  2144143123  |0 2 3 5 8  |2 3 5 6 9 
  -0.000817912941303  3144142132  |2 3 5 6 9  |0 2 3 5 8 
   0.000817484293191  4143132142  |0 2 6 8 9  |0 2 3 5 8 
   0.000816246691135  3114144214  |3 5 6 7 9  |0 3 5 6 9 
   0.000815575493875  3232432123  |1 3 4 6 8  |0 2 4 5 9 
   0.000815571404831  4232332123  |0 1 3 6 8  |0 2 4 5 9 
   0.000815007746348  1424323312  |1 2 3 5 9  |1 3 4 6 7 
  -0.000815004422400  1434232213  |1 3 4 6 7  |1 2 3 5 9 
  -0.000814985635473  2434131223  |0 1 3 7 8  |1 2 3 5 9 
   0.000814984985453  3424121332  |1 2 3 5 9  |0 1 3 7 8 
  -0.000814594658991  4321213144  |0 2 4 8 9  |0 1 6 8 9 
   0.000812959448918  3443222113  |1 2 4 5 6  |0 1 2 3 9 
  -0.000812956457373  2442333112  |0 1 2 3 9  |1 2 4 5 6 
  -0.000812947971916  3244221133  |1 2 3 4 5  |0 2 3 8 9 
   0.000812945266417  2344331122  |0 2 3 8 9  |1 2 3 4 5 
  -0.000811819758557  3224214313  |1 2 3 4 6  |0 3 6 7 9 
   0.000811819415986  2422331341  |0 1 2 3 8  |1 4 5 7 8 
   0.000811819359441  2334314212  |0 3 6 7 9  |1 2 3 4 6 
  -0.000811818466195  3433221241  |1 4 5 7 8  |0 1 2 3 8 
  -0.000811719809812  4142132143  |0 2 3 6 8  |0 2 5 8 9 
  -0.000811719508268  4143123142  |0 2 5 8 9  |0 2 3 6 8 
   0.000811672104027  4141114414  |0 2 6 7 9  |0 2 6 7 9 
   0.000811670764092  1141441441  |2 4 5 7 8  |2 4 5 7 8 
  -0.000810376798557  2332431421  |0 3 4 7 8  |1 2 4 5 7 
  -0.000810356985094  4233212413  |0 1 4 6 7  |0 2 3 7 9 
   0.000810356212640  4322313412  |0 2 3 7 9  |0 1 4 6 7 
   0.000810305778056  2144334121  |0 2 3 6 8  |2 3 4 5 6 
   0.000810305018295  3144224131  |2 3 4 5 6  |0 2 3 6 8 
  -0.000810301608427  3441212143  |1 2 4 6 8  |0 1 2 8 9 
  -0.000810301570806  2441313142  |0 1 2 8 9  |1 2 4 6 8 
   0.000809818112675  4314312223  |0 3 6 7 8  |0 1 3 4 9 
   0.000809815409911  3413432221  |1 4 6 7 8  |0 1 3 4 5 
  -0.000809814931431  4214213332  |0 1 3 4 9  |0 3 6 7 8 
  -0.000809135822606  3414232312  |1 3 4 6 9  |0 1 3 5 7 
   0.000809118356038  2414321323  |0 1 3 5 8  |1 3 4 7 9 
   0.000808947167945  2431441321  |0 1 4 5 8  |1 2 4 5 7 
  -0.000808771141384  2214433312  |0 1 3 4 9  |3 4 5 6 7 
   0.000808767934667  4412221333  |0 1 3 4 5  |0 1 7 8 9 
  -0.000808739700777  1441123234  |1 2 5 7 9  |1 2 6 8 9 
   0.000808194702321  2223333214  |0 1 2 7 9  |3 4 5 6 9 
   0.000808192704079  3332222314  |3 4 5 6 9  |0 1 2 7 9 
  -0.000808192684705  2233341322  |0 1 5 8 9  |2 3 4 5 7 
   0.000807438744493  2422341133  |0 1 2 3 5  |1 4 5 8 9 
   0.000807142520501  2422331314  |0 1 2 3 9  |1 4 5 7 9 
  -0.000807141397413  3433221214  |1 4 5 7 9  |0 1 2 3 9 
   0.000807131549009  2334341212  |0 3 5 7 9  |1 2 3 4 5 
  -0.000807127766242  3224241313  |1 2 3 4 5  |0 3 5 7 9 
  -0.000804550531370  1244341321  |1 2 3 5 8  |2 3 4 5 7 
  -0.000804548990620  1344241231  |2 3 4 5 7  |1 2 3 5 8 
  -0.000804533422051  2443113214  |0 1 2 7 9  |1 2 3 6 9 
  -0.000804532354948  3442112314  |1 2 3 6 9  |0 1 2 7 9 
   0.000804511041540  2433412213  |0 1 4 6 7  |1 2 3 4 9 
   0.000804492644614  3443322112  |1 2 5 6 9  |0 1 2 3 4 
  -0.000804489765260  2442233113  |0 1 2 3 4  |1 2 5 6 9 
  -0.000804489263877  2244231133  |0 1 2 3 4  |2 3 5 8 9 
   0.000804486383312  3344321122  |2 3 5 8 9  |0 1 2 3 4 
   0.000804468501433  2332132144  |0 3 6 8 9  |1 2 5 8 9 
  -0.000804468117123  1322344132  |2 3 5 6 9  |1 4 5 6 8 
   0.000804330809929  3222423313  |1 2 3 4 5  |0 4 6 7 9 
   0.000804329781266  2333432212  |0 4 6 7 9  |1 2 3 4 5 
  -0.000804327222237  4333221223  |0 4 5 7 8  |0 1 2 3 9 
  -0.000804325996802  4222331332  |0 1 2 3 9  |0 4 5 7 8 
   0.000802161494055  2134144114  |0 3 5 6 9  |2 3 5 6 9 
  -0.000802158397553  1431241144  |1 4 5 8 9  |1 2 5 8 9 
  -0.000802053330166  1322341432  |2 3 5 7 9  |1 4 5 7 8 
   0.000802048646545  2332132414  |0 3 6 7 9  |1 2 5 7 9 
  -0.000801081523392  1341243232  |2 4 5 7 9  |1 2 5 6 8 
   0.000800539760082  2314323412  |0 3 5 7 9  |1 3 4 6 7 
  -0.000800525795505  2412331423  |0 1 3 7 8  |1 4 5 7 9 
   0.000800518519277  3413221432  |1 4 5 7 9  |0 1 3 7 8 
  -0.000800518065462  3214232413  |1 3 4 6 7  |0 3 5 7 9 
   0.000800357065239  3444111214  |1 2 3 7 9  |0 1 2 3 9 
  -0.000800345234559  2444111314  |0 1 2 3 9  |1 2 3 7 9 
  -0.000800296427895  1444241311  |1 2 3 4 5  |1 2 3 5 7 
   0.000800277485021  1444341211  |1 2 3 5 7  |1 2 3 4 5 
   0.000796534962169  4134312214  |0 3 6 7 9  |0 2 3 4 9 
  -0.000796526463641  3431441221  |1 4 5 7 8  |0 1 2 4 5 
   0.000796128224879  2243231323  |0 1 2 4 8  |2 3 5 7 9 
   0.000796126888146  3342321232  |2 3 5 7 9  |0 1 2 4 8 
   0.000796120957010  3243323212  |1 2 5 7 9  |0 2 3 4 6 
   0.000796120204067  2342232313  |0 2 3 4 6  |1 2 5 7 9 
  -0.000795530467122  4232432131  |0 1 3 4 6  |0 2 4 5 8 
   0.000795528691466  4323423121  |0 2 4 5 8  |0 1 3 4 6 
  -0.000795510826422  4323412132  |0 2 4 6 9  |0 1 3 4 8 
   0.000795510314925  4232413123  |0 1 3 4 8  |0 2 4 6 9 
  -0.000794688467961  4141212343  |0 2 4 6 8  |0 2 7 8 9 
  -0.000794681488475  4141313242  |0 2 7 8 9  |0 2 4 6 8 
  -0.000794670779124  3141424231  |2 4 5 6 7  |0 2 4 6 8 
  -0.000794668786545  2141434321  |0 2 4 6 8  |2 4 5 6 7 
   0.000794351509033  2324341312  |0 2 3 5 9  |1 3 4 5 7 
  -0.000794348076420  3234241213  |1 3 4 5 7  |0 2 3 5 9 
   0.000794346153503  2432331214  |0 1 3 7 9  |1 2 4 5 9 
  -0.000794345155166  3423221314  |1 2 4 5 9  |0 1 3 7 9 
  -0.000793832644838  3324241312  |2 3 4 5 9  |0 1 3 5 7 
   0.000793791390375  2423321314  |0 1 2 5 9  |1 3 4 7 9 
  -0.000792887434096  4413412141  |0 1 4 6 8  |0 1 3 4 8 
   0.000792884061882  4412413141  |0 1 3 4 8  |0 1 4 6 8 
  -0.000792877374659  3412411441  |1 3 4 7 8  |0 1 4 7 8 
   0.000792876844038  2413411441  |0 1 4 7 8  |1 3 4 7 8 
  -0.000792875805818  4314214411  |0 3 4 6 7  |0 1 3 6 7 
   0.000792865973281  4214414131  |0 1 3 4 6  |0 3 4 6 8 
  -0.000792865732574  4314414121  |0 3 4 6 8  |0 1 3 4 6 
   0.000792379555945  2244231313  |0 1 2 3 4  |2 3 5 7 9 
  -0.000792373890439  3443321212  |1 2 5 7 9  |0 1 2 3 4 
  -0.000792373064942  3344321212  |2 3 5 7 9  |0 1 2 3 4 
   0.000792369191652  2442231313  |0 1 2 3 4  |1 2 5 7 9 
  -0.000790826617733  1344141322  |2 3 5 8 9  |1 2 3 5 7 
  -0.000790311138553  4111432432  |0 4 6 7 9  |0 4 5 7 8 
  -0.000789992135527  2324314231  |0 2 3 6 7  |1 3 4 6 8 
   0.000789990231981  3234214321  |1 3 4 6 8  |0 2 3 6 7 
   0.000789732059036  4242114133  |0 1 2 3 6  |0 2 6 8 9 
  -0.000789730837630  1242433141  |1 2 3 4 8  |2 4 5 6 8 
   0.000789730627120  4343114122  |0 2 6 8 9  |0 1 2 3 6 
   0.000789609321692  3422131243  |1 2 3 7 8  |0 1 5 8 9 
   0.000789068760532  1124134414  |2 3 6 7 9  |3 5 6 7 9 
   0.000788908552461  1142434321  |2 3 4 6 8  |2 4 5 6 7 
   0.000788115481213  2432241133  |0 1 3 4 5  |1 2 5 8 9 
  -0.000788113096452  3423341122  |1 2 5 8 9  |0 1 3 4 5 
  -0.000788111027912  3324322114  |2 3 5 6 9  |0 1 3 4 9 
   0.000788109409937  2234233114  |0 1 3 4 9  |2 3 5 6 9 
  -0.000787860131329  3231432232  |1 4 6 7 9  |0 2 4 5 8 
   0.000786395862624  3412312423  |1 3 6 7 8  |0 1 4 7 9 
  -0.000786394153568  3214332421  |1 3 6 7 8  |0 3 4 5 7 
  -0.000786393241981  2413213432  |0 1 4 7 9  |1 3 6 7 8 
  -0.000784676532143  4342114123  |0 2 3 6 8  |0 1 2 6 9 
  -0.000784332448444  2414213413  |0 1 3 4 7  |1 3 6 7 9 
  -0.000784332421439  3414312412  |1 3 6 7 9  |0 1 3 4 7 
   0.000784318022322  3414321421  |1 3 5 7 8  |0 1 3 4 7 
   0.000784316414474  2414231431  |0 1 3 4 7  |1 3 5 7 8 
   0.000784313050559  3432423112  |1 3 4 5 9  |0 1 2 4 6 
  -0.000784199194802  3314241412  |3 4 5 7 9  |0 1 3 5 7 
  -0.000784190287487  2413321414  |0 1 5 7 9  |1 3 4 7 9 
  -0.000783544927780  4311231442  |0 4 7 8 9  |0 1 5 7 8 
  -0.000783468937888  1441441312  |1 2 4 5 9  |1 2 4 5 7 
   0.000783468341775  1441441213  |1 2 4 5 7  |1 2 4 5 9 
  -0.000783454506233  4144121314  |0 2 3 5 9  |0 2 3 7 9 
   0.000783454231453  4144131214  |0 2 3 7 9  |0 2 3 5 9 
   0.000782819231019  3244221313  |1 2 3 4 5  |0 2 3 7 9 
  -0.000782813200006  2344331212  |0 2 3 7 9  |1 2 3 4 5 
  -0.000782811815315  3443221213  |1 2 4 5 7  |0 1 2 3 9 
   0.000782806967742  2442331312  |0 1 2 3 9  |1 2 4 5 7 
   0.000782454067703  1224243133  |1 2 3 4 5  |3 5 6 8 9 
  -0.000782449813669  1334342122  |3 5 6 8 9  |1 2 3 4 5 
   0.000782446535715  3433122124  |1 5 6 8 9  |0 1 2 3 9 
  -0.000782443989105  2422133134  |0 1 2 3 9  |1 5 6 8 9 
  -0.000782104009972  3334322221  |3 5 6 7 8  |0 1 2 3 4 
  -0.000782103114891  2224233331  |0 1 2 3 4  |3 5 6 7 8 
  -0.000782102777879  2422213333  |0 1 2 3 4  |1 6 7 8 9 
  -0.000782101936828  3433312222  |1 6 7 8 9  |0 1 2 3 4 
  -0.000782059628211  1214141434  |1 3 5 7 9  |3 5 7 8 9 
   0.000780912051555  1234424311  |1 3 4 5 6  |2 3 4 6 7 
   0.000780911108630  1324434211  |2 3 4 6 7  |1 3 4 5 6 
   0.000780909745600  4423111243  |0 1 2 7 8  |0 1 3 8 9 
   0.000780909686922  4432111342  |0 1 3 8 9  |0 1 2 7 8 
  -0.000780675806608  1443231322  |1 2 4 8 9  |1 2 3 5 7 
   0.000780673463216  2344122313  |0 2 3 5 6  |1 2 3 7 9 
  -0.000780671701186  3244133212  |1 2 3 7 9  |0 2 3 5 6 
   0.000780269177892  1443222133  |1 2 4 5 6  |1 2 3 8 9 
  -0.000780266557174  1442333122  |1 2 3 8 9  |1 2 4 5 6 
   0.000780235252455  3244122133  |1 2 3 5 6  |0 2 3 8 9 
  -0.000780233097585  2344133122  |0 2 3 8 9  |1 2 3 5 6 
  -0.000780048866119  1431242143  |1 4 5 6 8  |1 2 5 8 9 
  -0.000780047874588  1421343142  |1 2 5 8 9  |1 4 5 6 8 
   0.000780027109984  3124124134  |2 3 5 6 9  |0 3 6 8 9 
   0.000780026232791  2134134124  |0 3 6 8 9  |2 3 5 6 9 
   0.000779619908218  4223213143  |0 1 2 4 8  |0 3 6 8 9 
  -0.000779616297230  4332312142  |0 3 6 8 9  |0 1 2 4 8 
  -0.000779612933051  3233424121  |1 4 5 6 8  |0 2 3 4 6 
   0.000779612283429  2322434131  |0 2 3 4 6  |1 4 5 6 8 
  -0.000779217463803  2341341124  |0 2 5 8 9  |1 2 4 5 9 
  -0.000778505115400  3433322122  |1 5 6 8 9  |0 1 2 3 4 
  -0.000778503605348  2422233133  |0 1 2 3 4  |1 5 6 8 9 
  -0.000778497163958  2224233133  |0 1 2 3 4  |3 5 6 8 9 
  -0.000778496283233  3334322122  |3 5 6 8 9  |0 1 2 3 4 
   0.000777868868503  2432333122  |0 1 3 8 9  |1 2 4 5 6 
   0.000777867871128  2324333122  |0 2 3 8 9  |1 3 4 5 6 
   0.000777672573665  2414331421  |0 1 3 7 8  |1 3 4 5 7 
  -0.000777672392812  3414212413  |1 3 4 6 7  |0 1 3 7 9 
  -0.000777672057924  2414313412  |0 1 3 7 9  |1 3 4 6 7 
   0.000777671912143  3414221431  |1 3 4 5 7  |0 1 3 7 8 
  -0.000776387538831  3142342114  |2 3 5 6 9  |0 2 4 5 9 
  -0.000776387069812  2143243114  |0 2 4 5 9  |2 3 5 6 9 
   0.000776332443223  4223413123  |0 1 2 4 8  |0 3 4 6 9 
   0.000776332177951  4233423121  |0 1 4 5 8  |0 2 3 4 6 
  -0.000776329274854  4332412132  |0 3 4 6 9  |0 1 2 4 8 
  -0.000776329238358  4322432131  |0 2 3 4 6  |0 1 4 5 8 
  -0.000775423671465  2323114324  |0 2 6 8 9  |1 3 6 7 9 
   0.000775423428513  3232114234  |1 3 6 7 9  |0 2 6 8 9 
   0.000775416629435  1232343241  |1 3 5 7 8  |2 4 5 6 8 
  -0.000775415555988  1323242341  |2 4 5 6 8  |1 3 5 7 8 
  -0.000774443255392  4311414232  |0 4 6 7 9  |0 1 4 6 8 
  -0.000774436516492  4112432341  |0 3 4 6 8  |0 4 5 7 8 
  -0.000773686950604  4112113444  |0 3 7 8 9  |0 6 7 8 9 
   0.000773308114789  3232423213  |1 3 4 5 7  |0 2 4 6 9 
   0.000773307198335  2323432312  |0 2 4 6 9  |1 3 4 5 7 
  -0.000773301088587  4323221323  |0 2 4 5 8  |0 1 3 7 9 
  -0.000773299945046  4232331232  |0 1 3 7 9  |0 2 4 5 8 
  -0.000773148871603  3342241123  |2 3 4 5 8  |0 1 2 5 9 
   0.000773148816799  3342223114  |2 3 4 5 9  |0 1 2 6 9 
  -0.000771097931517  3423412213  |1 2 4 6 7  |0 1 3 4 9 
  -0.000771089739677  4324331221  |0 2 3 7 8  |0 1 3 4 5 
   0.000769847714472  4121413432  |0 2 4 7 9  |0 4 6 7 8 
   0.000769841370383  4121423431  |0 2 4 5 7  |0 4 6 7 8 
   0.000769841315383  4131432421  |0 4 6 7 8  |0 2 4 5 7 
   0.000769039167695  4141123324  |0 2 5 8 9  |0 2 6 7 9 
  -0.000769036930996  1141442332  |2 4 5 6 9  |2 4 5 7 8 
   0.000768901565120  1142443123  |2 3 4 5 8  |2 4 5 6 9 
   0.000768901012142  1143442132  |2 4 5 6 9  |2 3 4 5 8 
   0.000768894744968  4241132134  |0 1 2 6 9  |0 2 5 8 9 
   0.000766376599527  3422321341  |1 2 3 5 8  |0 1 4 7 8 
  -0.000766375301854  2433231241  |0 1 4 7 8  |1 2 3 5 8 
  -0.000766369817705  3224314312  |1 2 3 6 9  |0 3 4 6 7 
   0.000766369568135  2334214213  |0 3 4 6 7  |1 2 3 6 9 
   0.000765417869065  3422332141  |1 2 3 6 8  |0 1 4 5 8 
  -0.000765105612828  3231442141  |1 4 5 6 8  |0 2 4 5 8 
   0.000765095140909  4123214134  |0 2 4 6 9  |0 3 6 8 9 
   0.000765093258667  4132314124  |0 3 6 8 9  |0 2 4 6 9 
   0.000764521389087  3324441112  |2 3 4 5 9  |0 1 3 4 5 
  -0.000764365235569  3444112114  |1 2 3 6 9  |0 1 2 3 9 
   0.000764344734861  2444113114  |0 1 2 3 9  |1 2 3 6 9 
   0.000764303145070  1444241131  |1 2 3 4 5  |1 2 3 5 8 
  -0.000764261106596  1444341121  |1 2 3 5 8  |1 2 3 4 5 
  -0.000763976798717  1342441132  |2 3 4 5 9  |1 2 4 5 8 
   0.000763967222589  4243123114  |0 1 2 5 9  |0 2 3 6 9 
  -0.000762814471216  4141212334  |0 2 4 6 9  |0 2 7 8 9 
   0.000762813730385  3141442231  |2 4 5 6 7  |0 2 4 5 8 
  -0.000762762611438  4413214132  |0 1 4 6 9  |0 1 3 6 8 
  -0.000762392171770  3442341121  |1 2 3 5 8  |0 1 2 4 5 
  -0.000762391659898  2443241131  |0 1 2 4 5  |1 2 3 5 8 
   0.000762376603645  2344213114  |0 2 3 4 9  |1 2 3 6 9 
   0.000761569010665  1442423113  |1 2 3 4 5  |1 2 4 6 9 
   0.000761563060926  1443432112  |1 2 4 6 9  |1 2 3 4 5 
  -0.000761540296977  4344121123  |0 2 3 5 8  |0 1 2 3 9 
  -0.000761537136353  4244131132  |0 1 2 3 9  |0 2 3 5 8 
   0.000760847872141  3221433232  |1 2 4 7 9  |0 4 5 6 8 
   0.000760844017118  4122323233  |0 2 3 5 7  |0 4 6 8 9 
   0.000760803645091  1232344132  |1 3 5 6 9  |2 4 5 6 8 
  -0.000760803259957  2323132144  |0 2 6 8 9  |1 3 5 8 9 
   0.000760802472400  3232123144  |1 3 5 8 9  |0 2 6 8 9 
  -0.000760802345853  1323244123  |2 4 5 6 8  |1 3 5 6 9 
   0.000760448595395  3432241123  |1 3 4 5 8  |0 1 2 5 9 
   0.000760269779575  2434223131  |0 1 3 4 5  |1 2 3 6 8 
  -0.000760266970776  2434213132  |0 1 3 4 9  |1 2 3 6 8 
   0.000759983205927  2313441421  |0 4 5 7 8  |1 3 4 5 7 
  -0.000759979865058  4212313414  |0 1 3 7 9  |0 4 6 7 9 
   0.000759976819537  3212441431  |1 3 4 5 7  |0 4 5 7 8 
  -0.000759975747831  4313212414  |0 4 6 7 9  |0 1 3 7 9 
   0.000759792942733  1424333212  |1 2 3 7 9  |1 3 4 5 6 
   0.000759779573278  4414412113  |0 1 3 4 6  |0 1 3 4 9 
  -0.000759778126774  4414413112  |0 1 3 4 9  |0 1 3 4 6 
   0.000759777337027  3424121233  |1 2 3 5 7  |0 1 3 8 9 
  -0.000759775243934  4414421131  |0 1 3 4 5  |0 1 3 4 8 
   0.000759775015591  4414431121  |0 1 3 4 8  |0 1 3 4 5 
   0.000759589410824  4124313223  |0 2 3 7 8  |0 3 4 6 9 
  -0.000759577924986  3421432231  |1 2 4 6 7  |0 1 4 5 8 
   0.000759310342683  2243233213  |0 1 2 4 7  |2 3 5 6 9 
   0.000759309959154  3342322312  |2 3 5 6 9  |0 1 2 4 7 
   0.000759301455884  3243321322  |1 2 5 8 9  |0 2 3 4 7 
   0.000759300322060  2342231233  |0 2 3 4 7  |1 2 5 8 9 
   0.000759048164150  4423213213  |0 1 2 4 7  |0 1 3 6 9 
   0.000759046941751  2324431231  |0 2 3 4 7  |1 3 4 5 8 
  -0.000759046909175  4432312312  |0 1 3 6 9  |0 1 2 4 7 
  -0.000759046632575  3234421321  |1 3 4 5 8  |0 2 3 4 7 
  -0.000759034538089  3323141224  |2 5 7 8 9  |0 1 3 5 9 
   0.000757693472664  3343222213  |2 4 5 6 7  |0 1 2 3 9 
   0.000757692699729  2242333312  |0 1 2 3 9  |2 4 5 6 7 
   0.000757683063579  3242221333  |1 2 3 4 5  |0 2 7 8 9 
   0.000757681659876  2343331222  |0 2 7 8 9  |1 2 3 4 5 
   0.000757599111204  3141114244  |2 6 7 8 9  |0 2 6 8 9 
  -0.000757593803961  1141244341  |2 4 5 6 8  |2 5 6 7 8 
   0.000757006097981  1412423431  |1 3 4 5 7  |1 4 6 7 8 
   0.000757001952726  4314112423  |0 3 6 7 8  |0 1 3 7 9 
   0.000756999558185  1413432421  |1 4 6 7 8  |1 3 4 5 7 
   0.000756997990958  4214113432  |0 1 3 7 9  |0 3 6 7 8 
   0.000755591922430  4123441231  |0 2 4 5 7  |0 3 4 5 8 
   0.000755590502873  4132441321  |0 3 4 5 8  |0 2 4 5 7 
  -0.000755590285617  4231412314  |0 1 4 6 9  |0 2 4 7 9 
   0.000755473407134  3432321241  |1 3 5 7 8  |0 1 2 4 8 
  -0.000755471960599  2423231341  |0 1 2 4 8  |1 3 5 7 8 
   0.000755467698326  2324214313  |0 2 3 4 6  |1 3 6 7 9 
  -0.000755467356984  3234314212  |1 3 6 7 9  |0 2 3 4 6 
  -0.000754520324395  1323241423  |2 4 5 7 8  |1 3 5 7 9 
  -0.000754516299638  2323132414  |0 2 6 7 9  |1 3 5 7 9 
   0.000754515244958  3232123414  |1 3 5 7 9  |0 2 6 7 9 
  -0.000753939993819  3322341232  |2 3 5 7 9  |0 1 4 5 8 
   0.000753930274361  2332232314  |0 3 4 6 9  |1 2 5 7 9 
   0.000752783745231  1434121324  |1 3 5 8 9  |1 2 3 7 9 
   0.000752521895633  1414114414  |1 3 6 7 9  |1 3 6 7 9 
  -0.000752053233872  1244134132  |1 2 3 6 9  |2 3 5 6 8 
   0.000752047748825  1443132142  |1 2 6 8 9  |1 2 3 5 8 
   0.000751970798384  3223331422  |1 2 7 8 9  |0 3 4 5 7 
  -0.000751805025012  1314424231  |3 4 5 6 7  |1 3 4 6 8 
  -0.000751802200174  4412112343  |0 1 3 6 8  |0 1 7 8 9 
  -0.000751801947486  4413113242  |0 1 7 8 9  |0 1 3 6 8 
   0.000751727677979  3323432212  |2 4 6 7 9  |0 1 3 4 5 
  -0.000751509409560  2434141123  |0 1 3 5 8  |1 2 3 5 9 
   0.000751318862014  3112324423  |3 5 6 7 8  |0 4 6 7 9 
  -0.000751308899435  2311223443  |0 4 5 7 8  |1 6 7 8 9 
   0.000751299245620  3211332442  |1 6 7 8 9  |0 4 5 7 8 
  -0.000750855614419  4121413423  |0 2 4 7 8  |0 4 6 7 9 
  -0.000750855254146  4131412432  |0 4 6 7 9  |0 2 4 7 8 
  -0.000750849194054  4121432431  |0 2 4 6 7  |0 4 5 7 8 
  -0.000750849155100  4131423421  |0 4 5 7 8  |0 2 4 6 7 
   0.000747967473043  1443233122  |1 2 4 8 9  |1 2 3 5 6 
  -0.000747941637258  2344122133  |0 2 3 5 6  |1 2 3 8 9 
   0.000747835181292  4444111231  |0 1 2 3 7  |0 1 2 3 8 
  -0.000747835053203  4444111321  |0 1 2 3 8  |0 1 2 3 7 
   0.000747813503498  1444412311  |1 2 3 4 6  |1 2 3 4 7 
  -0.000747812482492  1444413211  |1 2 3 4 7  |1 2 3 4 6 
  -0.000745511639165  2431223143  |0 1 4 5 8  |1 2 6 8 9 
   0.000745496777932  3124324123  |2 3 5 6 8  |0 3 4 6 9 
  -0.000745493952161  2134234132  |0 3 4 6 9  |2 3 5 6 8 
  -0.000744971108450  4223431213  |0 1 2 4 7  |0 3 4 5 9 
   0.000744968020692  4332421312  |0 3 4 5 9  |0 1 2 4 7 
  -0.000744967358407  4233421312  |0 1 4 5 9  |0 2 3 4 7 
   0.000744964554713  4322431213  |0 2 3 4 7  |0 1 4 5 9 
  -0.000744753602774  4143213412  |0 2 4 7 9  |0 2 3 6 7 
   0.000744742295156  3241431421  |1 2 4 7 8  |0 2 4 5 7 
   0.000743077354737  2332432213  |0 3 4 6 7  |1 2 4 5 9 
   0.000743076780911  3223423312  |1 2 4 5 9  |0 3 4 6 7 
  -0.000743062944091  4322321332  |0 2 3 5 9  |0 1 4 7 8 
  -0.000743062022283  4233231223  |0 1 4 7 8  |0 2 3 5 9 
  -0.000743053866053  1443123142  |1 2 5 8 9  |1 2 3 6 8 
   0.000743052441476  1244134123  |1 2 3 6 8  |2 3 5 6 9 
   0.000743020723223  1441231342  |1 2 4 8 9  |1 2 5 7 8 
   0.000742657131916  2214433213  |0 1 3 4 7  |3 4 5 6 9 
   0.000742656944810  4413321322  |0 1 5 8 9  |0 1 3 4 7 
  -0.000742656278716  4412231233  |0 1 3 4 7  |0 1 5 8 9 
  -0.000742655694647  3314422312  |3 4 5 6 9  |0 1 3 4 7 
   0.000742639047437  4223321323  |0 1 2 5 8  |0 3 4 7 9 
   0.000742636455248  4332231232  |0 3 4 7 9  |0 1 2 5 8 
  -0.000741914500608  2232432313  |0 1 3 4 6  |2 4 5 7 9 
  -0.000741910316998  3323423212  |2 4 5 7 9  |0 1 3 4 6 
   0.000741895839575  4323321232  |0 2 5 7 9  |0 1 3 4 8 
   0.000741892044246  4232231323  |0 1 3 4 8  |0 2 5 7 9 
   0.000740850975229  1314342421  |3 5 6 7 8  |1 3 4 5 7 
   0.000740849967502  1214243431  |1 3 4 5 7  |3 5 6 7 8 
   0.000740843513427  2412113434  |0 1 3 7 9  |1 6 7 8 9 
   0.000740843408091  3413112424  |1 6 7 8 9  |0 1 3 7 9 
  -0.000740273756367  1213342414  |1 5 6 7 9  |3 4 5 7 9 
  -0.000740271759279  1312243414  |3 4 5 7 9  |1 5 6 7 9 
   0.000739728851351  3412241233  |1 3 4 5 7  |0 1 5 8 9 
   0.000739255360989  1241241343  |1 2 4 5 8  |2 5 7 8 9 
   0.000739254565751  1341341242  |2 5 7 8 9  |1 2 4 5 8 
  -0.000739239313736  3143124214  |2 5 6 7 9  |0 2 3 6 9 
  -0.000739238480957  2142134314  |0 2 3 6 9  |2 5 6 7 9 
  -0.000739137688223  2423413213  |0 1 2 4 7  |1 3 4 6 9 
   0.000739134522634  3432412312  |1 3 4 6 9  |0 1 2 4 7 
   0.000739129317973  4234321321  |0 1 3 5 8  |0 2 3 4 7 
  -0.000738933399120  4433112214  |0 1 6 7 9  |0 1 2 3 9 
   0.000738933373456  1224441331  |1 2 3 4 5  |3 4 5 7 8 
  -0.000738931545459  4422113314  |0 1 2 3 9  |0 1 6 7 9 
   0.000738931450159  1334441221  |3 4 5 7 8  |1 2 3 4 5 
  -0.000738794903297  2142334123  |0 2 3 6 8  |2 4 5 6 9 
   0.000738788816562  2341323142  |0 2 5 8 9  |1 2 4 6 8 
   0.000738787868850  3143224132  |2 4 5 6 9  |0 2 3 6 8 
  -0.000738768028392  3241232143  |1 2 4 6 8  |0 2 5 8 9 
   0.000738612650166  1214434231  |1 3 4 6 7  |3 4 5 6 8 
   0.000738609705811  4412113243  |0 1 3 7 8  |0 1 6 8 9 
   0.000738609360654  4413112342  |0 1 6 8 9  |0 1 3 7 8 
  -0.000738232337029  2443312312  |0 1 2 6 9  |1 2 3 4 7 
   0.000738228916551  3442213213  |1 2 3 4 7  |0 1 2 6 9 
  -0.000738226123948  2244331231  |0 1 2 3 7  |2 3 4 5 8 
  -0.000738085348509  3244232311  |1 2 3 4 6  |0 2 3 5 7 
   0.000738068938733  2442311323  |0 1 2 3 8  |1 2 4 7 9 
  -0.000738063014737  3443211232  |1 2 4 7 9  |0 1 2 3 8 
  -0.000736019427504  4242331213  |0 1 2 3 7  |0 2 4 5 9 
   0.000736017495623  4343221312  |0 2 4 5 9  |0 1 2 3 7 
  -0.000736003436306  3242431213  |1 2 3 4 7  |0 2 4 5 9 
  -0.000735578867483  3142324213  |2 3 5 6 7  |0 2 4 6 9 
   0.000735575978414  2143234312  |0 2 4 6 9  |2 3 5 6 7 
   0.000734896128280  3223433212  |1 2 4 7 9  |0 3 4 5 6 
  -0.000734140013547  1441233142  |1 2 4 8 9  |1 2 5 6 8 
   0.000733414847340  4223313412  |0 1 2 7 9  |0 3 4 6 7 
  -0.000733413345985  4332212413  |0 3 4 6 7  |0 1 2 7 9 
  -0.000733406217807  2233431421  |0 1 4 7 8  |2 3 4 5 7 
   0.000733403224622  3322421431  |2 3 4 5 7  |0 1 4 7 8 
  -0.000733124059007  4341212233  |0 2 4 6 7  |0 1 2 8 9 
   0.000733121042183  4241313322  |0 1 2 8 9  |0 2 4 6 7 
  -0.000733115764253  2143433221  |0 2 4 7 8  |2 3 4 5 6 
   0.000733115657152  3142422331  |2 3 4 5 6  |0 2 4 7 8 
   0.000732862934388  2341423114  |0 2 4 5 9  |1 2 4 6 9 
   0.000732862157286  3241432114  |1 2 4 6 9  |0 2 4 5 9 
  -0.000732045230323  1433442211  |1 4 5 6 7  |1 2 3 4 5 
   0.000732043809314  4334111224  |0 3 7 8 9  |0 1 2 3 9 
  -0.000732043453946  1422443311  |1 2 3 4 5  |1 4 5 6 7 
   0.000731698909398  4311414223  |0 4 6 7 8  |0 1 4 6 9 
   0.000731698518670  4211414332  |0 1 4 6 9  |0 4 6 7 8 
  -0.000731570732134  1422342313  |1 2 3 5 6  |1 4 5 7 9 
  -0.000731290986279  3234323221  |1 3 5 7 8  |0 2 3 4 6 
  -0.000731290068394  2324232331  |0 2 3 4 6  |1 3 5 7 8 
  -0.000731288040189  2423213323  |0 1 2 4 8  |1 3 6 7 9 
  -0.000731287132874  3432312232  |1 3 6 7 9  |0 1 2 4 8 
  -0.000731031494696  1441243141  |1 2 4 5 8  |1 2 5 6 8 
   0.000730878703884  2244123313  |0 1 2 3 5  |2 3 6 7 9 
   0.000730766248452  3214142314  |1 3 5 6 9  |0 3 5 7 9 
  -0.000730755970003  3411221443  |1 4 5 7 8  |0 1 7 8 9 
  -0.000730755001680  2411331442  |0 1 7 8 9  |1 4 5 7 8 
  -0.000730746039076  3114224413  |3 4 5 6 7  |0 3 6 7 9 
  -0.000730745051703  2114334412  |0 3 6 7 9  |3 4 5 6 7 
  -0.000730673956146  3324332122  |2 3 6 8 9  |0 1 3 4 5 
  -0.000730668225006  2432233132  |0 1 3 4 9  |1 2 5 6 8 
  -0.000728777221354  2432232133  |0 1 3 4 6  |1 2 5 8 9 
  -0.000728775997938  3423323122  |1 2 5 8 9  |0 1 3 4 6 
  -0.000728774037793  3324322132  |2 3 5 6 9  |0 1 3 4 8 
  -0.000728773461935  2234233123  |0 1 3 4 8  |2 3 5 6 9 
  -0.000727334411872  3212314432  |1 3 6 7 9  |0 4 6 7 8 
  -0.000727327411600  3212323441  |1 3 5 7 8  |0 4 6 7 8 
   0.000727326690268  2313232441  |0 4 6 7 8  |1 3 5 7 8 
   0.000727186271254  1141443232  |2 4 5 7 9  |2 4 5 6 8 
   0.000727066898678  1144243321  |2 3 4 5 8  |2 3 5 6 7 
  -0.000726857924566  3433222123  |1 4 5 6 8  |0 1 2 3 9 
  -0.000726856268761  2422333132  |0 1 2 3 9  |1 4 5 6 8 
  -0.000726839409885  3224223133  |1 2 3 4 5  |0 3 6 8 9 
  -0.000726838425107  2334332122  |0 3 6 8 9  |1 2 3 4 5 
  -0.000726521612055  4133223322  |0 4 5 8 9  |0 2 3 6 7 
  -0.000726237661542  3432322132  |1 3 5 6 9  |0 1 2 4 8 
  -0.000726236364959  2324232133  |0 2 3 4 6  |1 3 5 8 9 
  -0.000726236178491  2423233123  |0 1 2 4 8  |1 3 5 6 9 
  -0.000726235523720  3234323122  |1 3 5 8 9  |0 2 3 4 6 
  -0.000725965976778  1431241441  |1 4 5 7 8  |1 2 5 7 8 
   0.000724142146324  2312314432  |0 3 6 7 9  |1 4 6 7 8 
  -0.000724139711375  2312332441  |0 3 6 7 8  |1 4 5 7 8 
   0.000723675671165  3214232323  |1 3 4 6 8  |0 3 5 7 9 
  -0.000723658724922  3413223232  |1 4 5 7 9  |0 1 3 6 8 
  -0.000723650478707  4143412312  |0 2 4 6 9  |0 2 3 4 7 
  -0.000723646177815  4142413213  |0 2 3 4 7  |0 2 4 6 9 
  -0.000723634483242  4241431231  |0 1 2 4 7  |0 2 4 5 8 
  -0.000723632419188  4341421321  |0 2 4 5 8  |0 1 2 4 7 
   0.000723499441352  1413441223  |1 4 5 7 8  |1 3 4 5 9 
   0.000723493897277  4214123314  |0 1 3 5 9  |0 3 6 7 9 
   0.000723493536910  4314132214  |0 3 6 7 9  |0 1 3 5 9 
   0.000723274536288  1121434441  |2 4 6 7 8  |4 5 6 7 8 
  -0.000723147431772  1322243314  |2 3 4 5 9  |1 5 6 7 9 
  -0.000723005506537  1243432231  |1 2 4 6 7  |2 3 4 5 8 
   0.000723002223906  4243112332  |0 1 2 6 9  |0 2 3 7 8 
   0.000722707019623  2131444141  |0 4 5 6 8  |2 4 5 6 8 
  -0.000722706234420  3121444141  |2 4 5 6 8  |0 4 5 6 8 
  -0.000722704130714  4131214144  |0 4 6 8 9  |0 2 6 8 9 
   0.000722037311176  1114244323  |3 4 5 6 8  |3 5 6 7 9 
   0.000722033742561  3411123244  |1 5 7 8 9  |0 1 6 8 9 
  -0.000721663958410  4312331422  |0 3 7 8 9  |0 1 4 5 7 
  -0.000721167455871  3214423312  |1 3 4 5 9  |0 3 4 6 7 
  -0.000721114797412  1341424231  |2 4 5 6 7  |1 2 4 6 8 
  -0.000721114705447  1241434321  |1 2 4 6 8  |2 4 5 6 7 
  -0.000721112558724  4142112343  |0 2 3 6 8  |0 2 7 8 9 
  -0.000721112135927  4143113242  |0 2 7 8 9  |0 2 3 6 8 
  -0.000720889155702  2224133233  |0 1 2 3 7  |3 5 6 8 9 
  -0.000720887730595  1422233233  |1 2 3 4 7  |1 5 6 8 9 
  -0.000719641668140  4312114414  |0 3 6 7 9  |0 1 6 7 9 
   0.000719639312622  1213441441  |1 4 5 7 8  |3 4 5 7 8 
   0.000719044957884  3222231433  |1 2 3 4 7  |0 5 7 8 9 
   0.000718488715333  4323312412  |0 2 6 7 9  |0 1 3 4 7 
  -0.000718486553428  4232213413  |0 1 3 4 7  |0 2 6 7 9 
  -0.000718480289578  2232431431  |0 1 3 4 7  |2 4 5 7 8 
   0.000718477073740  3323421421  |2 4 5 7 8  |0 1 3 4 7 
  -0.000717869662487  1223244133  |1 2 4 5 6  |3 5 6 8 9 
   0.000717866496206  1332344122  |3 5 6 8 9  |1 2 4 5 6 
  -0.000717100642065  1432221433  |1 3 4 5 7  |1 2 7 8 9 
  -0.000717096692989  2234133412  |0 1 3 7 9  |2 3 5 6 7 
   0.000717021754642  4441412113  |0 1 2 4 6  |0 1 2 4 9 
  -0.000717021472583  4144421131  |0 2 3 4 5  |0 2 3 4 8 
  -0.000717021422479  4441413112  |0 1 2 4 9  |0 1 2 4 6 
   0.000717019881312  4144431121  |0 2 3 4 8  |0 2 3 4 5 
   0.000716965278177  1214343421  |1 3 5 7 8  |3 4 5 6 7 
   0.000716964423309  1314242431  |3 4 5 6 7  |1 3 5 7 8 
   0.000716959559283  2413113424  |0 1 7 8 9  |1 3 6 7 9 
   0.000716959535934  3412112434  |1 3 6 7 9  |0 1 7 8 9 
   0.000716775569331  2431233142  |0 1 4 8 9  |1 2 5 6 8 
  -0.000716145097550  4134432211  |0 3 4 6 7  |0 2 3 4 5 
  -0.000716130837622  4124423311  |0 2 3 4 5  |0 3 4 6 7 
   0.000716116289643  4421411332  |0 1 2 4 9  |0 1 4 7 8 
   0.000716101868158  4431411223  |0 1 4 7 8  |0 1 2 4 9 
   0.000715862163698  1123444132  |2 4 5 6 9  |3 4 5 6 8 
  -0.000715861829835  4231132144  |0 1 6 8 9  |0 2 5 8 9 
   0.000715804459864  1241341342  |1 2 5 8 9  |2 4 5 7 8 
  -0.000715778392672  3142124314  |2 3 5 6 9  |0 2 6 7 9 
   0.000715403889491  1324242133  |2 3 4 5 6  |1 3 5 8 9 
   0.000715401581596  3432122134  |1 3 5 6 9  |0 1 2 8 9 
  -0.000715399739910  1234343122  |1 3 5 8 9  |2 3 4 5 6 
  -0.000715398949311  2423133124  |0 1 2 8 9  |1 3 5 6 9 
  -0.000714575232190  3242431411  |1 2 3 4 7  |0 2 4 5 7 
  -0.000714560040935  4343211412  |0 2 4 7 9  |0 1 2 3 7 
   0.000714451266450  4141213234  |0 2 4 7 9  |0 2 6 8 9 
  -0.000714449376843  3141442321  |2 4 5 6 8  |0 2 4 5 7 
   0.000713789205471  2343332212  |0 2 6 7 9  |1 2 3 4 5 
   0.000713788555556  3242223313  |1 2 3 4 5  |0 2 6 7 9 
   0.000713779386436  2242331332  |0 1 2 3 9  |2 4 5 7 8 
   0.000713778098532  3343221223  |2 4 5 7 8  |0 1 2 3 9 
  -0.000711596228612  1414143223  |1 3 5 7 8  |1 3 5 6 9 
  -0.000711596052775  1414142332  |1 3 5 6 9  |1 3 5 7 8 
   0.000711580883171  4314114223  |0 3 6 7 8  |0 1 3 6 9 
   0.000711575445168  1413432241  |1 4 6 7 8  |1 3 4 5 8 
   0.000711575379576  1412423341  |1 3 4 5 8  |1 4 6 7 8 
   0.000711569239404  2324314312  |0 2 3 6 9  |1 3 4 6 7 
  -0.000711569046236  3234214213  |1 3 4 6 7  |0 2 3 6 9 
   0.000711567091088  2432331241  |0 1 3 7 8  |1 2 4 5 8 
  -0.000711565831532  3423221341  |1 2 4 5 8  |0 1 3 7 8 
  -0.000710777773160  2414111434  |0 1 3 7 9  |1 3 7 8 9 
  -0.000710770716371  1414243411  |1 3 4 5 7  |1 3 5 6 7 
   0.000709723509921  2342441113  |0 2 3 4 5  |1 2 4 5 9 
   0.000709717834879  3243441112  |1 2 4 5 9  |0 2 3 4 5 
   0.000709699187860  4342321114  |0 2 3 5 9  |0 1 2 4 9 
   0.000709696068832  4243231114  |0 1 2 4 9  |0 2 3 5 9 
   0.000709642955915  1442233132  |1 2 3 4 9  |1 2 5 6 8 
  -0.000708992263812  3324322321  |2 3 5 6 8  |0 1 3 4 7 
  -0.000708991601318  2234233231  |0 1 3 4 7  |2 3 5 6 8 
  -0.000708990716447  2432213233  |0 1 3 4 7  |1 2 6 8 9 
  -0.000708989915637  3423312322  |1 2 6 8 9  |0 1 3 4 7 
  -0.000708645362852  3114324412  |3 5 6 7 9  |0 3 4 6 7 
  -0.000708644785412  2114234413  |0 3 4 6 7  |3 5 6 7 9 
  -0.000708643698164  3411321442  |1 5 7 8 9  |0 1 4 7 8 
  -0.000708643286561  2411231443  |0 1 4 7 8  |1 5 7 8 9 
   0.000707479151553  1442321314  |1 2 3 5 9  |1 2 4 7 9 
  -0.000706956144362  1411432432  |1 4 6 7 9  |1 4 5 7 8 
  -0.000706954771726  4114123423  |0 3 5 7 8  |0 3 6 7 9 
   0.000706776128870  1231444321  |1 4 5 6 8  |2 4 5 6 7 
  -0.000706519985449  4112214334  |0 3 4 6 9  |0 6 7 8 9 
  -0.000705728791626  3432413212  |1 3 4 7 9  |0 1 2 4 6 
  -0.000705724448692  4234321231  |0 1 3 5 7  |0 2 3 4 8 
   0.000705721829304  4324231321  |0 2 3 4 8  |0 1 3 5 7 
   0.000705406961689  3233422213  |1 4 5 6 7  |0 2 3 4 9 
  -0.000705406502687  4332331222  |0 3 7 8 9  |0 1 2 4 5 
   0.000705405020033  2322433312  |0 2 3 4 9  |1 4 5 6 7 
   0.000704708160806  4214311414  |0 1 3 7 9  |0 3 4 7 9 
  -0.000704707798303  4314211414  |0 3 4 7 9  |0 1 3 7 9 
  -0.000704694539698  3412441411  |1 3 4 5 7  |0 1 4 5 7 
  -0.000704600035757  1433321422  |1 5 7 8 9  |1 2 3 4 7 
  -0.000704598902869  3334122412  |3 5 6 7 9  |0 1 2 3 7 
  -0.000704441025642  1443331222  |1 2 7 8 9  |1 2 3 4 5 
   0.000704440219999  3344122213  |2 3 5 6 7  |0 1 2 3 9 
  -0.000704438749072  2244133312  |0 1 2 3 9  |2 3 5 6 7 
  -0.000704408294219  4314212233  |0 3 4 6 7  |0 1 3 8 9 
   0.000704406865533  4214313322  |0 1 3 8 9  |0 3 4 6 7 
   0.000704404409105  3412422331  |1 3 4 5 6  |0 1 4 7 8 
  -0.000704401177778  2413433221  |0 1 4 7 8  |1 3 4 5 6 
   0.000703562672915  1424223133  |1 2 3 4 5  |1 3 6 8 9 
  -0.000703561183893  1434332122  |1 3 6 8 9  |1 2 3 4 5 
   0.000703547080403  3434122123  |1 3 5 6 8  |0 1 2 3 9 
  -0.000703546105923  2424133132  |0 1 2 3 9  |1 3 5 6 8 
   0.000702481410243  2342141143  |0 2 3 5 8  |1 2 5 8 9 
   0.000702480686961  3243141142  |1 2 5 8 9  |0 2 3 5 8 
  -0.000701643148929  1132442341  |3 4 5 6 8  |2 4 5 7 8 
  -0.000701449290371  4312111444  |0 3 7 8 9  |0 1 7 8 9 
   0.000701448786131  4213111444  |0 1 7 8 9  |0 3 7 8 9 
   0.000701321294673  4323231322  |0 2 4 8 9  |0 1 3 5 7 
   0.000701124176957  4223313142  |0 1 2 8 9  |0 3 4 6 8 
  -0.000701121066528  4332212143  |0 3 4 6 8  |0 1 2 8 9 
   0.000701115887754  3322424131  |2 3 4 5 6  |0 1 4 6 8 
  -0.000701115702600  2233434121  |0 1 4 6 8  |2 3 4 5 6 
  -0.000700927669760  1142443132  |2 3 4 5 9  |2 4 5 6 8 
  -0.000700917438585  4241123134  |0 1 2 5 9  |0 2 6 8 9 
  -0.000700830951779  2231432323  |0 1 4 6 8  |2 4 5 7 9 
  -0.000700816863651  4132232323  |0 3 4 6 8  |0 2 5 7 9 
   0.000699869033089  1411414441  |1 4 6 7 8  |1 4 6 7 8 
  -0.000698390141438  3224333122  |1 2 3 8 9  |0 3 4 5 6 
  -0.000697537956140  4244331211  |0 1 2 3 7  |0 2 3 4 5 
   0.000697537206554  3442411213  |1 2 3 4 7  |0 1 2 4 9 
  -0.000697536975185  4344221311  |0 2 3 4 5  |0 1 2 3 7 
   0.000697536541495  2443411312  |0 1 2 4 9  |1 2 3 4 7 
   0.000696401914921  3243221323  |1 2 4 5 8  |0 2 3 7 9 
   0.000696400649490  2342331232  |0 2 3 7 9  |1 2 4 5 8 
   0.000696392555018  3243223213  |1 2 4 5 7  |0 2 3 6 9 
   0.000696391959283  2342332312  |0 2 3 6 9  |1 2 4 5 7 
  -0.000696390160300  4213214314  |0 1 4 6 9  |0 3 6 7 9 
   0.000696386183439  2312441341  |0 3 4 5 8  |1 4 5 7 8 
   0.000696386056633  3213441241  |1 4 5 7 8  |0 3 4 5 8 
  -0.000695702244316  1343224114  |2 4 5 6 9  |1 2 3 6 9 
  -0.000695700301716  2343141142  |0 2 5 8 9  |1 2 3 5 8 
  -0.000695700197179  3242141143  |1 2 3 5 8  |0 2 5 8 9 
   0.000695406788861  1411423432  |1 4 5 7 9  |1 4 6 7 8 
   0.000695406780845  1411432423  |1 4 6 7 8  |1 4 5 7 9 
   0.000695300040929  2433341122  |0 1 5 8 9  |1 2 3 4 5 
  -0.000695297757284  2224333114  |0 1 2 3 9  |3 4 5 6 9 
   0.000695296292385  3334222114  |3 4 5 6 9  |0 1 2 3 9 
   0.000694892846579  3132442141  |3 4 5 6 8  |0 2 4 5 8 
  -0.000694889257613  4231314124  |0 1 6 8 9  |0 2 4 6 9 
  -0.000694888497326  4321214134  |0 2 4 6 9  |0 1 6 8 9 
  -0.000694602201858  2244132313  |0 1 2 3 6  |2 3 5 7 9 
   0.000694600708050  3344123212  |2 3 5 7 9  |0 1 2 3 6 
   0.000694597807104  1442231323  |1 2 3 4 8  |1 2 5 7 9 
   0.000694426053479  2214333223  |0 1 3 7 8  |3 4 5 6 9 
  -0.000693545213348  2422313332  |0 1 2 3 9  |1 4 6 7 8 
  -0.000693544527585  3433212223  |1 4 6 7 8  |0 1 2 3 9 
  -0.000693543359708  2334332221  |0 3 6 7 8  |1 2 3 4 5 
  -0.000693542731537  3224223331  |1 2 3 4 5  |0 3 6 7 8 
  -0.000692946576948  1343242213  |2 4 5 6 7  |1 2 3 5 9 
  -0.000692944547706  3242121334  |1 2 3 5 9  |0 2 7 8 9 
   0.000692942349642  1242343312  |1 2 3 5 9  |2 4 5 6 7 
   0.000692942035978  2343131224  |0 2 7 8 9  |1 2 3 5 9 
   0.000692298611670  3232141144  |1 3 5 8 9  |0 2 5 8 9 
   0.000692293343500  1232344114  |1 3 5 6 9  |2 4 5 6 9 
  -0.000692266482397  2413424131  |0 1 4 5 6  |1 3 4 6 8 
   0.000692265432149  4214312143  |0 1 3 6 8  |0 3 4 8 9 
  -0.000692264841079  3412434121  |1 3 4 6 8  |0 1 4 5 6 
   0.000692263180904  4314213142  |0 3 4 8 9  |0 1 3 6 8 
   0.000691877803578  2424332131  |0 1 2 3 6  |1 3 4 5 8 
   0.000691669967180  3414112414  |1 3 6 7 9  |0 1 3 7 9 
  -0.000691661804426  2414113414  |0 1 3 7 9  |1 3 6 7 9 
  -0.000691641434708  1414241431  |1 3 4 5 7  |1 3 5 7 8 
   0.000691623419935  1414341421  |1 3 5 7 8  |1 3 4 5 7 
   0.000691284284006  1344122314  |2 3 5 6 9  |1 2 3 7 9 
   0.000691283585108  1244133214  |1 2 3 7 9  |2 3 5 6 9 
   0.000691279298551  1442141233  |1 2 3 5 7  |1 2 5 8 9 
   0.000691238178204  1443233212  |1 2 4 7 9  |1 2 3 5 6 
  -0.000691105594822  4441112143  |0 1 2 6 8  |0 1 2 8 9 
   0.000690042451587  2443311214  |0 1 2 7 9  |1 2 3 4 9 
   0.000689522174499  1422141433  |1 2 3 5 7  |1 5 7 8 9 
  -0.000689522054138  1224133414  |1 2 3 7 9  |3 5 6 7 9 
   0.000689521242320  1433141422  |1 5 7 8 9  |1 2 3 5 7 
   0.000689292460317  2242331314  |0 1 2 3 9  |2 4 5 7 9 
  -0.000689291238512  3343221214  |2 4 5 7 9  |0 1 2 3 9 
  -0.000689285136925  2343341212  |0 2 5 7 9  |1 2 3 4 5 
   0.000689283618883  3242241313  |1 2 3 4 5  |0 2 5 7 9 
   0.000689075057749  2341423411  |0 2 4 5 7  |1 2 4 6 7 
   0.000689073256130  3241432411  |1 2 4 6 7  |0 2 4 5 7 
  -0.000689068882113  4143211432  |0 2 4 7 9  |0 2 3 7 8 
   0.000688593517807  2244113314  |0 1 2 3 9  |2 3 6 7 9 
   0.000688592197599  3344112214  |2 3 6 7 9  |0 1 2 3 9 
   0.000688582892525  1442241331  |1 2 3 4 5  |1 2 5 7 8 
   0.000687796556757  1411241443  |1 4 5 7 8  |1 5 7 8 9 
   0.000687783970079  3114124414  |3 5 6 7 9  |0 3 6 7 9 
  -0.000687777100200  2114134414  |0 3 6 7 9  |3 5 6 7 9 
  -0.000687769683247  1411341442  |1 5 7 8 9  |1 4 5 7 8 
  -0.000687027000036  2341223341  |0 2 4 5 8  |1 2 6 7 8 
   0.000686996793450  4231214134  |0 1 4 6 9  |0 2 6 8 9 
   0.000686865373896  4134112423  |0 3 6 7 8  |0 2 3 7 9 
   0.000686863464555  1431432421  |1 4 6 7 8  |1 2 4 5 7 
  -0.000686568595456  3243322312  |1 2 5 6 9  |0 2 3 4 7 
  -0.000686565899718  2342233213  |0 2 3 4 7  |1 2 5 6 9 
  -0.000686564753281  2243231233  |0 1 2 4 7  |2 3 5 8 9 
   0.000685864339572  1234241314  |1 3 4 5 9  |2 3 5 7 9 
   0.000685864052740  1324341214  |2 3 5 7 9  |1 3 4 5 9 
  -0.000685737731230  3312432412  |3 4 6 7 9  |0 1 4 5 7 
  -0.000685427498313  4114134214  |0 3 6 7 9  |0 3 5 6 9 
  -0.000685422428788  1411441243  |1 4 5 7 8  |1 4 5 8 9 
   0.000685421815407  1411441342  |1 4 5 8 9  |1 4 5 7 8 
  -0.000684418998469  1442431411  |1 2 3 4 7  |1 2 4 5 7 
   0.000684401911423  4244111413  |0 1 2 3 7  |0 2 3 7 9 
  -0.000684401168555  4344111412  |0 2 3 7 9  |0 1 2 3 7 
   0.000683711001963  2123443411  |0 2 4 5 7  |3 4 5 6 7 
  -0.000683708325326  4321211434  |0 2 4 7 9  |0 1 7 8 9 
  -0.000683697227291  3141224143  |2 4 5 6 8  |0 2 6 8 9 
  -0.000683696244398  2141334142  |0 2 6 8 9  |2 4 5 6 8 
   0.000683224661243  1141244143  |2 4 5 6 8  |2 5 6 8 9 
   0.000683208655443  3141124144  |2 5 6 8 9  |0 2 6 8 9 
  -0.000683201911845  2141134144  |0 2 6 8 9  |2 5 6 8 9 
  -0.000683199124653  1141344142  |2 5 6 8 9  |2 4 5 6 8 
  -0.000683120382119  4331114224  |0 6 7 8 9  |0 1 2 6 9 
   0.000682932168259  1423421431  |1 2 4 5 7  |1 3 4 7 8 
   0.000682930557924  1432431421  |1 3 4 7 8  |1 2 4 5 7 
  -0.000682918216680  4324113412  |0 2 3 7 9  |0 1 3 6 7 
  -0.000682516927670  4424331121  |0 1 2 3 8  |0 1 3 4 5 
  -0.000682516632203  4434221131  |0 1 3 4 5  |0 1 2 3 8 
   0.000682513243326  3424412113  |1 2 3 4 6  |0 1 3 4 9 
   0.000682512075452  2434413112  |0 1 3 4 9  |1 2 3 4 6 
  -0.000682186967592  2341314124  |0 2 6 8 9  |1 2 4 6 9 
  -0.000682186393160  3241214134  |1 2 4 6 9  |0 2 6 8 9 
   0.000681314163256  1341424321  |2 4 5 6 8  |1 2 4 6 7 
   0.000681311957148  4142113243  |0 2 3 7 8  |0 2 6 8 9 
   0.000680950344971  2234431231  |0 1 3 4 7  |2 3 4 5 8 
  -0.000680948110235  3324421321  |2 3 4 5 8  |0 1 3 4 7 
  -0.000680946075244  4423312312  |0 1 2 6 9  |0 1 3 4 7 
   0.000680942591825  4432213213  |0 1 3 4 7  |0 1 2 6 9 
  -0.000680849040658  2224333321  |0 1 2 3 8  |3 4 5 6 7 
  -0.000680848619490  3334222231  |3 4 5 6 7  |0 1 2 3 8 
  -0.000680847734805  2433313222  |0 1 7 8 9  |1 2 3 4 6 
  -0.000680847221513  3422212333  |1 2 3 4 6  |0 1 7 8 9 
  -0.000679286997863  1144342312  |2 3 5 6 9  |2 3 4 5 7 
  -0.000679279443337  1144243213  |2 3 4 5 7  |2 3 5 6 9 
  -0.000679271094813  2441131234  |0 1 2 7 9  |1 2 5 8 9 
  -0.000679268839322  3441121324  |1 2 5 8 9  |0 1 2 7 9 
  -0.000678711770238  1221444331  |1 2 4 5 6  |4 5 6 7 8 
   0.000678709075901  4122113344  |0 2 3 8 9  |0 6 7 8 9 
   0.000678008744021  4441231141  |0 1 2 4 8  |0 1 2 5 8 
   0.000677991300854  3144414112  |2 3 4 6 9  |0 2 3 4 6 
  -0.000677989921862  2144414113  |0 2 3 4 6  |2 3 4 6 9 
   0.000677343270536  1443322132  |1 2 5 6 9  |1 2 3 4 8 
  -0.000677340863765  1442233123  |1 2 3 4 8  |1 2 5 6 9 
  -0.000677335324360  3344123122  |2 3 5 8 9  |0 1 2 3 6 
   0.000676670086876  4211423341  |0 1 4 5 8  |0 4 6 7 8 
   0.000676669700276  4311432241  |0 4 6 7 8  |0 1 4 5 8 
   0.000676665322419  4112414332  |0 3 4 6 9  |0 4 6 7 8 
  -0.000675447621460  1343342212  |2 5 6 7 9  |1 2 3 4 5 
  -0.000675446542194  2242131334  |0 1 2 3 9  |2 5 7 8 9 
   0.000675443579156  1242243313  |1 2 3 4 5  |2 5 6 7 9 
  -0.000675317008331  1442421313  |1 2 3 4 5  |1 2 4 7 9 
  -0.000675314632117  1443431212  |1 2 4 7 9  |1 2 3 4 5 
  -0.000675193913881  3444312211  |1 2 3 6 7  |0 1 2 3 4 
  -0.000675192743350  2444213311  |0 1 2 3 4  |1 2 3 6 7 
  -0.000675191634288  3444311221  |1 2 3 7 8  |0 1 2 3 4 
  -0.000675191230820  2444211331  |0 1 2 3 4  |1 2 3 7 8 
  -0.000674754197830  3243222313  |1 2 4 5 6  |0 2 3 7 9 
  -0.000674751411681  2342333212  |0 2 3 7 9  |1 2 4 5 6 
  -0.000674745538530  3243221233  |1 2 4 5 7  |0 2 3 8 9 
   0.000674204608308  1223344123  |1 2 5 6 8  |3 4 5 6 9 
  -0.000673782941063  2311441423  |0 4 5 7 8  |1 4 5 7 9 
  -0.000673781860755  3211441432  |1 4 5 7 9  |0 4 5 7 8 
  -0.000673663883428  4413413221  |0 1 4 7 8  |0 1 3 4 6 
  -0.000673645856049  4412412331  |0 1 3 4 6  |0 1 4 7 8 
   0.000673640223436  4214413321  |0 1 3 4 8  |0 3 4 6 7 
   0.000673629099928  4314412231  |0 3 4 6 7  |0 1 3 4 8 
   0.000672985594698  4121134144  |0 2 6 8 9  |0 5 6 8 9 
  -0.000672984965796  4131124144  |0 5 6 8 9  |0 2 6 8 9 
   0.000672758025188  3442332121  |1 2 3 6 8  |0 1 2 4 5 
   0.000672748550330  2344213132  |0 2 3 4 9  |1 2 3 6 8 
   0.000672670304283  3241314124  |1 2 6 8 9  |0 2 4 6 9 
   0.000672670124844  2341214134  |0 2 4 6 9  |1 2 6 8 9 
  -0.000672664125852  3142342141  |2 3 5 6 8  |0 2 4 5 8 
  -0.000672663754448  2143243141  |0 2 4 5 8  |2 3 5 6 8 
  -0.000672554587853  3224123233  |1 2 3 5 7  |0 3 6 8 9 
  -0.000672550641568  4421413411  |0 1 2 4 7  |0 1 4 6 7 
  -0.000672542392907  4124411431  |0 2 3 4 7  |0 3 4 7 8 
   0.000672541796627  4134411421  |0 3 4 7 8  |0 2 3 4 7 
  -0.000672307389132  3132432421  |3 4 6 7 8  |0 2 4 5 7 
   0.000672152662254  1314441412  |3 4 5 7 9  |1 3 4 5 7 
   0.000671806210997  2432233123  |0 1 3 4 8  |1 2 5 6 9 
  -0.000671639789711  3422341132  |1 2 3 5 9  |0 1 4 5 8 
  -0.000671639460994  3224323114  |1 2 3 5 9  |0 3 4 6 9 
  -0.000671502747336  4134112432  |0 3 6 7 9  |0 2 3 7 8 
  -0.000671497532968  1421432431  |1 2 4 6 7  |1 4 5 7 8 
  -0.000670836560395  2244131323  |0 1 2 3 8  |2 3 5 7 9 
   0.000670835751337  3344121232  |2 3 5 7 9  |0 1 2 3 8 
  -0.000670832757377  1443323212  |1 2 5 7 9  |1 2 3 4 6 
   0.000670831669221  1442232313  |1 2 3 4 6  |1 2 5 7 9 
   0.000670724521613  2434212331  |0 1 3 4 6  |1 2 3 7 8 
  -0.000670718870401  2434213321  |0 1 3 4 8  |1 2 3 6 7 
  -0.000670089549525  1423341124  |1 2 5 8 9  |1 3 4 5 9 
   0.000670077099132  3324142114  |2 3 5 6 9  |0 1 3 5 9 
   0.000669990335651  4123332232  |0 2 6 7 9  |0 3 4 5 8 
   0.000669984904643  2231432332  |0 1 4 6 9  |2 4 5 7 8 
   0.000669983916987  3321423223  |2 4 5 7 8  |0 1 4 6 9 
   0.000669581859903  3414411412  |1 3 4 7 9  |0 1 3 4 7 
  -0.000668214233914  1423141432  |1 2 5 7 9  |1 3 5 7 8 
   0.000668212933634  1234132414  |1 3 6 7 9  |2 3 5 7 9 
  -0.000668159860559  1442231233  |1 2 3 4 7  |1 2 5 8 9 
   0.000667844584494  4432131214  |0 1 3 7 9  |0 1 2 5 9 
  -0.000667801977480  1443423211  |1 2 4 5 7  |1 2 3 4 6 
  -0.000667795933292  1442432311  |1 2 3 4 6  |1 2 4 5 7 
  -0.000667787754310  4244111323  |0 1 2 3 8  |0 2 3 7 9 
  -0.000667784171330  4344111232  |0 2 3 7 9  |0 1 2 3 8 
  -0.000666982337863  1414132432  |1 3 6 7 9  |1 3 5 7 8 
  -0.000666931472790  2314141423  |0 3 5 7 8  |1 3 5 7 9 
   0.000666800685076  3214423213  |1 3 4 5 7  |0 3 4 6 9 
   0.000666799409968  4413221323  |0 1 4 5 8  |0 1 3 7 9 
  -0.000666799293129  2314432312  |0 3 4 6 9  |1 3 4 5 7 
   0.000665810345593  2341424131  |0 2 4 5 6  |1 2 4 6 8 
   0.000665810113060  3241434121  |1 2 4 6 8  |0 2 4 5 6 
  -0.000665149773368  3214434211  |1 3 4 6 7  |0 3 4 5 6 
  -0.000665148134756  2314424311  |0 3 4 5 6  |1 3 4 6 7 
   0.000665147974643  4413211342  |0 1 4 8 9  |0 1 3 7 8 
   0.000665147242932  4412311243  |0 1 3 7 8  |0 1 4 8 9 
  -0.000664371357060  4331231242  |0 4 7 8 9  |0 1 2 5 8 
   0.000664261676780  4433211223  |0 1 4 7 8  |0 1 2 3 9 
  -0.000664257825985  3224423311  |1 2 3 4 5  |0 3 4 6 7 
   0.000664235283802  2334432211  |0 3 4 6 7  |1 2 3 4 5 
  -0.000664228003243  4422311332  |0 1 2 3 9  |0 1 4 7 8 
   0.000661930882707  3211442341  |1 4 5 6 8  |0 4 5 7 8 
   0.000661930761565  2311443241  |0 4 5 7 8  |1 4 5 6 8 
   0.000661928816613  4112314324  |0 3 6 8 9  |0 4 6 7 9 
   0.000661804588776  2443232113  |0 1 2 4 6  |1 2 3 5 9 
  -0.000661801952247  3442323112  |1 2 3 5 9  |0 1 2 4 6 
  -0.000661784206169  3244321132  |1 2 3 5 9  |0 2 3 4 8 
   0.000661781638829  2344231123  |0 2 3 4 8  |1 2 3 5 9 
   0.000661707627321  4241314141  |0 1 2 6 8  |0 2 4 6 8 
  -0.000661706409355  4341214141  |0 2 4 6 8  |0 1 2 6 8 
  -0.000661673267516  3442223113  |1 2 3 4 5  |0 1 2 6 9 
  -0.000661657827799  2244331132  |0 1 2 3 9  |2 3 4 5 8 
   0.000661655030028  3344221123  |2 3 4 5 8  |0 1 2 3 9 
  -0.000661373071811  4122323323  |0 2 3 5 8  |0 4 6 7 9 
  -0.000661370246256  4133232232  |0 4 6 7 9  |0 2 3 5 8 
  -0.000661367042742  3221432332  |1 2 4 6 9  |0 4 5 7 8 
   0.000659766359368  4333231222  |0 4 7 8 9  |0 1 2 3 5 
   0.000659672359610  3411412441  |1 4 6 7 8  |0 1 4 7 8 
  -0.000659664557814  2411413441  |0 1 4 7 8  |1 4 6 7 8 
  -0.000659627540572  4114214431  |0 3 4 6 7  |0 3 6 7 8 
   0.000659625527079  3222331432  |1 2 3 7 9  |0 4 5 7 8 
   0.000659610502919  4114314421  |0 3 6 7 8  |0 3 4 6 7 
   0.000659546966580  3343221322  |2 4 5 8 9  |0 1 2 3 7 
   0.000659546213930  3242233213  |1 2 3 4 7  |0 2 5 6 9 
   0.000658601367444  2331423232  |0 4 5 7 9  |1 2 4 6 8 
   0.000658601041576  4122332323  |0 2 3 6 8  |0 4 5 7 9 
   0.000658599056226  3221432323  |1 2 4 6 8  |0 4 5 7 9 
   0.000658501369732  4431321142  |0 1 5 8 9  |0 1 2 4 8 
   0.000658500514157  4421231143  |0 1 2 4 8  |0 1 5 8 9 
   0.000658494458983  2124434113  |0 2 3 4 6  |3 4 5 6 9 
   0.000658493109228  3134424112  |3 4 5 6 9  |0 2 3 4 6 
  -0.000658102475543  2413241323  |0 1 4 5 8  |1 3 5 7 9 
  -0.000658101007973  3214323214  |1 3 5 7 9  |0 3 4 6 9 
  -0.000657999078178  2433332122  |0 1 6 8 9  |1 2 3 4 5 
  -0.000657997886158  3422223133  |1 2 3 4 5  |0 1 6 8 9 
  -0.000657995210550  2224333132  |0 1 2 3 9  |3 4 5 6 8 
  -0.000657994815786  3334222123  |3 4 5 6 8  |0 1 2 3 9 
   0.000657837586568  2433311422  |0 1 7 8 9  |1 2 3 4 7 
  -0.000657837161589  3422211433  |1 2 3 4 7  |0 1 7 8 9 
   0.000657834793930  3334222411  |3 4 5 6 7  |0 1 2 3 7 
   0.000657580052562  3413241223  |1 4 5 7 8  |0 1 3 5 9 
   0.000657340193127  2344123141  |0 2 3 5 8  |1 2 3 6 8 
   0.000657339433928  3244132141  |1 2 3 6 8  |0 2 3 5 8 
  -0.000657338923889  1442314123  |1 2 3 6 8  |1 2 4 6 9 
   0.000656385063941  2312341414  |0 3 5 7 9  |1 4 5 7 9 
   0.000656384060871  3213241414  |1 4 5 7 9  |0 3 5 7 9 
  -0.000656022070616  4412411143  |0 1 3 4 8  |0 1 4 8 9 
   0.000656021589117  4413411142  |0 1 4 8 9  |0 1 3 4 8 
   0.000656017595582  4214434111  |0 1 3 4 6  |0 3 4 5 6 
  -0.000656017476674  4314424111  |0 3 4 5 6  |0 1 3 4 6 
  -0.000655693513327  3434322112  |1 3 5 6 9  |0 1 2 3 4 
   0.000655687177704  2424233113  |0 1 2 3 4  |1 3 5 6 9 
   0.000655673538199  2424231133  |0 1 2 3 4  |1 3 5 8 9 
  -0.000655668978978  3434321122  |1 3 5 8 9  |0 1 2 3 4 
  -0.000655325507104  1414123234  |1 3 5 7 9  |1 3 6 8 9 
  -0.000655324511246  1414132324  |1 3 6 8 9  |1 3 5 7 9 
  -0.000655185199188  1211243443  |1 4 5 7 8  |5 6 7 8 9 
  -0.000655185109201  1311342442  |5 6 7 8 9  |1 4 5 7 8 
   0.000655175952908  3113124424  |5 6 7 8 9  |0 3 6 7 9 
   0.000655175644506  2112134434  |0 3 6 7 9  |5 6 7 8 9 
  -0.000654325835298  2234341312  |0 1 3 5 9  |2 3 4 5 7 
  -0.000654295924276  2423331214  |0 1 2 7 9  |1 3 4 5 9 
   0.000654293594062  3432221314  |1 3 4 5 9  |0 1 2 7 9 
  -0.000654116784675  1414443121  |1 3 4 5 8  |1 3 4 5 6 
   0.000654116631583  1414442131  |1 3 4 5 6  |1 3 4 5 8 
  -0.000654116551181  4414113124  |0 1 3 8 9  |0 1 3 6 9 
   0.000654116397307  4414112134  |0 1 3 6 9  |0 1 3 8 9 
   0.000653772682343  2332433212  |0 3 4 7 9  |1 2 4 5 6 
  -0.000653770635655  4322331322  |0 2 3 8 9  |0 1 4 5 7 
   0.000653555109503  4231412413  |0 1 4 6 7  |0 2 4 7 9 
   0.000653552716307  4321413412  |0 2 4 7 9  |0 1 4 6 7 
  -0.000652923533622  3141324142  |2 5 6 8 9  |0 2 4 6 8 
  -0.000652923001013  2141234143  |0 2 4 6 8  |2 5 6 8 9 
  -0.000652432211589  4141434121  |0 2 4 6 8  |0 2 4 5 6 
  -0.000652430887743  4141412143  |0 2 4 6 8  |0 2 4 8 9 
   0.000652077587562  1424322313  |1 2 3 5 6  |1 3 4 7 9 
   0.000651621947260  1331244142  |4 5 6 8 9  |1 2 5 6 8 
  -0.000651503415618  3232314322  |1 3 6 8 9  |0 2 4 6 7 
   0.000651491496664  3232322341  |1 3 5 6 8  |0 2 4 7 8 
  -0.000651148879095  4341414112  |0 2 4 6 9  |0 1 2 4 6 
   0.000651148339910  4143421141  |0 2 4 5 8  |0 2 3 4 8 
  -0.000650083256412  3442411132  |1 2 3 4 9  |0 1 2 4 8 
   0.000650082824763  4244323111  |0 1 2 3 5  |0 2 3 4 6 
   0.000650080972330  4344232111  |0 2 3 4 6  |0 1 2 3 5 
   0.000649712760568  2414441131  |0 1 3 4 5  |1 3 4 5 8 
  -0.000649711324932  3414441121  |1 3 4 5 8  |0 1 3 4 5 
  -0.000649702177025  4414312114  |0 1 3 6 9  |0 1 3 4 9 
   0.000649701861694  4414213114  |0 1 3 4 9  |0 1 3 6 9 
  -0.000649670457715  1311242443  |4 5 6 7 8  |1 5 7 8 9 
  -0.000649670208003  1211343442  |1 5 7 8 9  |4 5 6 7 8 
   0.000649658450635  3112124434  |3 5 6 7 9  |0 6 7 8 9 
   0.000649658088630  2113134424  |0 6 7 8 9  |3 5 6 7 9 
  -0.000649352796217  1424233312  |1 2 3 4 9  |1 3 5 6 7 
  -0.000649338110994  2424121333  |0 1 2 3 5  |1 3 7 8 9 
  -0.000648159200206  2132443411  |0 3 4 5 7  |2 4 5 6 7 
   0.000647914653351  3222314323  |1 2 3 6 8  |0 4 6 7 9 
  -0.000647899806935  2333223241  |0 4 5 7 8  |1 2 3 6 8 
  -0.000647897547031  3222332341  |1 2 3 6 8  |0 4 5 7 8 
   0.000647702123826  4142134114  |0 2 3 6 9  |0 2 5 6 9 
  -0.000647037775860  1424342311  |1 2 3 5 6  |1 3 4 5 7 
   0.000647027391272  2434111234  |0 1 3 7 9  |1 2 3 8 9 
   0.000647027234211  3424111324  |1 2 3 8 9  |0 1 3 7 9 
  -0.000646389367460  4141414312  |0 2 4 6 9  |0 2 4 6 7 
   0.000646388457274  4141414213  |0 2 4 6 7  |0 2 4 6 9 
  -0.000646381223839  4141421341  |0 2 4 5 8  |0 2 4 7 8 
   0.000646381116406  4141431241  |0 2 4 7 8  |0 2 4 5 8 
   0.000646052011033  4313213242  |0 4 7 8 9  |0 1 3 6 8 
   0.000645608856576  4142214331  |0 2 3 4 6  |0 2 6 7 8 
   0.000645604055768  2241413341  |0 1 2 4 8  |2 4 6 7 8 
   0.000645602910908  3341412241  |2 4 6 7 8  |0 1 2 4 8 
   0.000645535228445  4111214443  |0 4 6 7 8  |0 6 7 8 9 
   0.000645520275290  3111424441  |4 5 6 7 8  |0 4 6 7 8 
  -0.000645513730072  2111434441  |0 4 6 7 8  |4 5 6 7 8 
  -0.000645510123158  4111314442  |0 6 7 8 9  |0 4 6 7 8 
  -0.000645168333970  2431212343  |0 1 4 6 8  |1 2 7 8 9 
   0.000645163160441  3421313242  |1 2 7 8 9  |0 1 4 6 8 
   0.000645159184966  3124324231  |2 3 5 6 7  |0 3 4 6 8 
  -0.000644957774373  2324132233  |0 2 3 6 7  |1 3 5 8 9 
  -0.000644952266160  1432322332  |1 3 5 6 9  |1 2 4 7 8 
   0.000644716707976  4212314314  |0 1 3 6 9  |0 4 6 7 9 
  -0.000643745939904  1422441133  |1 2 3 4 5  |1 4 5 8 9 
  -0.000643743658390  1433441122  |1 4 5 8 9  |1 2 3 4 5 
   0.000643732217912  4334122114  |0 3 5 6 9  |0 1 2 3 9 
   0.000643730866311  4224133114  |0 1 2 3 9  |0 3 5 6 9 
   0.000643567101102  2324241133  |0 2 3 4 5  |1 3 5 8 9 
  -0.000643565685370  3234341122  |1 3 5 8 9  |0 2 3 4 5 
  -0.000641749450937  1423133224  |1 2 7 8 9  |1 3 5 6 9 
  -0.000641745609744  4444231111  |0 1 2 3 4  |0 1 2 3 5 
   0.000641736985855  4444321111  |0 1 2 3 5  |0 1 2 3 4 
  -0.000641726526843  3444411112  |1 2 3 4 9  |0 1 2 3 4 
   0.000641718400352  2444411113  |0 1 2 3 4  |1 2 3 4 9 
  -0.000641534753852  1414233412  |1 3 4 7 9  |1 3 5 6 7 
   0.000641527320721  2414121433  |0 1 3 5 7  |1 3 7 8 9 
  -0.000639157882746  4122423313  |0 2 3 4 5  |0 4 6 7 9 
   0.000639157275784  4133432212  |0 4 6 7 9  |0 2 3 4 5 
   0.000639155046130  4331421223  |0 4 5 7 8  |0 1 2 4 9 
  -0.000639154201718  4221431332  |0 1 2 4 9  |0 4 5 7 8 
   0.000636657958565  4121314441  |0 2 6 7 8  |0 4 6 7 8 
   0.000635974013647  3344222113  |2 3 4 5 6  |0 1 2 3 9 
  -0.000635972187862  3442221133  |1 2 3 4 5  |0 1 2 8 9 
   0.000635959447843  2443331122  |0 1 2 8 9  |1 2 3 4 5 
  -0.000635948602015  2244333112  |0 1 2 3 9  |2 3 4 5 6 
   0.000635850766247  3223231423  |1 2 4 7 8  |0 3 5 7 9 
  -0.000635848672703  2322332413  |0 2 3 6 7  |1 4 5 7 9 
  -0.000635847034173  3233223412  |1 4 5 7 9  |0 2 3 6 7 
  -0.000635392724334  2432313232  |0 1 3 7 9  |1 2 4 6 8 
  -0.000635392287436  2324332321  |0 2 3 6 8  |1 3 4 5 7 
  -0.000635392118078  3423212323  |1 2 4 6 8  |0 1 3 7 9 
  -0.000635391782315  3234223231  |1 3 4 5 7  |0 2 3 6 8 
  -0.000635145221368  4324113241  |0 2 3 7 8  |0 1 3 6 8 
  -0.000635059867923  4144324111  |0 2 3 5 6  |0 2 3 4 6 
  -0.000634742327035  1444131232  |1 2 3 7 9  |1 2 3 5 8 
  -0.000634057751151  4232114314  |0 1 3 6 9  |0 2 6 7 9 
  -0.000634055023505  1232441341  |1 3 4 5 8  |2 4 5 7 8 
  -0.000634052746174  1323441241  |2 4 5 7 8  |1 3 4 5 8 
   0.000633545599692  3423213322  |1 2 4 8 9  |0 1 3 6 7 
   0.000633489926707  4143332212  |0 2 6 7 9  |0 2 3 4 5 
  -0.000633489572849  4142223313  |0 2 3 4 5  |0 2 6 7 9 
   0.000633485336300  2241431332  |0 1 2 4 9  |2 4 5 7 8 
  -0.000633485211165  3341421223  |2 4 5 7 8  |0 1 2 4 9 
  -0.000633015870864  1442331232  |1 2 3 7 9  |1 2 4 5 8 
   0.000633014161213  3244123213  |1 2 3 5 7  |0 2 3 6 9 
  -0.000633012800668  2344132312  |0 2 3 6 9  |1 2 3 5 7 
   0.000630252768010  3242333212  |1 2 3 7 9  |0 2 4 5 6 
   0.000630145116224  4413213142  |0 1 4 8 9  |0 1 3 6 8 
   0.000629813718014  2343232213  |0 2 4 6 7  |1 2 3 5 9 
   0.000629813221859  3242323312  |1 2 3 5 9  |0 2 4 6 7 
   0.000629795196505  3242321332  |1 2 3 5 9  |0 2 4 7 8 
   0.000629793892233  2343231223  |0 2 4 7 8  |1 2 3 5 9 
  -0.000629583692968  1124443321  |2 3 4 5 8  |3 4 5 6 7 
  -0.000629578212621  4421112334  |0 1 2 6 9  |0 1 7 8 9 
  -0.000628697160025  1221433441  |1 2 4 7 8  |4 5 6 7 8 
   0.000628695743938  4133114422  |0 6 7 8 9  |0 2 3 6 7 
  -0.000628617384707  2442321331  |0 1 2 3 5  |1 2 4 7 8 
  -0.000628610512719  1444223131  |1 2 3 4 5  |1 2 3 6 8 
  -0.000628607812191  3444112123  |1 2 3 6 8  |0 1 2 3 9 
  -0.000628606272251  1444332121  |1 2 3 6 8  |1 2 3 4 5 
  -0.000628605586499  2444113132  |0 1 2 3 9  |1 2 3 6 8 
   0.000627027227569  3144232132  |2 3 4 6 9  |0 2 3 5 8 
   0.000626773939428  1422331432  |1 2 3 7 9  |1 4 5 7 8 
  -0.000626654824557  1444323112  |1 2 3 5 9  |1 2 3 4 6 
  -0.000626639040320  1444232113  |1 2 3 4 6  |1 2 3 5 9 
   0.000626631985371  2444131123  |0 1 2 3 8  |1 2 3 5 9 
   0.000626627166127  3444121132  |1 2 3 5 9  |0 1 2 3 8 
   0.000625720224746  2314232332  |0 3 4 6 9  |1 3 5 7 8 
  -0.000625334911210  2412323332  |0 1 3 5 9  |1 4 6 7 8 
   0.000625283328907  3423212233  |1 2 4 6 7  |0 1 3 8 9 
   0.000625279657687  3234222331  |1 3 4 5 6  |0 2 3 7 8 
   0.000625277856713  2324333221  |0 2 3 7 8  |1 3 4 5 6 
  -0.000625124268911  1244432131  |1 2 3 4 6  |2 3 4 5 8 
  -0.000625121661648  1344423121  |2 3 4 5 8  |1 2 3 4 6 
  -0.000625116174424  4442113123  |0 1 2 3 8  |0 1 2 6 9 
   0.000624661033313  3234223114  |1 3 4 5 9  |0 2 3 6 9 
   0.000624657230935  2432341132  |0 1 3 5 9  |1 2 4 5 8 
  -0.000624655000773  3423241123  |1 2 4 5 8  |0 1 3 5 9 
   0.000624331680713  3424213321  |1 2 3 4 8  |0 1 3 6 7 
   0.000624180600331  4122313414  |0 2 3 7 9  |0 4 6 7 9 
  -0.000624177214543  2331441421  |0 4 5 7 8  |1 2 4 5 7 
  -0.000624177210320  3221441431  |1 2 4 5 7  |0 4 5 7 8 
   0.000623910434256  4324213141  |0 2 3 4 8  |0 1 3 6 8 
  -0.000623900512543  2423414131  |0 1 2 4 6  |1 3 4 6 8 
  -0.000623898954569  3432414121  |1 3 4 6 8  |0 1 2 4 6 
   0.000623540602151  4233321223  |0 1 5 7 8  |0 2 3 4 9 
  -0.000623458843138  4243312231  |0 1 2 6 7  |0 2 3 4 8 
   0.000623457905244  2243412331  |0 1 2 4 6  |2 3 4 7 8 
   0.000623457013047  4342213321  |0 2 3 4 8  |0 1 2 6 7 
  -0.000623456995763  3342413221  |2 3 4 7 8  |0 1 2 4 6 
   0.000623420564446  3432132214  |1 3 6 7 9  |0 1 2 5 9 
   0.000622259293787  2423232133  |0 1 2 4 6  |1 3 5 8 9 
   0.000622256648679  3432323122  |1 3 5 8 9  |0 1 2 4 6 
   0.000622241019736  2324233123  |0 2 3 4 8  |1 3 5 6 9 
  -0.000621758880853  2343241213  |0 2 4 5 7  |1 2 3 5 9 
   0.000621757382370  3242341312  |1 2 3 5 9  |0 2 4 5 7 
   0.000621746728089  3242321314  |1 2 3 5 9  |0 2 4 7 9 
  -0.000621745571250  2343231214  |0 2 4 7 9  |1 2 3 5 9 
  -0.000621620507512  2434232113  |0 1 3 4 6  |1 2 3 5 9 
   0.000621614769034  3424323112  |1 2 3 5 9  |0 1 3 4 6 
   0.000621601647958  3424321132  |1 2 3 5 9  |0 1 3 4 8 
  -0.000621597046337  2434231123  |0 1 3 4 8  |1 2 3 5 9 
   0.000621336272773  4431221143  |0 1 4 5 8  |0 1 2 8 9 
   0.000621335141530  4421331142  |0 1 2 8 9  |0 1 4 5 8 
   0.000621324204975  3124424113  |2 3 4 5 6  |0 3 4 6 9 
   0.000620795206259  1423231423  |1 2 4 7 8  |1 3 5 7 9 
   0.000620433237228  4123123414  |0 2 5 7 9  |0 3 6 7 9 
   0.000620432367514  4132132414  |0 3 6 7 9  |0 2 5 7 9 
  -0.000619690801799  2322314323  |0 2 3 6 8  |1 4 6 7 9 
   0.000619687480800  3223232341  |1 2 4 6 8  |0 3 5 7 8 
   0.000619402441824  3244231231  |1 2 3 4 7  |0 2 3 5 8 
   0.000619401438700  3443212312  |1 2 4 6 9  |0 1 2 3 7 
   0.000619067963567  4323214213  |0 2 4 6 7  |0 1 3 6 9 
   0.000619054775547  3232421341  |1 3 4 5 8  |0 2 4 7 8 
  -0.000619054684583  2323431241  |0 2 4 7 8  |1 3 4 5 8 
  -0.000617602383803  4132312414  |0 3 6 7 9  |0 2 4 7 9 
   0.000617595704672  3231441421  |1 4 5 7 8  |0 2 4 5 7 
  -0.000615985984587  4224331114  |0 1 2 3 9  |0 3 4 5 9 
  -0.000615985033112  4334221114  |0 3 4 5 9  |0 1 2 3 9 
  -0.000614455952059  3233422312  |1 4 5 6 9  |0 2 3 4 7 
   0.000614455929455  4223231233  |0 1 2 4 7  |0 3 5 8 9 
  -0.000614454291134  2322433213  |0 2 3 4 7  |1 4 5 6 9 
   0.000614452664326  4332321322  |0 3 5 8 9  |0 1 2 4 7 
  -0.000614252545918  2413423321  |0 1 4 5 8  |1 3 4 6 7 
   0.000614247395547  3412432231  |1 3 4 6 7  |0 1 4 5 8 
   0.000614243087456  4214313223  |0 1 3 7 8  |0 3 4 6 9 
   0.000613303970664  1143243322  |2 4 5 8 9  |2 3 5 6 7 
   0.000613297613451  2341122334  |0 2 5 6 9  |1 2 7 8 9 
  -0.000613278517589  3224323321  |1 2 3 5 8  |0 3 4 6 7 
  -0.000613277923688  2334232231  |0 3 4 6 7  |1 2 3 5 8 
  -0.000613274721303  3231222343  |1 4 5 6 8  |0 2 7 8 9 
  -0.000613272450746  2433213223  |0 1 4 7 8  |1 2 3 6 9 
  -0.000613271696206  3422312332  |1 2 3 6 9  |0 1 4 7 8 
  -0.000613271054423  2321333242  |0 2 7 8 9  |1 4 5 6 8 
   0.000613257317677  3123224233  |2 4 5 6 7  |0 3 6 8 9 
   0.000613254361029  2132334322  |0 3 6 8 9  |2 4 5 6 7 
  -0.000612822181501  4122414133  |0 2 3 4 6  |0 4 6 8 9 
  -0.000612820108583  4133414122  |0 4 6 8 9  |0 2 3 4 6 
   0.000612808972405  4331422141  |0 4 5 6 8  |0 1 2 4 8 
  -0.000612808077404  2433232123  |0 1 4 6 8  |1 2 3 5 9 
   0.000612807774567  4221433141  |0 1 2 4 8  |0 4 5 6 8 
  -0.000612806760655  3422323132  |1 2 3 5 9  |0 1 4 6 8 
  -0.000612786906459  3224323132  |1 2 3 5 9  |0 3 4 6 8 
  -0.000612786185889  2334232123  |0 3 4 6 8  |1 2 3 5 9 
   0.000612620909901  3241321243  |1 2 5 7 8  |0 2 4 8 9 
   0.000612526598883  3432421231  |1 3 4 5 7  |0 1 2 4 8 
  -0.000612521857214  4324212313  |0 2 3 4 6  |0 1 3 7 9 
  -0.000612514258608  2423431321  |0 1 2 4 8  |1 3 4 5 7 
   0.000612491141916  4234313212  |0 1 3 7 9  |0 2 3 4 6 
  -0.000612439908598  2324332132  |0 2 3 6 9  |1 3 4 5 8 
  -0.000612439619430  3234223123  |1 3 4 5 8  |0 2 3 6 9 
  -0.000612431574023  2432332132  |0 1 3 6 9  |1 2 4 5 8 
  -0.000612430452247  3423223123  |1 2 4 5 8  |0 1 3 6 9 
  -0.000612351610383  2143324312  |0 2 5 6 9  |2 3 4 6 7 
  -0.000612125833778  4324321114  |0 2 3 5 9  |0 1 3 4 9 
  -0.000612124374939  4234231114  |0 1 3 4 9  |0 2 3 5 9 
  -0.000611836055548  2234341114  |0 1 3 5 9  |2 3 4 5 9 
   0.000611393620278  3243321223  |1 2 5 7 8  |0 2 3 4 9 
  -0.000610536202214  2343223231  |0 2 4 5 7  |1 2 3 6 8 
   0.000610526773777  3242312323  |1 2 3 6 8  |0 2 4 7 9 
   0.000610346426705  4421411413  |0 1 2 4 7  |0 1 4 7 9 
  -0.000610344425609  4431411412  |0 1 4 7 9  |0 1 2 4 7 
   0.000610335572181  4134421411  |0 3 4 5 7  |0 2 3 4 7 
  -0.000610333305490  4124431411  |0 2 3 4 7  |0 3 4 5 7 
  -0.000610305351355  3243442111  |1 2 4 5 6  |0 2 3 4 5 
  -0.000610302536145  2342443111  |0 2 3 4 5  |1 2 4 5 6 
  -0.000610280372718  1233442132  |1 4 5 6 9  |2 3 4 5 8 
   0.000610280219571  1322443123  |2 3 4 5 8  |1 4 5 6 9 
  -0.000610277091361  4223132134  |0 1 2 6 9  |0 3 5 8 9 
   0.000610052990033  1243234141  |1 2 4 6 8  |2 3 5 6 8 
   0.000610040874197  2342114143  |0 2 3 6 8  |1 2 6 8 9 
   0.000610040326125  3243114142  |1 2 6 8 9  |0 2 3 6 8 
  -0.000609994550130  3324422311  |2 3 4 5 6  |0 1 3 4 7 
   0.000609994119436  4432211233  |0 1 3 4 7  |0 1 2 8 9 
   0.000609969618750  2234433211  |0 1 3 4 7  |2 3 4 5 6 
  -0.000609960697335  4423311322  |0 1 2 8 9  |0 1 3 4 7 
  -0.000609106344625  2243131324  |0 1 2 8 9  |2 3 5 7 9 
   0.000609103539885  3342121234  |2 3 5 7 9  |0 1 2 8 9 
  -0.000609096726298  1243343212  |1 2 5 7 9  |2 3 4 5 6 
   0.000609092848996  1342242313  |2 3 4 5 6  |1 2 5 7 9 
   0.000608806046139  3322423312  |2 3 4 5 9  |0 1 4 6 7 
  -0.000607934357824  4132114423  |0 3 6 7 8  |0 2 6 7 9 
  -0.000607643956204  4214213233  |0 1 3 4 7  |0 3 6 8 9 
   0.000607642116336  4314312322  |0 3 6 8 9  |0 1 3 4 7 
   0.000607641092814  3413422321  |1 4 5 6 8  |0 1 3 4 7 
  -0.000607637870250  2412433231  |0 1 3 4 7  |1 4 5 6 8 
   0.000607459983846  3342232213  |2 3 4 6 7  |0 1 2 5 9 
   0.000607169896278  4144213141  |0 2 3 4 8  |0 2 3 6 8 
   0.000607159407544  2441414131  |0 1 2 4 6  |1 2 4 6 8 
   0.000606811049991  2314114324  |0 3 6 8 9  |1 3 6 7 9 
   0.000606657511941  4111414342  |0 4 6 8 9  |0 4 6 7 8 
   0.000606652567771  4111424341  |0 4 5 6 8  |0 4 6 7 8 
  -0.000606620322846  1243244131  |1 2 4 5 6  |2 3 5 6 8 
  -0.000606362616562  1343224141  |2 4 5 6 8  |1 2 3 6 8 
  -0.000606358107494  2343114142  |0 2 6 8 9  |1 2 3 6 8 
  -0.000606019324719  4334221321  |0 3 4 5 8  |0 1 2 3 7 
   0.000606015882881  3422413213  |1 2 3 4 7  |0 1 4 6 9 
   0.000605657490104  1341422341  |2 4 5 6 8  |1 2 4 7 8 
   0.000605657094456  4134413221  |0 3 4 7 8  |0 2 3 4 6 
   0.000605656904983  1241433241  |1 2 4 7 8  |2 4 5 6 8 
   0.000605656076617  4124412331  |0 2 3 4 6  |0 3 4 7 8 
   0.000605648143771  4143114322  |0 2 6 8 9  |0 2 3 6 7 
   0.000605646604784  4421413321  |0 1 2 4 8  |0 1 4 6 7 
   0.000605646492255  4431412231  |0 1 4 6 7  |0 1 2 4 8 
   0.000605148842747  2423213233  |0 1 2 4 7  |1 3 6 8 9 
   0.000605145180785  3234322321  |1 3 5 6 8  |0 2 3 4 7 
   0.000605140973855  2324233231  |0 2 3 4 7  |1 3 5 6 8 
  -0.000604737755386  4321231342  |0 2 4 8 9  |0 1 5 7 8 
  -0.000604716864044  3132434212  |3 4 6 7 9  |0 2 4 5 6 
  -0.000604236677097  4214114323  |0 1 3 6 8  |0 3 6 7 9 
  -0.000604236213441  4314114232  |0 3 6 7 9  |0 1 3 6 8 
  -0.000604230543585  1412432341  |1 3 4 6 8  |1 4 5 7 8 
   0.000603979655363  4323212143  |0 2 4 6 8  |0 1 3 8 9 
  -0.000603976646290  4232313142  |0 1 3 8 9  |0 2 4 6 8 
  -0.000603976061003  3232424131  |1 3 4 5 6  |0 2 4 6 8 
   0.000603975716917  2323434121  |0 2 4 6 8  |1 3 4 5 6 
   0.000603730006268  3232442131  |1 3 4 5 6  |0 2 4 5 8 
  -0.000603728992599  2323443121  |0 2 4 5 8  |1 3 4 5 6 
  -0.000603728338518  4232313124  |0 1 3 8 9  |0 2 4 6 9 
  -0.000603553728780  3324322411  |2 3 5 6 7  |0 1 3 4 7 
   0.000603552271042  2234233411  |0 1 3 4 7  |2 3 5 6 7 
   0.000603551213138  2432211433  |0 1 3 4 7  |1 2 7 8 9 
  -0.000603550392645  3423311422  |1 2 7 8 9  |0 1 3 4 7 
   0.000603061187049  1413423421  |1 4 5 7 8  |1 3 4 6 7 
   0.000603055971115  4214113423  |0 1 3 7 8  |0 3 6 7 9 
   0.000603054761389  1412432431  |1 3 4 6 7  |1 4 5 7 8 
   0.000603052174086  4314112432  |0 3 6 7 9  |0 1 3 7 8 
   0.000603048687976  3244223113  |1 2 3 4 5  |0 2 3 6 9 
  -0.000603031266916  3443221123  |1 2 4 5 8  |0 1 2 3 9 
  -0.000603025692844  2344332112  |0 2 3 6 9  |1 2 3 4 5 
   0.000603018461255  2442331132  |0 1 2 3 9  |1 2 4 5 8 
   0.000602758767287  3324424111  |2 3 4 5 6  |0 1 3 4 6 
   0.000602752550376  2234434111  |0 1 3 4 6  |2 3 4 5 6 
   0.000602735054677  4432211143  |0 1 3 4 8  |0 1 2 8 9 
   0.000602719541173  4423311142  |0 1 2 8 9  |0 1 3 4 8 
   0.000602650081682  4224311233  |0 1 2 3 7  |0 3 4 8 9 
  -0.000602567666987  4123314124  |0 2 6 8 9  |0 3 4 6 9 
  -0.000602565978582  4132214134  |0 3 4 6 9  |0 2 6 8 9 
   0.000601611090887  1323424141  |2 4 5 6 8  |1 3 4 6 8 
   0.000601610753966  1232434141  |1 3 4 6 8  |2 4 5 6 8 
   0.000601599075325  4323114142  |0 2 6 8 9  |0 1 3 6 8 
   0.000601231904820  4334121223  |0 3 5 7 8  |0 1 2 3 9 
  -0.000601230952440  4224131332  |0 1 2 3 9  |0 3 5 7 8 
   0.000601226414933  1433432212  |1 4 6 7 9  |1 2 3 4 5 
  -0.000601203684094  3132224233  |3 4 5 6 7  |0 2 6 8 9 
  -0.000601203427860  2123334322  |0 2 6 8 9  |3 4 5 6 7 
   0.000601201811752  3321222343  |2 4 5 6 8  |0 1 7 8 9 
   0.000601201529968  2231333242  |0 1 7 8 9  |2 4 5 6 8 
  -0.000601108698133  1412441431  |1 3 4 5 7  |1 4 5 7 8 
   0.000601086939026  4314112414  |0 3 6 7 9  |0 1 3 7 9 
  -0.000601056982158  4214113414  |0 1 3 7 9  |0 3 6 7 9 
   0.000601050164366  1413441421  |1 4 5 7 8  |1 3 4 5 7 
   0.000599917960737  4442431111  |0 1 2 3 4  |0 1 2 4 5 
  -0.000599900555006  4443421111  |0 1 2 4 5  |0 1 2 3 4 
   0.000599876537376  4344411112  |0 2 3 4 9  |0 1 2 3 4 
  -0.000599856470744  4244411113  |0 1 2 3 4  |0 2 3 4 9 
   0.000599388682763  2444111134  |0 1 2 3 9  |1 2 3 8 9 
  -0.000599353550940  1444342111  |1 2 3 5 6  |1 2 3 4 5 
  -0.000597446791140  2444311321  |0 1 2 3 8  |1 2 3 4 7 
  -0.000597445723173  3444211231  |1 2 3 4 7  |0 1 2 3 8 
  -0.000597442451374  2444313211  |0 1 2 3 7  |1 2 3 4 6 
  -0.000597441194101  3444212311  |1 2 3 4 6  |0 1 2 3 7 
  -0.000597360877429  2433212233  |0 1 4 6 7  |1 2 3 8 9 
  -0.000597358080481  3422313322  |1 2 3 8 9  |0 1 4 6 7 
   0.000596241053367  1114244413  |3 4 5 6 7  |3 5 6 7 9 
   0.000596236477668  3411121444  |1 5 7 8 9  |0 1 7 8 9 
  -0.000596229172599  2411131444  |0 1 7 8 9  |1 5 7 8 9 
  -0.000596214348020  1114344412  |3 5 6 7 9  |3 4 5 6 7 
   0.000596059403326  1142444113  |2 3 4 5 6  |2 4 5 6 9 
  -0.000596039992603  1143444112  |2 4 5 6 9  |2 3 4 5 6 
   0.000596010611389  4341121144  |0 2 5 8 9  |0 1 2 8 9 
  -0.000596000716766  4241131144  |0 1 2 8 9  |0 2 5 8 9 
   0.000595730326574  3342241114  |2 3 4 5 9  |0 1 2 5 9 
  -0.000595038451606  3342223213  |2 3 4 5 7  |0 1 2 6 9 
  -0.000595037957714  3342221323  |2 3 4 5 8  |0 1 2 7 9 
   0.000594934322362  2322314233  |0 2 3 6 7  |1 4 6 8 9 
   0.000591592427706  4212314341  |0 1 3 6 8  |0 4 6 7 8 
   0.000591591876010  4313214241  |0 4 6 7 8  |0 1 3 6 8 
  -0.000591581341059  2313414241  |0 4 6 7 8  |1 3 4 6 8 
   0.000591489015316  4221431323  |0 1 2 4 8  |0 4 5 7 9 
  -0.000591488903034  4331421232  |0 4 5 7 9  |0 1 2 4 8 
   0.000591487407021  4122432313  |0 2 3 4 6  |0 4 5 7 9 
  -0.000591486903750  4133423212  |0 4 5 7 9  |0 2 3 4 6 
   0.000589590119808  1142442313  |2 3 4 5 6  |2 4 5 7 9 
   0.000589581211743  4341121234  |0 2 5 7 9  |0 1 2 8 9 
   0.000589579538117  4241131324  |0 1 2 8 9  |0 2 5 7 9 
   0.000589569815563  1424231332  |1 2 3 4 9  |1 3 5 7 8 
  -0.000589253611142  4334212213  |0 3 4 6 7  |0 1 2 3 9 
   0.000589248019988  3422421331  |1 2 3 4 5  |0 1 4 7 8 
  -0.000589236290656  2433431221  |0 1 4 7 8  |1 2 3 4 5 
   0.000589221486824  4224313312  |0 1 2 3 9  |0 3 4 6 7 
   0.000589026134450  2433132124  |0 1 6 8 9  |1 2 3 5 9 
  -0.000589023895035  3422123134  |1 2 3 5 9  |0 1 6 8 9 
   0.000588974032873  3321322342  |2 5 6 8 9  |0 1 4 7 8 
   0.000588973976325  2231233243  |0 1 4 7 8  |2 5 6 8 9 
  -0.000588973922675  3123324322  |2 5 6 8 9  |0 3 4 6 7 
  -0.000588973764607  2132234233  |0 3 4 6 7  |2 5 6 8 9 
  -0.000587326176042  1243243213  |1 2 4 5 7  |2 3 5 6 9 
  -0.000587322483217  3243121324  |1 2 5 8 9  |0 2 3 7 9 
   0.000587322155086  1342342312  |2 3 5 6 9  |1 2 4 5 7 
   0.000587319932635  2342131234  |0 2 3 7 9  |1 2 5 8 9 
   0.000587248000307  3211414423  |1 4 6 7 8  |0 4 6 7 9 
  -0.000586820868168  2311414423  |0 4 6 7 8  |1 4 6 7 9 
  -0.000586373238648  4412213413  |0 1 3 4 7  |0 1 6 7 9 
  -0.000586372110594  4413312412  |0 1 6 7 9  |0 1 3 4 7 
   0.000586368814356  2214431431  |0 1 3 4 7  |3 4 5 7 8 
   0.000586368231358  3314421421  |3 4 5 7 8  |0 1 3 4 7 
   0.000586318378094  2423312323  |0 1 2 6 8  |1 3 4 7 9 
   0.000586316236314  3432213232  |1 3 4 7 9  |0 1 2 6 8 
  -0.000586313128596  1344432211  |2 3 4 6 7  |1 2 3 4 5 
  -0.000586312686379  4442111332  |0 1 2 3 9  |0 1 2 7 8 
  -0.000586312055655  1244423311  |1 2 3 4 5  |2 3 4 6 7 
  -0.000586311988907  4443111223  |0 1 2 7 8  |0 1 2 3 9 
  -0.000585577434559  4342123114  |0 2 3 5 9  |0 1 2 6 9 
  -0.000585562637185  1443223213  |1 2 4 5 7  |1 2 3 6 9 
   0.000585561650873  1442332312  |1 2 3 6 9  |1 2 4 5 7 
  -0.000585549175766  3244121323  |1 2 3 5 8  |0 2 3 7 9 
   0.000585548430130  2344131232  |0 2 3 7 9  |1 2 3 5 8 
   0.000585483041180  2434112332  |0 1 3 6 9  |1 2 3 7 8 
   0.000584915977990  2224343113  |0 1 2 3 5  |3 4 5 6 9 
  -0.000584914061113  3334242112  |3 4 5 6 9  |0 1 2 3 5 
  -0.000584910023537  2433321124  |0 1 5 8 9  |1 2 3 4 9 
   0.000584412240814  4132432213  |0 3 4 6 7  |0 2 4 5 9 
  -0.000584411693522  4123423312  |0 2 4 5 9  |0 3 4 6 7 
  -0.000584407947134  4321421332  |0 2 4 5 9  |0 1 4 7 8 
   0.000583062168409  3142324114  |2 3 5 6 9  |0 2 4 6 9 
   0.000583059732644  2143234114  |0 2 4 6 9  |2 3 5 6 9 
   0.000583043317888  2341241143  |0 2 4 5 8  |1 2 5 8 9 
   0.000583036626887  3241341142  |1 2 5 8 9  |0 2 4 5 8 
  -0.000583018036178  3423422311  |1 2 4 5 6  |0 1 3 4 7 
   0.000583015569761  2432433211  |0 1 3 4 7  |1 2 4 5 6 
   0.000583010460330  4234211233  |0 1 3 4 7  |0 2 3 8 9 
  -0.000583006959686  4324311322  |0 2 3 8 9  |0 1 3 4 7 
   0.000582895103780  3332423212  |3 4 5 7 9  |0 1 2 4 6 
   0.000582720399188  2332441312  |0 3 4 5 9  |1 2 4 5 7 
  -0.000582148276588  4134112234  |0 3 6 7 9  |0 2 3 8 9 
  -0.000582147213934  4124113324  |0 2 3 8 9  |0 3 6 7 9 
  -0.000582138332540  1431443221  |1 4 5 7 8  |1 2 4 5 6 
  -0.000582114374710  2344241131  |0 2 3 4 5  |1 2 3 5 8 
  -0.000582110139715  3244341121  |1 2 3 5 8  |0 2 3 4 5 
   0.000582101339327  3442312114  |1 2 3 6 9  |0 1 2 4 9 
   0.000582099128370  2443213114  |0 1 2 4 9  |1 2 3 6 9 
   0.000581554783543  1434421312  |1 3 4 5 9  |1 2 3 4 7 
  -0.000581500251343  2243232313  |0 1 2 4 6  |2 3 5 7 9 
  -0.000581497901854  3342323212  |2 3 5 7 9  |0 1 2 4 6 
  -0.000581480084127  3243321232  |1 2 5 7 9  |0 2 3 4 8 
  -0.000581477463574  2342231323  |0 2 3 4 8  |1 2 5 7 9 
  -0.000581246807276  1332424141  |3 4 5 6 8  |1 2 4 6 8 
  -0.000581015926805  3414141412  |1 3 5 7 9  |0 1 3 5 7 
  -0.000580667252718  3243412321  |1 2 4 6 8  |0 2 3 4 7 
   0.000580666045306  2342413231  |0 2 3 4 7  |1 2 4 6 8 
   0.000580660055948  4243213231  |0 1 2 4 7  |0 2 3 6 8 
  -0.000580659751002  4342312321  |0 2 3 6 8  |0 1 2 4 7 
   0.000579244529603  3244113124  |1 2 3 8 9  |0 2 3 6 9 
   0.000578954426194  1441434121  |1 2 4 6 8  |1 2 4 5 6 
   0.000578944598996  4144112143  |0 2 3 6 8  |0 2 3 8 9 
  -0.000578065292948  3224431312  |1 2 3 4 9  |0 3 4 5 7 
   0.000577933505323  2434312321  |0 1 3 6 8  |1 2 3 4 7 
  -0.000577932123437  3434212321  |1 3 4 6 8  |0 1 2 3 7 
  -0.000577929017060  3424213231  |1 2 3 4 7  |0 1 3 6 8 
  -0.000577684451662  4112414431  |0 3 4 6 7  |0 4 6 7 8 
   0.000577661629180  4311412441  |0 4 6 7 8  |0 1 4 7 8 
  -0.000577632577994  4211413441  |0 1 4 7 8  |0 4 6 7 8 
   0.000577629280289  4113414421  |0 4 6 7 8  |0 3 4 6 7 
   0.000576878193901  4124413213  |0 2 3 4 7  |0 3 4 6 9 
   0.000576875611919  4134412312  |0 3 4 6 9  |0 2 3 4 7 
  -0.000576872274563  4431421321  |0 1 4 5 8  |0 1 2 4 7 
  -0.000576870056348  4421431231  |0 1 2 4 7  |0 1 4 5 8 
  -0.000576560715135  1143342223  |2 5 6 7 8  |2 3 4 5 9 
   0.000576559020430  1142243332  |2 3 4 5 9  |2 5 6 7 8 
   0.000576289043871  2344412113  |0 2 3 4 6  |1 2 3 4 9 
  -0.000576285505168  4442321131  |0 1 2 3 5  |0 1 2 4 8 
  -0.000576285272972  4443231121  |0 1 2 4 8  |0 1 2 3 5 
   0.000575567014076  1232434411  |1 3 4 6 7  |2 4 5 6 7 
   0.000575564048458  4323111442  |0 2 7 8 9  |0 1 3 7 8 
  -0.000575300519781  2423332123  |0 1 2 6 8  |1 3 4 5 9 
   0.000575133908909  2433211423  |0 1 4 7 8  |1 2 3 7 9 
  -0.000575133338761  3422311432  |1 2 3 7 9  |0 1 4 7 8 
  -0.000575132134259  3224323411  |1 2 3 5 7  |0 3 4 6 7 
   0.000575130940490  2334232411  |0 3 4 6 7  |1 2 3 5 7 
   0.000573886665087  1322243134  |2 3 4 5 9  |1 5 6 8 9 
   0.000572221967480  4443111241  |0 1 2 7 8  |0 1 2 3 8 
  -0.000572221326943  4442111341  |0 1 2 3 8  |0 1 2 7 8 
  -0.000572216896356  1244414311  |1 2 3 4 6  |2 3 4 6 7 
   0.000572216482296  1344414211  |2 3 4 6 7  |1 2 3 4 6 
  -0.000571957298380  3224414311  |1 2 3 4 6  |0 3 4 6 7 
  -0.000571945830746  2334414211  |0 3 4 6 7  |1 2 3 4 6 
  -0.000571915981069  4433211241  |0 1 4 7 8  |0 1 2 3 8 
  -0.000571903281821  4422311341  |0 1 2 3 8  |0 1 4 7 8 
  -0.000571706022626  3233222341  |1 4 5 6 8  |0 2 3 7 8 
   0.000571696844285  3144432211  |2 3 4 6 7  |0 2 3 4 5 
   0.000571692543925  2144423311  |0 2 3 4 5  |2 3 4 6 7 
   0.000571658491940  4441211332  |0 1 2 4 9  |0 1 2 7 8 
   0.000571654764362  4441311223  |0 1 2 7 8  |0 1 2 4 9 
   0.000571585517285  2122143334  |0 2 3 5 9  |5 6 7 8 9 
   0.000571580939362  1331342224  |5 6 7 8 9  |1 2 4 5 9 
  -0.000571325802449  2322441313  |0 2 3 4 5  |1 4 5 7 9 
   0.000571324197832  3233441212  |1 4 5 7 9  |0 2 3 4 5 
  -0.000571320016377  4332321214  |0 3 5 7 9  |0 1 2 4 9 
   0.000571318857606  4223231314  |0 1 2 4 9  |0 3 5 7 9 
   0.000570728282827  4123123144  |0 2 5 8 9  |0 3 6 8 9 
   0.000569931444077  1444221331  |1 2 3 4 5  |1 2 3 7 8 
   0.000569931093160  2444113312  |0 1 2 3 9  |1 2 3 6 7 
   0.000569930517964  1444331221  |1 2 3 7 8  |1 2 3 4 5 
   0.000568857549687  2434132123  |0 1 3 6 8  |1 2 3 5 9 
   0.000568855987207  1424323132  |1 2 3 5 9  |1 3 4 6 8 
  -0.000568854779149  1434232123  |1 3 4 6 8  |1 2 3 5 9 
  -0.000568510236562  3423423211  |1 2 4 5 7  |0 1 3 4 6 
   0.000568509735116  2432432311  |0 1 3 4 6  |1 2 4 5 7 
  -0.000568504612545  4324311232  |0 2 3 7 9  |0 1 3 4 8 
   0.000568503373464  4234211323  |0 1 3 4 8  |0 2 3 7 9 
  -0.000567970007228  4312314241  |0 3 6 7 8  |0 1 4 6 8 
  -0.000567969679904  4213214341  |0 1 4 6 8  |0 3 6 7 8 
  -0.000567916073087  1141342243  |2 5 6 7 8  |2 4 5 8 9 
   0.000567517791509  4224332113  |0 1 2 3 6  |0 3 4 5 9 
  -0.000567512063593  2421332143  |0 1 2 6 8  |1 4 5 8 9 
   0.000567510675720  3431223142  |1 4 5 8 9  |0 1 2 6 8 
   0.000567455879687  3132441421  |3 4 5 7 8  |0 2 4 5 7 
  -0.000567453100164  4321213414  |0 2 4 7 9  |0 1 6 7 9 
  -0.000567404303463  4233223132  |0 1 4 5 9  |0 2 3 6 8 
  -0.000567399749838  3223432123  |1 2 4 6 8  |0 3 4 5 9 
   0.000567283979053  3334232221  |3 4 6 7 8  |0 1 2 3 5 
   0.000567278824210  2433312223  |0 1 6 7 8  |1 2 3 4 9 
   0.000566396971900  2313424141  |0 4 5 6 8  |1 3 4 6 8 
   0.000566395632428  3212434141  |1 3 4 6 8  |0 4 5 6 8 
   0.000566205556862  4231314142  |0 1 6 8 9  |0 2 4 6 8 
   0.000566199258211  4321214143  |0 2 4 6 8  |0 1 6 8 9 
   0.000566186963208  2123434141  |0 2 4 6 8  |3 4 5 6 8 
   0.000566185151250  3132424141  |3 4 5 6 8  |0 2 4 6 8 
  -0.000565156047176  2344121332  |0 2 3 5 9  |1 2 3 7 8 
  -0.000565032310491  3211322443  |1 5 6 7 8  |0 4 7 8 9 
   0.000564985641761  2434341121  |0 1 3 5 8  |1 2 3 4 5 
   0.000564983220846  3424241131  |1 2 3 4 5  |0 1 3 5 8 
  -0.000564970089320  2424313114  |0 1 2 3 9  |1 3 4 6 9 
  -0.000564968603270  3434212114  |1 3 4 6 9  |0 1 2 3 9 
  -0.000564848150072  4411112434  |0 1 6 7 9  |0 1 7 8 9 
  -0.000564846718865  1114442431  |3 4 5 6 7  |3 4 5 7 8 
   0.000564537678063  3233442121  |1 4 5 6 8  |0 2 3 4 5 
  -0.000564536609106  2322443131  |0 2 3 4 5  |1 4 5 6 8 
  -0.000564490900867  1433242312  |1 4 5 6 9  |1 2 3 5 7 
  -0.000564173648390  2144433211  |0 2 3 4 7  |2 3 4 5 6 
  -0.000564167367662  3144422311  |2 3 4 5 6  |0 2 3 4 7 
  -0.000564154661842  4441311322  |0 1 2 8 9  |0 1 2 4 7 
  -0.000564136987818  4441211233  |0 1 2 4 7  |0 1 2 8 9 
  -0.000563945818104  4212311443  |0 1 3 7 8  |0 4 7 8 9 
  -0.000563945322149  4313211442  |0 4 7 8 9  |0 1 3 7 8 
  -0.000563939184087  3212434411  |1 3 4 6 7  |0 4 5 6 7 
   0.000563494687514  4123332214  |0 2 6 7 9  |0 3 4 5 9 
   0.000563245002562  4323314212  |0 2 6 7 9  |0 1 3 4 6 
  -0.000563244353783  4232214313  |0 1 3 4 6  |0 2 6 7 9 
   0.000563237599083  2232431341  |0 1 3 4 8  |2 4 5 7 8 
   0.000563182609023  1423143214  |1 2 5 7 9  |1 3 5 6 9 
  -0.000563181932261  1324141234  |2 3 5 7 9  |1 3 5 8 9 
  -0.000562329348604  2241431323  |0 1 2 4 8  |2 4 5 7 9 
  -0.000562324115484  4143323212  |0 2 5 7 9  |0 2 3 4 6 
  -0.000561899241470  3433223122  |1 4 5 8 9  |0 1 2 3 6 
  -0.000561646546076  4124213233  |0 2 3 4 7  |0 3 6 8 9 
   0.000561638352395  2421433231  |0 1 2 4 7  |1 4 5 6 8 
  -0.000561638235450  3431422321  |1 4 5 6 8  |0 1 2 4 7 
  -0.000561217029814  3133324222  |5 6 7 8 9  |0 2 3 4 6 
  -0.000561216935625  2122234333  |0 2 3 4 6  |5 6 7 8 9 
   0.000561214296528  3331322242  |5 6 7 8 9  |0 1 2 4 8 
   0.000561214174038  2221233343  |0 1 2 4 8  |5 6 7 8 9 
  -0.000559415709567  3122142334  |2 3 5 6 9  |0 5 7 8 9 
   0.000559403536553  1221343324  |1 2 5 8 9  |4 5 6 7 9 
  -0.000558800643440  3122224333  |2 3 4 5 6  |0 6 7 8 9 
   0.000558800551791  3331222243  |4 5 6 7 8  |0 1 2 8 9 
  -0.000558800408362  2133334222  |0 6 7 8 9  |2 3 4 5 6 
   0.000558800215382  2221333342  |0 1 2 8 9  |4 5 6 7 8 
   0.000557738976424  3214232233  |1 3 4 6 7  |0 3 5 8 9 
  -0.000557300349201  1332424411  |3 4 5 6 7  |1 2 4 6 7 
  -0.000557297854789  4233111442  |0 1 7 8 9  |0 2 3 7 8 
  -0.000556538178573  2423212333  |0 1 2 4 6  |1 3 7 8 9 
  -0.000556535660447  3432313222  |1 3 7 8 9  |0 1 2 4 6 
  -0.000556416008345  3324332221  |2 3 6 7 8  |0 1 3 4 5 
  -0.000556322119033  4221413143  |0 1 2 4 8  |0 4 6 8 9 
  -0.000556321816552  4331412142  |0 4 6 8 9  |0 1 2 4 8 
   0.000556321421217  4122434131  |0 2 3 4 6  |0 4 5 6 8 
   0.000556320131577  4133424121  |0 4 5 6 8  |0 2 3 4 6 
  -0.000555660541688  4124414131  |0 2 3 4 6  |0 3 4 6 8 
   0.000555619578789  4134414121  |0 3 4 6 8  |0 2 3 4 6 
  -0.000555614962652  2144134132  |0 2 3 6 9  |2 3 5 6 8 
   0.000555613565044  1441223143  |1 2 4 5 8  |1 2 6 8 9 
   0.000555606670621  1441332142  |1 2 6 8 9  |1 2 4 5 8 
   0.000555592560753  4431412141  |0 1 4 6 8  |0 1 2 4 8 
  -0.000555563369228  4421413141  |0 1 2 4 8  |0 1 4 6 8 
   0.000555350659433  4123412431  |0 2 4 6 7  |0 3 4 7 8 
   0.000555350252035  4132413421  |0 3 4 7 8  |0 2 4 6 7 
   0.000555331801707  4321413421  |0 2 4 7 8  |0 1 4 6 7 
   0.000555329511726  4231412431  |0 1 4 6 7  |0 2 4 7 8 
  -0.000555274715542  4134332221  |0 3 6 7 8  |0 2 3 4 5 
   0.000555274131700  4124223331  |0 2 3 4 5  |0 3 6 7 8 
   0.000555272103369  3431412223  |1 4 6 7 8  |0 1 2 4 9 
  -0.000554957968445  4234211413  |0 1 3 4 7  |0 2 3 7 9 
  -0.000554942217852  4324311412  |0 2 3 7 9  |0 1 3 4 7 
  -0.000554938169572  3423421411  |1 2 4 5 7  |0 1 3 4 7 
  -0.000554932973439  2432431411  |0 1 3 4 7  |1 2 4 5 7 
   0.000554800471334  4321421323  |0 2 4 5 8  |0 1 4 7 9 
  -0.000554799686450  4231431232  |0 1 4 7 9  |0 2 4 5 8 
   0.000553468726589  4143232213  |0 2 4 6 7  |0 2 3 5 9 
   0.000553460513637  3241421332  |1 2 4 5 9  |0 2 4 7 8 
  -0.000553460337891  2341431223  |0 2 4 7 8  |1 2 4 5 9 
  -0.000552585787675  1412342341  |1 3 5 6 8  |1 4 5 7 8 
  -0.000552584962871  1413243241  |1 4 5 7 8  |1 3 5 6 8 
   0.000552554280919  2431312243  |0 1 6 7 8  |1 2 4 8 9 
   0.000551464663225  3232322233  |1 3 5 6 7  |0 2 4 8 9 
  -0.000551462784205  2323233322  |0 2 4 8 9  |1 3 5 6 7 
  -0.000550765071871  4241213233  |0 1 2 4 7  |0 2 6 8 9 
   0.000550762814914  4341312322  |0 2 6 8 9  |0 1 2 4 7 
  -0.000550757634215  2142433231  |0 2 3 4 7  |2 4 5 6 8 
   0.000550757024669  3143422321  |2 4 5 6 8  |0 2 3 4 7 
   0.000550312189454  3224131432  |1 2 3 7 9  |0 3 5 7 8 
  -0.000550185362178  2413432231  |0 1 4 6 7  |1 3 4 5 8 
   0.000550184343419  3412423321  |1 3 4 5 8  |0 1 4 6 7 
  -0.000550170517504  4314213223  |0 3 4 7 8  |0 1 3 6 9 
   0.000550170497230  4214312332  |0 1 3 6 9  |0 3 4 7 8 
   0.000549922817789  1411443421  |1 4 5 7 8  |1 4 5 6 7 
   0.000549683211645  3423312232  |1 2 6 7 9  |0 1 3 4 8 
   0.000549680374986  2432213323  |0 1 3 4 8  |1 2 6 7 9 
   0.000549674734711  2234232331  |0 1 3 4 6  |2 3 5 7 8 
   0.000549673284223  3324323221  |2 3 5 7 8  |0 1 3 4 6 
   0.000548919430387  4411312423  |0 1 6 7 8  |0 1 4 7 9 
   0.000548918823615  4411213432  |0 1 4 7 9  |0 1 6 7 8 
   0.000548453161080  4323212413  |0 2 4 6 7  |0 1 3 7 9 
  -0.000548451386943  4232313412  |0 1 3 7 9  |0 2 4 6 7 
  -0.000548441119952  3232421431  |1 3 4 5 7  |0 2 4 7 8 
   0.000548438317926  2323431421  |0 2 4 7 8  |1 3 4 5 7 
   0.000546943321165  1442321332  |1 2 3 5 9  |1 2 4 7 8 
   0.000546943050533  2344132213  |0 2 3 6 7  |1 2 3 5 9 
  -0.000546941254886  1443231223  |1 2 4 7 8  |1 2 3 5 9 
   0.000546802425937  3424341121  |1 2 3 5 8  |0 1 3 4 5 
  -0.000546795822321  3424312114  |1 2 3 6 9  |0 1 3 4 9 
  -0.000546795070410  2434213114  |0 1 3 4 9  |1 2 3 6 9 
   0.000546425836028  3143414221  |2 4 6 7 8  |0 2 3 4 6 
   0.000546425545598  4341312241  |0 2 6 7 8  |0 1 2 4 8 
   0.000546425390255  4241213341  |0 1 2 4 8  |0 2 6 7 8 
  -0.000545992327925  4124313232  |0 2 3 7 9  |0 3 4 6 8 
   0.000545991582013  4134212323  |0 3 4 6 8  |0 2 3 7 9 
   0.000545985665838  3421423231  |1 2 4 5 7  |0 1 4 6 8 
  -0.000545985521007  2431432321  |0 1 4 6 8  |1 2 4 5 7 
  -0.000545488277160  2323314232  |0 2 6 7 9  |1 3 4 6 8 
  -0.000545485874032  3232214323  |1 3 4 6 8  |0 2 6 7 9 
   0.000545468372947  3323223241  |2 4 5 7 8  |0 1 3 6 8 
  -0.000545372561953  2332233232  |0 3 4 7 9  |1 2 5 6 8 
   0.000545314319863  3341123224  |2 5 7 8 9  |0 1 2 6 9 
  -0.000544988571420  3421312243  |1 2 6 7 8  |0 1 4 8 9 
   0.000544986778863  2431213342  |0 1 4 8 9  |1 2 6 7 8 
   0.000544273222352  4233422131  |0 1 4 5 6  |0 2 3 4 8 
  -0.000544261196349  4332413122  |0 3 4 8 9  |0 1 2 4 6 
  -0.000543580359889  4314312232  |0 3 6 7 9  |0 1 3 4 8 
   0.000543579709744  4214213323  |0 1 3 4 8  |0 3 6 7 9 
   0.000543573575324  2412432331  |0 1 3 4 6  |1 4 5 7 8 
  -0.000543571307173  3413423221  |1 4 5 7 8  |0 1 3 4 6 
   0.000543569718007  4314311422  |0 3 7 8 9  |0 1 3 4 7 
   0.000543568571523  4214211433  |0 1 3 4 7  |0 3 7 8 9 
  -0.000543568041974  3413422411  |1 4 5 6 7  |0 1 3 4 7 
  -0.000543567427464  2412433411  |0 1 3 4 7  |1 4 5 6 7 
  -0.000542547783941  1433423212  |1 4 5 7 9  |1 2 3 4 6 
   0.000542547435400  1422432313  |1 2 3 4 6  |1 4 5 7 9 
  -0.000542546427682  4334121232  |0 3 5 7 9  |0 1 2 3 8 
  -0.000542156630769  4341312232  |0 2 6 7 9  |0 1 2 4 8 
   0.000542153668944  4241213323  |0 1 2 4 8  |0 2 6 7 9 
   0.000542146087107  2142432331  |0 2 3 4 6  |2 4 5 7 8 
  -0.000542145958700  3143423221  |2 4 5 7 8  |0 2 3 4 6 
  -0.000542023654720  3422312233  |1 2 3 6 7  |0 1 4 8 9 
   0.000541815081389  1432341421  |1 3 5 7 8  |1 2 4 5 7 
   0.000541812393297  1423241431  |1 2 4 5 7  |1 3 5 7 8 
  -0.000541809051367  2324113414  |0 2 3 7 9  |1 3 6 7 9 
  -0.000541807606507  3234112414  |1 3 6 7 9  |0 2 3 7 9 
   0.000541783258409  3232141414  |1 3 5 7 9  |0 2 5 7 9 
  -0.000541662633276  1143244231  |2 4 5 6 7  |2 3 5 6 8 
  -0.000541661055223  3241112344  |1 2 6 8 9  |0 2 7 8 9 
   0.000541641752806  3442411123  |1 2 3 4 8  |0 1 2 4 9 
   0.000541641498035  2443411132  |0 1 2 4 9  |1 2 3 4 8 
  -0.000541634447625  1434322312  |1 3 5 6 9  |1 2 3 4 7 
  -0.000541631294183  4344223111  |0 2 3 4 5  |0 1 2 3 6 
   0.000541629469827  1424233213  |1 2 3 4 7  |1 3 5 6 9 
  -0.000541618962188  3434121322  |1 3 5 8 9  |0 1 2 3 7 
   0.000541010011115  2343141214  |0 2 5 7 9  |1 2 3 5 9 
  -0.000541008552039  1242341314  |1 2 3 5 9  |2 4 5 7 9 
   0.000541007093820  3242141314  |1 2 3 5 9  |0 2 5 7 9 
  -0.000541006529463  1343241214  |2 4 5 7 9  |1 2 3 5 9 
  -0.000540956585392  3321323242  |2 5 7 8 9  |0 1 4 6 8 
   0.000540954304720  3123324232  |2 5 6 7 9  |0 3 4 6 8 
  -0.000540525900621  2132234332  |0 3 4 6 9  |2 5 6 7 8 
  -0.000539646701244  4423312213  |0 1 2 6 7  |0 1 3 4 9 
   0.000539645758092  2234421331  |0 1 3 4 5  |2 3 4 7 8 
   0.000539645684444  4432213312  |0 1 3 4 9  |0 1 2 6 7 
   0.000539164187064  2131234342  |0 4 6 8 9  |2 5 6 7 8 
   0.000539155183055  1243432321  |1 2 4 6 8  |2 3 4 5 7 
  -0.000539154195092  1342423231  |2 3 4 5 7  |1 2 4 6 8 
   0.000539154101080  4342112323  |0 2 3 6 8  |0 1 2 7 9 
  -0.000539154017101  4243113232  |0 1 2 7 9  |0 2 3 6 8 
  -0.000538845622777  4124414311  |0 2 3 4 6  |0 3 4 6 7 
  -0.000538830413918  4431411241  |0 1 4 7 8  |0 1 2 4 8 
  -0.000538775900062  2431323142  |0 1 5 8 9  |1 2 4 6 8 
   0.000538770257265  2124334123  |0 2 3 6 8  |3 4 5 6 9 
   0.000538749162657  4134414211  |0 3 4 6 7  |0 2 3 4 6 
   0.000538737580754  4421411341  |0 1 2 4 8  |0 1 4 7 8 
   0.000538111651119  1412343214  |1 3 5 7 9  |1 4 5 6 9 
   0.000538109763924  2314141324  |0 3 5 8 9  |1 3 5 7 9 
  -0.000538007139511  2324332411  |0 2 3 6 7  |1 3 4 5 7 
   0.000538005863525  3234223411  |1 3 4 5 7  |0 2 3 6 7 
  -0.000538004552260  3423211423  |1 2 4 7 8  |0 1 3 7 9 
  -0.000537993195479  2233432312  |0 1 4 6 9  |2 3 4 5 7 
  -0.000537991869564  3322423213  |2 3 4 5 7  |0 1 4 6 9 
   0.000537991532185  4332221323  |0 3 4 5 8  |0 1 2 7 9 
   0.000537976849002  3222433213  |1 2 3 4 7  |0 4 5 6 9 
  -0.000537531500265  4431211324  |0 1 4 8 9  |0 1 2 7 9 
  -0.000537531405133  4421311234  |0 1 2 7 9  |0 1 4 8 9 
   0.000537529158676  2134442311  |0 3 4 5 6  |2 3 4 5 7 
   0.000537528147110  3124443211  |2 3 4 5 7  |0 3 4 5 6 
  -0.000537347093502  3242113144  |1 2 3 8 9  |0 2 6 8 9 
  -0.000537344747913  2321322343  |0 2 5 6 8  |1 4 7 8 9 
   0.000536875577083  1233342412  |1 5 6 7 9  |2 3 4 5 7 
  -0.000536651518630  3433212322  |1 4 6 8 9  |0 1 2 3 7 
  -0.000536645685024  3224233231  |1 2 3 4 7  |0 3 5 6 8 
  -0.000536323597249  1333242142  |4 5 6 8 9  |1 2 3 5 8 
   0.000536298758174  3213222433  |1 4 5 6 7  |0 3 7 8 9 
   0.000535729835552  2441211343  |0 1 2 4 8  |1 2 7 8 9 
   0.000535729277099  3441311242  |1 2 7 8 9  |0 1 2 4 8 
  -0.000535723521655  3144324211  |2 3 5 6 7  |0 2 3 4 6 
  -0.000535721997970  2144234311  |0 2 3 4 6  |2 3 5 6 7 
  -0.000535710214083  3414442111  |1 3 4 5 6  |0 1 3 4 5 
   0.000535580122149  3432223123  |1 3 4 5 8  |0 1 2 6 9 
   0.000535568816283  3324223123  |2 3 4 5 8  |0 1 3 6 9 
   0.000534831518355  4242331114  |0 1 2 3 9  |0 2 4 5 9 
   0.000534829147655  4343221114  |0 2 4 5 9  |0 1 2 3 9 
   0.000534823509826  2343441112  |0 2 4 5 9  |1 2 3 4 5 
   0.000534819245646  3242441113  |1 2 3 4 5  |0 2 4 5 9 
   0.000534405247234  3113342422  |5 6 7 8 9  |0 3 4 5 7 
  -0.000534402236294  3311322424  |5 6 7 8 9  |0 1 4 7 9 
   0.000534343425949  2441311342  |0 1 2 8 9  |1 2 4 7 8 
   0.000534343172109  3441211243  |1 2 4 7 8  |0 1 2 8 9 
  -0.000534339809284  3144224311  |2 3 4 5 6  |0 2 3 6 7 
   0.000534169316993  2334221413  |0 3 4 5 7  |1 2 3 7 9 
  -0.000534163917451  3224331412  |1 2 3 7 9  |0 3 4 5 7 
   0.000534162152254  3422321413  |1 2 3 5 7  |0 1 4 7 9 
  -0.000534160094664  2433231412  |0 1 4 7 9  |1 2 3 5 7 
   0.000533260579412  3311222434  |4 5 6 7 9  |0 1 7 8 9 
  -0.000532612642212  4414112413  |0 1 3 6 7  |0 1 3 7 9 
   0.000531664961985  4333211242  |0 4 7 8 9  |0 1 2 3 8 
  -0.000531554963390  3223231414  |1 2 4 7 9  |0 3 5 7 9 
   0.000531519517801  4321331224  |0 2 7 8 9  |0 1 4 5 9 
  -0.000531186839212  3132324232  |3 5 6 7 9  |0 2 4 6 8 
  -0.000531186738812  2123234323  |0 2 4 6 8  |3 5 6 7 9 
   0.000531179658753  3231323242  |1 5 7 8 9  |0 2 4 6 8 
   0.000531179559606  2321232343  |0 2 4 6 8  |1 5 7 8 9 
  -0.000530513861599  3222314233  |1 2 3 6 7  |0 4 6 8 9 
   0.000530251597476  3411441232  |1 4 5 7 9  |0 1 4 5 8 
   0.000530247419756  4114323214  |0 3 5 7 9  |0 3 4 6 9 
   0.000529983688186  4223213413  |0 1 2 4 7  |0 3 6 7 9 
  -0.000529982615360  4332312412  |0 3 6 7 9  |0 1 2 4 7 
  -0.000529972691402  3233421421  |1 4 5 7 8  |0 2 3 4 7 
   0.000529970068027  2322431431  |0 2 3 4 7  |1 4 5 7 8 
  -0.000529854392026  3123224323  |2 4 5 6 8  |0 3 6 7 9 
  -0.000529854232335  2132334232  |0 3 6 7 9  |2 4 5 6 8 
   0.000529850584867  3231223243  |1 4 5 7 8  |0 2 6 8 9 
   0.000529850312268  2321332342  |0 2 6 8 9  |1 4 5 7 8 
  -0.000529753667783  1432423213  |1 3 4 5 7  |1 2 4 6 9 
   0.000529753492937  4324121323  |0 2 3 5 8  |0 1 3 7 9 
  -0.000529752668384  4234131232  |0 1 3 7 9  |0 2 3 5 8 
   0.000529752301490  1423432312  |1 2 4 6 9  |1 3 4 5 7 
   0.000529255559966  4314211423  |0 3 4 7 8  |0 1 3 7 9 
   0.000529253896545  4214311432  |0 1 3 7 9  |0 3 4 7 8 
  -0.000529248543441  2413432411  |0 1 4 6 7  |1 3 4 5 7 
  -0.000529248114390  3412423411  |1 3 4 5 7  |0 1 4 6 7 
   0.000529207127517  2321414431  |0 2 4 6 7  |1 4 6 7 8 
   0.000528687441370  2423313232  |0 1 2 7 9  |1 3 4 6 8 
   0.000528684598241  3432212323  |1 3 4 6 8  |0 1 2 7 9 
   0.000528683329881  2234332321  |0 1 3 6 8  |2 3 4 5 7 
   0.000528679737301  3324223231  |2 3 4 5 7  |0 1 3 6 8 
  -0.000528455708078  1322341414  |2 3 5 7 9  |1 4 5 7 9 
  -0.000528453065248  3223141414  |1 2 5 7 9  |0 3 5 7 9 
   0.000528267105177  3431422123  |1 4 5 6 8  |0 1 2 4 9 
  -0.000528265968109  2421433132  |0 1 2 4 9  |1 4 5 6 8 
  -0.000526934138708  2433312232  |0 1 6 7 9  |1 2 3 4 8 
  -0.000526931514041  3422213323  |1 2 3 4 8  |0 1 6 7 9 
  -0.000526929785599  3334223221  |3 4 5 7 8  |0 1 2 3 6 
  -0.000526268421148  4332221332  |0 3 4 5 9  |0 1 2 7 8 
   0.000526267043063  2233423312  |0 1 4 5 9  |2 3 4 6 7 
   0.000526198269403  2413312432  |0 1 6 7 9  |1 3 4 7 8 
  -0.000526195298178  3412213423  |1 3 4 7 8  |0 1 6 7 9 
   0.000526167988755  4323312142  |0 2 6 8 9  |0 1 3 4 8 
  -0.000526165456993  4232213143  |0 1 3 4 8  |0 2 6 8 9 
   0.000526165037988  3323424121  |2 4 5 6 8  |0 1 3 4 6 
  -0.000526164496080  2232434131  |0 1 3 4 6  |2 4 5 6 8 
   0.000525967601646  4322213431  |0 2 3 4 7  |0 1 6 7 8 
   0.000525965235479  3332412421  |3 4 6 7 8  |0 1 2 4 7 
   0.000525826673023  4134323221  |0 3 5 7 8  |0 2 3 4 6 
   0.000525820391463  2421413323  |0 1 2 4 8  |1 4 6 7 9 
  -0.000525819636179  3431412232  |1 4 6 7 9  |0 1 2 4 8 
   0.000525669871054  3412321414  |1 3 5 7 9  |0 1 4 7 9 
   0.000525667464151  2413231414  |0 1 4 7 9  |1 3 5 7 9 
   0.000525659647417  2314241413  |0 3 4 5 7  |1 3 5 7 9 
   0.000525652813282  3214341412  |1 3 5 7 9  |0 3 4 5 7 
   0.000525621265179  4244131213  |0 1 2 3 7  |0 2 3 5 9 
  -0.000525548405088  3233222233  |1 4 5 6 7  |0 2 3 8 9 
  -0.000525424331143  1233444112  |1 4 5 6 9  |2 3 4 5 6 
  -0.000525422984968  1322444113  |2 3 4 5 6  |1 4 5 6 9 
  -0.000525415561644  4223131144  |0 1 2 8 9  |0 3 5 8 9 
   0.000524049471002  4212431413  |0 1 3 4 7  |0 4 5 7 9 
   0.000524049436390  4313421412  |0 4 5 7 9  |0 1 3 4 7 
   0.000523696624436  4242113323  |0 1 2 3 8  |0 2 6 7 9 
  -0.000523696598345  4343112232  |0 2 6 7 9  |0 1 2 3 8 
   0.000523696348834  1242432331  |1 2 3 4 6  |2 4 5 7 8 
  -0.000523695285086  1343423221  |2 4 5 7 8  |1 2 3 4 6 
   0.000521609051926  4422211333  |0 1 2 3 4  |0 1 7 8 9 
  -0.000521598276232  3334422211  |3 4 5 6 7  |0 1 2 3 4 
  -0.000521575202742  4433311222  |0 1 7 8 9  |0 1 2 3 4 
   0.000521574750818  2224433311  |0 1 2 3 4  |3 4 5 6 7 
   0.000521565653205  4144112413  |0 2 3 6 7  |0 2 3 7 9 
   0.000521565339252  1441431421  |1 2 4 7 8  |1 2 4 5 7 
  -0.000521564874828  1441421431  |1 2 4 5 7  |1 2 4 7 8 
  -0.000521171814410  4221331243  |0 1 2 7 8  |0 4 5 8 9 
   0.000521169863573  4331221342  |0 4 5 8 9  |0 1 2 7 8 
   0.000520960253655  3441112234  |1 2 6 7 9  |0 1 2 8 9 
  -0.000520960210479  1144242331  |2 3 4 5 6  |2 3 5 7 8 
   0.000520959243301  2441113324  |0 1 2 8 9  |1 2 6 7 9 
  -0.000520790815635  4441311214  |0 1 2 7 9  |0 1 2 4 9 
   0.000520789654000  4441211314  |0 1 2 4 9  |0 1 2 7 9 
  -0.000520784007434  2233443121  |0 1 4 5 8  |2 3 4 5 6 
   0.000520783245978  3322442131  |2 3 4 5 6  |0 1 4 5 8 
   0.000520776316719  4332212134  |0 3 4 6 9  |0 1 2 8 9 
   0.000520774491682  2144441311  |0 2 3 4 5  |2 3 4 5 7 
  -0.000520774452627  3144441211  |2 3 4 5 7  |0 2 3 4 5 
   0.000520730702876  1441141342  |1 2 5 8 9  |1 2 5 7 8 
  -0.000520730600799  1441141243  |1 2 5 7 8  |1 2 5 8 9 
  -0.000520653957114  2423313223  |0 1 2 7 8  |1 3 4 6 9 
  -0.000520651808419  3432212332  |1 3 4 6 9  |0 1 2 7 8 
  -0.000520598937859  3211233442  |1 4 7 8 9  |0 5 6 7 8 
  -0.000520503859774  3244132213  |1 2 3 6 7  |0 2 3 5 9 
  -0.000520499925527  1443221332  |1 2 4 5 9  |1 2 3 7 8 
   0.000519905914556  3222131344  |1 2 3 8 9  |0 5 7 8 9 
   0.000519428743048  4243332112  |0 1 2 6 9  |0 2 3 4 5 
  -0.000519427975318  4342223113  |0 2 3 4 5  |0 1 2 6 9 
  -0.000519423446266  2243431132  |0 1 2 4 9  |2 3 4 5 8 
   0.000519250085496  3424341211  |1 2 3 5 7  |0 1 3 4 5 
   0.000519202083977  3214141423  |1 3 5 7 8  |0 3 5 7 9 
   0.000519197101385  1421431432  |1 2 4 7 9  |1 4 5 7 8 
   0.000518951686206  4122313441  |0 2 3 7 8  |0 4 6 7 8 
   0.000517703644287  4413231412  |0 1 4 7 9  |0 1 3 5 7 
   0.000516520060584  1432132414  |1 3 6 7 9  |1 2 5 7 9 
  -0.000516517382715  1234141423  |1 3 5 7 8  |2 3 5 7 9 
   0.000515477221460  4114232332  |0 3 4 6 9  |0 3 5 7 8 
   0.000515440426775  2324341132  |0 2 3 5 9  |1 3 4 5 8 
  -0.000515437767206  2432332114  |0 1 3 6 9  |1 2 4 5 9 
   0.000515436873199  3423223114  |1 2 4 5 9  |0 1 3 6 9 
  -0.000514153923122  4414132114  |0 1 3 6 9  |0 1 3 5 9 
  -0.000514138553110  1222134334  |1 2 3 6 9  |5 6 7 8 9 
   0.000514138450226  1333124224  |5 6 7 8 9  |1 2 3 6 9 
  -0.000514134431491  1233134224  |1 6 7 8 9  |2 3 5 6 9 
   0.000514134243298  1322124334  |2 3 5 6 9  |1 6 7 8 9 
  -0.000514134169506  1332142243  |3 5 6 7 8  |1 2 5 8 9 
   0.000514129918482  1333142242  |5 6 7 8 9  |1 2 3 5 8 
   0.000513950301333  2431114144  |0 1 6 8 9  |1 2 6 8 9 
  -0.000513949793428  3421114144  |1 2 6 8 9  |0 1 6 8 9 
   0.000513708197583  4321231243  |0 2 4 7 8  |0 1 5 8 9 
   0.000513526161955  4414131223  |0 1 3 7 8  |0 1 3 5 9 
  -0.000512483109584  1424123134  |1 2 3 5 9  |1 3 6 8 9 
  -0.000511558335827  2314114423  |0 3 6 7 8  |1 3 6 7 9 
   0.000511555012709  1413232441  |1 4 6 7 8  |1 3 5 7 8 
   0.000511379882478  1443322114  |1 2 5 6 9  |1 2 3 4 9 
   0.000511244103233  1443132214  |1 2 6 7 9  |1 2 3 5 9 
   0.000510093188873  4212331423  |0 1 3 7 8  |0 4 5 7 9 
  -0.000510090579529  4313221432  |0 4 5 7 9  |0 1 3 7 8 
   0.000510060409055  3212432413  |1 3 4 6 7  |0 4 5 7 9 
  -0.000510056481655  4224213313  |0 1 2 3 4  |0 3 6 7 9 
   0.000510051236085  3433421221  |1 4 5 7 8  |0 1 2 3 4 
  -0.000510039187128  2422431331  |0 1 2 3 4  |1 4 5 7 8 
   0.000510024651244  4334312212  |0 3 6 7 9  |0 1 2 3 4 
   0.000509580968592  1441431223  |1 2 4 7 8  |1 2 4 5 9 
   0.000509252235899  2442121333  |0 1 2 3 5  |1 2 7 8 9 
   0.000508751868415  2432132134  |0 1 3 6 9  |1 2 5 8 9 
  -0.000508749560442  3423123124  |1 2 5 8 9  |0 1 3 6 9 
   0.000508747899670  1324342132  |2 3 5 6 9  |1 3 4 5 8 
  -0.000508743731884  1234243123  |1 3 4 5 8  |2 3 5 6 9 
  -0.000508400376658  3411441223  |1 4 5 7 8  |0 1 4 5 9 
   0.000508339894108  1421433223  |1 2 4 7 8  |1 4 5 6 9 
   0.000508332815743  4134123322  |0 3 5 8 9  |0 2 3 6 7 
  -0.000508287724733  3133224223  |4 5 6 7 8  |0 2 3 6 9 
  -0.000508287490855  2122334332  |0 2 3 6 9  |4 5 6 7 8 
   0.000508283096464  3221223343  |1 2 4 5 8  |0 6 7 8 9 
   0.000508282800962  2331332242  |0 6 7 8 9  |1 2 4 5 8 
   0.000507904848718  3233232241  |1 4 6 7 8  |0 2 3 5 8 
   0.000507635186427  2124343123  |0 2 3 5 8  |3 4 5 6 9 
  -0.000506665191975  2312233432  |0 3 4 7 9  |1 5 6 7 8 
  -0.000506541626963  2344341121  |0 2 3 5 8  |1 2 3 4 5 
  -0.000506536202501  3244241131  |1 2 3 4 5  |0 2 3 5 8 
   0.000506527325722  2442313114  |0 1 2 3 9  |1 2 4 6 9 
   0.000506524546965  3443212114  |1 2 4 6 9  |0 1 2 3 9 
  -0.000506112977550  2341114234  |0 2 6 7 9  |1 2 6 8 9 
  -0.000505804760858  3334221412  |3 4 5 7 9  |0 1 2 3 7 
  -0.000505796866931  3422231413  |1 2 3 4 7  |0 1 5 7 9 
   0.000505053221538  3213214414  |1 4 6 7 9  |0 3 6 7 9 
   0.000505045479109  2312341441  |0 3 5 7 8  |1 4 5 7 8 
   0.000504741542082  1231343224  |1 5 7 8 9  |2 4 5 6 9 
   0.000504653200206  4432311241  |0 1 3 7 8  |0 1 2 4 8 
   0.000504641965226  4423211341  |0 1 2 4 8  |0 1 3 7 8 
   0.000504612161664  2324414311  |0 2 3 4 6  |1 3 4 6 7 
   0.000504601431519  3234414211  |1 3 4 6 7  |0 2 3 4 6 
  -0.000503281858649  2432314123  |0 1 3 6 8  |1 2 4 6 9 
   0.000503280544697  3423214132  |1 2 4 6 9  |0 1 3 6 8 
  -0.000503275465510  3234232141  |1 3 4 6 8  |0 2 3 5 8 
  -0.000503256573948  4124232133  |0 2 3 4 6  |0 3 5 8 9 
   0.000503256219657  4134323122  |0 3 5 8 9  |0 2 3 4 6 
  -0.000503249287664  3431422132  |1 4 5 6 9  |0 1 2 4 8 
   0.000503249137401  2421433123  |0 1 2 4 8  |1 4 5 6 9 
  -0.000502567951081  1212244333  |1 3 4 5 6  |5 6 7 8 9 
   0.000502567788429  1313344222  |5 6 7 8 9  |1 3 4 5 6 
  -0.000502567510188  3313122244  |5 6 7 8 9  |0 1 3 8 9 
   0.000502567341027  2212133344  |0 1 3 8 9  |5 6 7 8 9 
  -0.000501728180354  1421431423  |1 2 4 7 8  |1 4 5 7 9 
  -0.000501565405513  4241411413  |0 1 2 4 7  |0 2 4 7 9 
   0.000501564106549  4341411412  |0 2 4 7 9  |0 1 2 4 7 
  -0.000501559906636  4143421411  |0 2 4 5 7  |0 2 3 4 7 
  -0.000501320051561  2434322113  |0 1 3 5 6  |1 2 3 4 9 
   0.000501317584695  3424233112  |1 2 3 4 9  |0 1 3 5 6 
   0.000501315316909  2424321133  |0 1 2 3 5  |1 3 4 8 9 
   0.000501308275286  2434411213  |0 1 3 4 7  |1 2 3 4 9 
   0.000501307742166  3424411312  |1 2 3 4 9  |0 1 3 4 7 
   0.000501295791364  4424321311  |0 1 2 3 5  |0 1 3 4 7 
   0.000501295215207  4434231211  |0 1 3 4 7  |0 1 2 3 5 
   0.000500064557940  2244321313  |0 1 2 3 5  |2 3 4 7 9 
  -0.000500061925005  3344231212  |2 3 4 7 9  |0 1 2 3 5 
  -0.000500049002750  2443321213  |0 1 2 5 7  |1 2 3 4 9 
   0.000500046563692  3442231312  |1 2 3 4 9  |0 1 2 5 7 
   0.000499843416219  2334324112  |0 3 5 6 9  |1 2 3 4 6 
  -0.000499841658640  3224234113  |1 2 3 4 6  |0 3 5 6 9 
   0.000499827384262  2422331143  |0 1 2 3 8  |1 4 5 8 9 
  -0.000499825894752  3433221142  |1 4 5 8 9  |0 1 2 3 8 
  -0.000499590101071  1422434131  |1 2 3 4 6  |1 4 5 6 8 
  -0.000499589994522  1433424121  |1 4 5 6 8  |1 2 3 4 6 
   0.000499583442089  4334112142  |0 3 6 8 9  |0 1 2 3 8 
   0.000499583243255  4224113143  |0 1 2 3 8  |0 3 6 8 9 
  -0.000499386214006  1144324123  |2 3 5 6 8  |2 3 4 6 9 
  -0.000499385254974  1144234132  |2 3 4 6 9  |2 3 5 6 8 
  -0.000498479147886  4231432321  |0 1 4 6 8  |0 2 4 5 7 
   0.000498234219967  2332241233  |0 3 4 5 7  |1 2 5 8 9 
  -0.000498232831078  3322322314  |2 3 5 6 9  |0 1 4 7 9 
   0.000498232216027  3223341322  |1 2 5 8 9  |0 3 4 5 7 
  -0.000498231371109  2233233214  |0 1 4 7 9  |2 3 5 6 9 
  -0.000498212254608  2332441213  |0 3 4 5 7  |1 2 4 5 9 
  -0.000498197562089  4322321314  |0 2 3 5 9  |0 1 4 7 9 
   0.000498196430525  4233231214  |0 1 4 7 9  |0 2 3 5 9 
   0.000498155489422  3244321312  |1 2 3 5 9  |0 2 3 4 7 
  -0.000498149458133  2344231213  |0 2 3 4 7  |1 2 3 5 9 
  -0.000498141343958  2443231213  |0 1 2 4 7  |1 2 3 5 9 
   0.000498136751084  3442321312  |1 2 3 5 9  |0 1 2 4 7 
  -0.000497977955478  4143223213  |0 2 4 5 7  |0 2 3 6 9 
   0.000497977446599  4142332312  |0 2 3 6 9  |0 2 4 5 7 
  -0.000497977033624  3241421323  |1 2 4 5 8  |0 2 4 7 9 
   0.000497976000505  2341431232  |0 2 4 7 9  |1 2 4 5 8 
  -0.000497568418782  4342312231  |0 2 3 6 7  |0 1 2 4 8 
   0.000497565604673  4243213321  |0 1 2 4 8  |0 2 3 6 7 
   0.000497565277122  2342412331  |0 2 3 4 6  |1 2 4 7 8 
  -0.000497562626071  3243413221  |1 2 4 7 8  |0 2 3 4 6 
   0.000496945195758  2331233242  |0 4 7 8 9  |1 2 5 6 8 
  -0.000496490770404  3122324332  |2 3 5 6 9  |0 4 6 7 8 
  -0.000496490554398  2133234223  |0 4 6 7 8  |2 3 5 6 9 
   0.000496482159901  3221323342  |1 2 5 8 9  |0 4 6 7 8 
   0.000496482062071  2331232243  |0 4 6 7 8  |1 2 5 8 9 
   0.000496136527817  1223443132  |1 2 4 5 9  |3 4 5 6 8 
  -0.000496051992784  1443231412  |1 2 4 7 9  |1 2 3 5 7 
  -0.000495337561294  1322343142  |2 3 5 8 9  |1 4 5 6 8 
   0.000494789554842  4241313223  |0 1 2 7 8  |0 2 4 6 9 
  -0.000494788352448  4341212332  |0 2 4 6 9  |0 1 2 7 8 
  -0.000494781592884  2143423321  |0 2 4 5 8  |2 3 4 6 7 
   0.000494781591951  3142432231  |2 3 4 6 7  |0 2 4 5 8 
  -0.000494765007514  3123142324  |2 5 6 8 9  |0 3 5 7 9 
   0.000494764845480  2132143234  |0 3 5 7 9  |2 5 6 8 9 
   0.000494761050923  1321342324  |2 5 6 8 9  |1 4 5 7 9 
  -0.000493997386424  3332332222  |3 6 7 8 9  |0 1 2 4 5 
  -0.000493977494147  2322233332  |0 2 3 4 9  |1 5 6 7 8 
  -0.000493782964377  3243131242  |1 2 7 8 9  |0 2 3 5 8 
   0.000491140166553  4124323321  |0 2 3 5 8  |0 3 4 6 7 
  -0.000491139773013  4134232231  |0 3 4 6 7  |0 2 3 5 8 
   0.000491136949722  2431413223  |0 1 4 7 8  |1 2 4 6 9 
  -0.000491136322531  3421412332  |1 2 4 6 9  |0 1 4 7 8 
  -0.000491081740149  4341411241  |0 2 4 7 8  |0 1 2 4 8 
   0.000491054862048  4241411341  |0 1 2 4 8  |0 2 4 7 8 
   0.000491020987901  4142414311  |0 2 3 4 6  |0 2 4 6 7 
  -0.000490979725985  4143414211  |0 2 4 6 7  |0 2 3 4 6 
  -0.000490961194381  2124243313  |0 2 3 4 5  |3 5 6 7 9 
   0.000490960742072  3134342212  |3 5 6 7 9  |0 2 3 4 5 
   0.000490956667507  3431321224  |1 5 7 8 9  |0 1 2 4 9 
  -0.000490956397698  2421231334  |0 1 2 4 9  |1 5 7 8 9 
  -0.000490832051617  2443331212  |0 1 2 7 9  |1 2 3 4 5 
   0.000490832047130  2244331312  |0 1 2 3 9  |2 3 4 5 7 
   0.000490827619537  3442221313  |1 2 3 4 5  |0 1 2 7 9 
  -0.000490825533577  3344221213  |2 3 4 5 7  |0 1 2 3 9 
   0.000489770367462  2332441141  |0 3 4 5 8  |1 2 4 5 8 
   0.000489769968304  3223441141  |1 2 4 5 8  |0 3 4 5 8 
   0.000489766088036  4233214114  |0 1 4 6 9  |0 2 3 6 9 
   0.000489765944379  4322314114  |0 2 3 6 9  |0 1 4 6 9 
   0.000489684718806  3231322243  |1 5 6 7 8  |0 2 4 8 9 
   0.000489636026648  4232423131  |0 1 3 4 5  |0 2 4 6 8 
   0.000489635098287  4323412123  |0 2 4 6 8  |0 1 3 4 9 
  -0.000489633123332  4323432121  |0 2 4 6 8  |0 1 3 4 5 
  -0.000489632323631  4232413132  |0 1 3 4 9  |0 2 4 6 8 
   0.000489383079237  3143224312  |2 4 5 6 9  |0 2 3 6 7 
  -0.000488452775523  1124243332  |2 3 4 5 9  |3 5 6 7 8 
   0.000488417455881  4312421413  |0 3 4 5 7  |0 1 4 7 9 
   0.000488416379765  4213431412  |0 1 4 7 9  |0 3 4 5 7 
   0.000488059783011  3222322333  |1 2 3 5 6  |0 4 7 8 9 
  -0.000488058246224  2333233222  |0 4 7 8 9  |1 2 3 5 6 
  -0.000487631975496  2213133244  |0 1 7 8 9  |3 5 6 8 9 
   0.000487631958633  3312122344  |3 5 6 8 9  |0 1 7 8 9 
  -0.000487449000383  3212314414  |1 3 6 7 9  |0 4 6 7 9 
  -0.000487448482063  2313214414  |0 4 6 7 9  |1 3 6 7 9 
  -0.000487442925654  3212341441  |1 3 5 7 8  |0 4 5 7 8 
  -0.000487268956648  2432233114  |0 1 3 4 9  |1 2 5 6 9 
  -0.000486928614800  1434421213  |1 3 4 5 7  |1 2 3 4 9 
   0.000486263150887  1132242433  |3 4 5 6 7  |2 5 7 8 9 
   0.000486186292736  4241312332  |0 1 2 6 9  |0 2 4 7 8 
  -0.000486180964942  4341213223  |0 2 4 7 8  |0 1 2 6 9 
  -0.000486167516624  2143432231  |0 2 4 6 7  |2 3 4 5 8 
   0.000486166216503  3142423321  |2 3 4 5 8  |0 2 4 6 7 
   0.000486075062132  3434112223  |1 3 6 7 8  |0 1 2 3 9 
  -0.000486074768405  2424113332  |0 1 2 3 9  |1 3 6 7 8 
   0.000486071918712  1424223331  |1 2 3 4 5  |1 3 6 7 8 
  -0.000486071481285  1434332221  |1 3 6 7 8  |1 2 3 4 5 
  -0.000485985621667  1312224433  |3 4 5 6 7  |1 6 7 8 9 
  -0.000485978330970  2213133442  |0 1 7 8 9  |3 5 6 7 8 
   0.000484079610672  4341212341  |0 2 4 6 8  |0 1 2 7 8 
   0.000484079570794  4241313241  |0 1 2 7 8  |0 2 4 6 8 
   0.000484079449231  3142414231  |2 3 4 6 7  |0 2 4 6 8 
   0.000484077980251  3421411423  |1 2 4 7 8  |0 1 4 7 9 
   0.000484077575075  2143414321  |0 2 4 6 8  |2 3 4 6 7 
   0.000483897838112  2322341314  |0 2 3 5 9  |1 4 5 7 9 
   0.000483896102525  2332341214  |0 3 5 7 9  |1 2 4 5 9 
  -0.000483895090755  3223241314  |1 2 4 5 9  |0 3 5 7 9 
   0.000483882649357  3222414313  |1 2 3 4 6  |0 4 6 7 9 
  -0.000483882152216  2333414212  |0 4 6 7 9  |1 2 3 4 6 
  -0.000483879119955  4222331341  |0 1 2 3 8  |0 4 5 7 8 
   0.000483879088415  4333221241  |0 4 5 7 8  |0 1 2 3 8 
  -0.000483553156820  1332244114  |3 4 5 6 9  |1 2 5 6 9 
  -0.000483307211584  2321413441  |0 2 4 7 8  |1 4 6 7 8 
  -0.000483305942730  3231412441  |1 4 6 7 8  |0 2 4 7 8 
   0.000482971484952  1133342422  |5 6 7 8 9  |2 3 4 5 7 
   0.000482960809171  2221133434  |0 1 2 7 9  |5 6 7 8 9 
  -0.000482671772961  3313122442  |5 6 7 8 9  |0 1 3 7 8 
  -0.000482195288929  3332223232  |3 4 5 7 9  |0 1 2 6 8 
  -0.000482158417521  2333441212  |0 4 5 7 9  |1 2 3 4 5 
   0.000482157791001  3222441313  |1 2 3 4 5  |0 4 5 7 9 
   0.000482150045897  4333221214  |0 4 5 7 9  |0 1 2 3 9 
  -0.000481727861200  3414121423  |1 3 5 7 8  |0 1 3 7 9 
  -0.000481725640097  2414131432  |0 1 3 7 9  |1 3 5 7 8 
   0.000481724700718  1414223413  |1 3 4 5 7  |1 3 6 7 9 
   0.000481717813118  1414332412  |1 3 6 7 9  |1 3 4 5 7 
   0.000481365617484  1434323221  |1 3 5 7 8  |1 2 3 4 6 
  -0.000481364332233  1424232331  |1 2 3 4 6  |1 3 5 7 8 
   0.000481358181935  2424113323  |0 1 2 3 8  |1 3 6 7 9 
  -0.000481357448985  3434112232  |1 3 6 7 9  |0 1 2 3 8 
  -0.000481290373779  4413211243  |0 1 4 7 8  |0 1 3 8 9 
  -0.000481284047787  4412311342  |0 1 3 8 9  |0 1 4 7 8 
   0.000481283564196  2314434211  |0 3 4 6 7  |1 3 4 5 6 
   0.000481283369216  3214424311  |1 3 4 5 6  |0 3 4 6 7 
   0.000480251951819  3142441321  |2 3 4 5 8  |0 2 4 5 7 
   0.000479990423241  2233231432  |0 1 4 7 9  |2 3 5 7 8 
   0.000479876143458  4114414132  |0 3 4 6 9  |0 3 4 6 8 
   0.000479223737584  1414232332  |1 3 4 6 9  |1 3 5 7 8 
   0.000479220274507  2414123323  |0 1 3 5 8  |1 3 6 7 9 
  -0.000479219508467  3414132232  |1 3 6 7 9  |0 1 3 5 8 
  -0.000478873076107  2414323411  |0 1 3 5 7  |1 3 4 6 7 
  -0.000477318006170  4342323112  |0 2 3 5 9  |0 1 2 4 6 
  -0.000477280331490  3243421132  |1 2 4 5 9  |0 2 3 4 8 
   0.000477188754676  1332444211  |3 4 5 6 7  |1 2 4 5 6 
   0.000477178211834  4233111244  |0 1 7 8 9  |0 2 3 8 9 
   0.000477177571215  4322111344  |0 2 3 8 9  |0 1 7 8 9 
   0.000476941109238  4241411431  |0 1 2 4 7  |0 2 4 7 8 
  -0.000476940046637  4341411421  |0 2 4 7 8  |0 1 2 4 7 
   0.000476921589333  4142413411  |0 2 3 4 7  |0 2 4 6 7 
  -0.000476919137697  4143412411  |0 2 4 6 7  |0 2 3 4 7 
   0.000476641204070  1114243414  |3 4 5 7 9  |3 5 6 7 9 
   0.000476293887226  2324241331  |0 2 3 4 5  |1 3 5 7 8 
  -0.000476293408071  3234341221  |1 3 5 7 8  |0 2 3 4 5 
  -0.000476286308379  3432312214  |1 3 6 7 9  |0 1 2 4 9 
   0.000476285951829  2423213314  |0 1 2 4 9  |1 3 6 7 9 
   0.000476208323058  4232411413  |0 1 3 4 7  |0 2 4 7 9 
   0.000476207821610  4323421411  |0 2 4 5 7  |0 1 3 4 7 
   0.000476204703708  4232431411  |0 1 3 4 7  |0 2 4 5 7 
   0.000476202955776  4323411412  |0 2 4 7 9  |0 1 3 4 7 
  -0.000475736506439  3423213412  |1 2 4 7 9  |0 1 3 6 7 
  -0.000475598757474  1442443111  |1 2 3 4 5  |1 2 4 5 6 
   0.000475597841163  4344111124  |0 2 3 8 9  |0 1 2 3 9 
  -0.000475581273027  4244111134  |0 1 2 3 9  |0 2 3 8 9 
   0.000475580973816  1443442111  |1 2 4 5 6  |1 2 3 4 5 
   0.000475519240646  3214241314  |1 3 4 5 9  |0 3 5 7 9 
   0.000475186109960  3441231241  |1 2 4 7 8  |0 1 2 5 8 
   0.000475154156762  4234131223  |0 1 3 7 8  |0 2 3 5 9 
  -0.000475153829848  4324121332  |0 2 3 5 9  |0 1 3 7 8 
  -0.000475145399495  1423423312  |1 2 4 5 9  |1 3 4 6 7 
   0.000475144767243  1432432213  |1 3 4 6 7  |1 2 4 5 9 
  -0.000474918679292  2423312332  |0 1 2 6 9  |1 3 4 7 8 
  -0.000474916304321  3432213223  |1 3 4 7 8  |0 1 2 6 9 
  -0.000474225278580  2134343212  |0 3 5 7 9  |2 3 4 5 6 
   0.000474225190486  3124242313  |2 3 4 5 6  |0 3 5 7 9 
   0.000474214380108  2421331324  |0 1 2 8 9  |1 4 5 7 9 
  -0.000474214377898  3431221234  |1 4 5 7 9  |0 1 2 8 9 
   0.000473925398138  1412441413  |1 3 4 5 7  |1 4 5 7 9 
  -0.000473906116909  1413441412  |1 4 5 7 9  |1 3 4 5 7 
   0.000473873609165  2424331132  |0 1 2 3 9  |1 3 4 5 8 
   0.000473869266680  4314121414  |0 3 5 7 9  |0 1 3 7 9 
  -0.000473869012693  3434221123  |1 3 4 5 8  |0 1 2 3 9 
  -0.000473859755255  4214131414  |0 1 3 7 9  |0 3 5 7 9 
  -0.000473857148260  2434332112  |0 1 3 6 9  |1 2 3 4 5 
   0.000473851431566  3424223113  |1 2 3 4 5  |0 1 3 6 9 
  -0.000473613706006  3223114144  |1 2 6 8 9  |0 3 6 8 9 
   0.000473468312609  4143212143  |0 2 4 6 8  |0 2 3 8 9 
   0.000473463505772  4142313142  |0 2 3 8 9  |0 2 4 6 8 
  -0.000473454638575  3241424131  |1 2 4 5 6  |0 2 4 6 8 
  -0.000473453830436  2341434121  |0 2 4 6 8  |1 2 4 5 6 
  -0.000472587719398  3323223322  |2 4 5 8 9  |0 1 3 6 7 
  -0.000472475753083  3424211332  |1 2 3 4 9  |0 1 3 7 8 
   0.000472464525614  3434232211  |1 3 4 6 7  |0 1 2 3 5 
   0.000471528073725  4414312141  |0 1 3 6 8  |0 1 3 4 8 
  -0.000471526829558  4414213141  |0 1 3 4 8  |0 1 3 6 8 
  -0.000471524999801  2414414131  |0 1 3 4 6  |1 3 4 6 8 
   0.000471524053629  3414414121  |1 3 4 6 8  |0 1 3 4 6 
  -0.000471101203709  2113243423  |0 4 5 7 8  |3 5 6 7 9 
   0.000471101084925  3112342432  |3 5 6 7 9  |0 4 5 7 8 
  -0.000471098159645  3211323424  |1 5 7 8 9  |0 4 6 7 9 
   0.000471097872867  2311232434  |0 4 6 7 9  |1 5 7 8 9 
  -0.000470384982924  2323223341  |0 2 4 5 8  |1 3 6 7 8 
  -0.000470383104656  3232332241  |1 3 6 7 8  |0 2 4 5 8 
   0.000468572057525  3113242423  |4 5 6 7 8  |0 3 5 7 9 
   0.000468567187483  3211223434  |1 4 5 7 9  |0 6 7 8 9 
  -0.000467523823399  1414432312  |1 3 4 6 9  |1 3 4 5 7 
  -0.000467522194033  4414121323  |0 1 3 5 8  |0 1 3 7 9 
   0.000467337504687  3213322432  |1 5 6 7 9  |0 3 4 7 8 
  -0.000466818081575  3232332124  |1 3 6 8 9  |0 2 4 5 9 
  -0.000466729994167  1423343212  |1 2 5 7 9  |1 3 4 5 6 
   0.000466729902799  2234131324  |0 1 3 8 9  |2 3 5 7 9 
  -0.000466729789577  3324121234  |2 3 5 7 9  |0 1 3 8 9 
   0.000466025065095  3333232222  |4 6 7 8 9  |0 1 2 3 5 
  -0.000465863863422  3233322232  |1 5 6 7 9  |0 2 3 4 8 
   0.000465861695367  2322233323  |0 2 3 4 8  |1 5 6 7 9 
  -0.000465853933878  2223232333  |0 1 2 4 6  |3 5 7 8 9 
   0.000465851957038  3332323222  |3 5 7 8 9  |0 1 2 4 6 
  -0.000465749587589  2232443131  |0 1 3 4 5  |2 4 5 6 8 
  -0.000465748948907  4323312124  |0 2 6 8 9  |0 1 3 4 9 
   0.000465748850567  3323442121  |2 4 5 6 8  |0 1 3 4 5 
   0.000465748231864  4232213134  |0 1 3 4 9  |0 2 6 8 9 
   0.000463150647110  4132134124  |0 3 6 8 9  |0 2 5 6 9 
  -0.000463019783703  4124332321  |0 2 3 6 8  |0 3 4 5 7 
   0.000463009969199  3421412323  |1 2 4 6 8  |0 1 4 7 9 
  -0.000463009840609  2431413232  |0 1 4 7 9  |1 2 4 6 8 
   0.000462946504465  4424111431  |0 1 2 3 7  |0 1 3 7 8 
   0.000462894836226  4443312121  |0 1 2 6 8  |0 1 2 3 4 
   0.000462892143559  4442213131  |0 1 2 3 4  |0 1 2 6 8 
   0.000462876850965  2244413131  |0 1 2 3 4  |2 3 4 6 8 
   0.000462875559095  3344412121  |2 3 4 6 8  |0 1 2 3 4 
  -0.000462850226355  3421341142  |1 2 5 8 9  |0 1 4 5 8 
  -0.000462847886090  3124324114  |2 3 5 6 9  |0 3 4 6 9 
  -0.000462846743723  2134234114  |0 3 4 6 9  |2 3 5 6 9 
   0.000462832872289  4123434121  |0 2 4 6 8  |0 3 4 5 6 
  -0.000462832290771  4321412143  |0 2 4 6 8  |0 1 4 8 9 
  -0.000462832156799  4231413142  |0 1 4 8 9  |0 2 4 6 8 
   0.000462831223127  4132424131  |0 3 4 5 6  |0 2 4 6 8 
  -0.000462636932102  1441421323  |1 2 4 5 8  |1 2 4 7 9 
  -0.000462628345639  4144123213  |0 2 3 5 7  |0 2 3 6 9 
  -0.000462627503868  4144132312  |0 2 3 6 9  |0 2 3 5 7 
  -0.000462181383394  2423113144  |0 1 2 8 9  |1 3 6 8 9 
  -0.000462180020993  3432112144  |1 3 6 8 9  |0 1 2 8 9 
   0.000462024517153  3343221412  |2 4 5 7 9  |0 1 2 3 7 
  -0.000462022889635  2343321412  |0 2 5 7 9  |1 2 3 4 7 
   0.000462021787411  3242231413  |1 2 3 4 7  |0 2 5 7 9 
  -0.000461978496837  2322414313  |0 2 3 4 6  |1 4 6 7 9 
   0.000461977734629  3233414212  |1 4 6 7 9  |0 2 3 4 6 
  -0.000461977526041  4332321241  |0 3 5 7 8  |0 1 2 4 8 
   0.000461976602371  4223231341  |0 1 2 4 8  |0 3 5 7 8 
   0.000461306795646  3242331124  |1 2 3 8 9  |0 2 4 5 9 
  -0.000460044663681  1434123223  |1 3 5 7 8  |1 2 3 6 9 
   0.000460043808411  1424132332  |1 2 3 6 9  |1 3 5 7 8 
   0.000460037741285  1434132232  |1 3 6 7 9  |1 2 3 5 8 
   0.000459950941218  2334341221  |0 3 5 7 8  |1 2 3 4 5 
  -0.000459949369727  3224241331  |1 2 3 4 5  |0 3 5 7 8 
  -0.000459942562102  2422313314  |0 1 2 3 9  |1 4 6 7 9 
   0.000459941536456  3433212214  |1 4 6 7 9  |0 1 2 3 9 
  -0.000459828619998  4433221114  |0 1 4 5 9  |0 1 2 3 9 
  -0.000459822366511  2334441112  |0 3 4 5 9  |1 2 3 4 5 
   0.000459510810674  2312322433  |0 3 5 6 7  |1 4 7 8 9 
  -0.000459254028958  2124343312  |0 2 3 5 9  |3 4 5 6 7 
   0.000459253732511  3134242213  |3 4 5 6 7  |0 2 3 5 9 
   0.000459242814799  2431331224  |0 1 7 8 9  |1 2 4 5 9 
  -0.000459242632798  3421221334  |1 2 4 5 9  |0 1 7 8 9 
   0.000459151579529  4321313422  |0 2 7 8 9  |0 1 4 6 7 
   0.000458940197511  4223114314  |0 1 2 6 9  |0 3 6 7 9 
   0.000458938533872  4332114214  |0 3 6 7 9  |0 1 2 6 9 
   0.000458927650719  1322441341  |2 3 4 5 8  |1 4 5 7 8 
  -0.000458619415553  2431441123  |0 1 4 5 8  |1 2 4 5 9 
   0.000458246632276  2131324243  |0 5 6 7 8  |2 4 6 8 9 
   0.000458211031282  3222131434  |1 2 3 7 9  |0 5 7 8 9 
  -0.000458063774290  3242324113  |1 2 3 5 6  |0 2 4 6 9 
   0.000458061977738  2343234112  |0 2 4 6 9  |1 2 3 5 6 
  -0.000457951819087  1142134144  |2 3 6 8 9  |2 5 6 8 9 
  -0.000457421786824  4314321421  |0 3 5 7 8  |0 1 3 4 7 
  -0.000457420852513  4214231431  |0 1 3 4 7  |0 3 5 7 8 
   0.000457412262425  2412413413  |0 1 3 4 7  |1 4 6 7 9 
   0.000457411652636  3413412412  |1 4 6 7 9  |0 1 3 4 7 
   0.000456869836668  1423241143  |1 2 4 5 8  |1 3 5 8 9 
   0.000456862739713  1432341142  |1 3 5 8 9  |1 2 4 5 8 
   0.000456852520836  3234124114  |1 3 5 6 9  |0 2 3 6 9 
   0.000456849545060  2324134114  |0 2 3 6 9  |1 3 5 6 9 
   0.000455762420788  3423132142  |1 2 6 8 9  |0 1 3 5 8 
   0.000455761068667  1324324123  |2 3 5 6 8  |1 3 4 6 9 
  -0.000455759972462  1234234132  |1 3 4 6 9  |2 3 5 6 8 
  -0.000455658123733  3441111244  |1 2 7 8 9  |0 1 2 8 9 
   0.000455653409524  2441111344  |0 1 2 8 9  |1 2 7 8 9 
  -0.000455631412822  1144344211  |2 3 5 6 7  |2 3 4 5 6 
  -0.000455587410211  4241314114  |0 1 2 6 9  |0 2 4 6 9 
  -0.000455385281626  1223134324  |1 2 6 8 9  |3 5 6 7 9 
  -0.000455372746383  1322142343  |2 3 5 6 8  |1 5 7 8 9 
  -0.000455320471576  3223232413  |1 2 4 6 7  |0 3 5 7 9 
   0.000455312511714  3233221432  |1 4 5 7 9  |0 2 3 7 8 
  -0.000454632707676  1324441213  |2 3 4 5 7  |1 3 4 5 9 
  -0.000454630646976  4423131214  |0 1 2 7 9  |0 1 3 5 9 
  -0.000454629914117  4432121314  |0 1 3 5 9  |0 1 2 7 9 
   0.000454589229519  1324141423  |2 3 5 7 8  |1 3 5 7 9 
   0.000454311707454  4143312412  |0 2 6 7 9  |0 2 3 4 7 
  -0.000454303019735  3341421421  |2 4 5 7 8  |0 1 2 4 7 
  -0.000454283550874  4141312423  |0 2 6 7 8  |0 2 4 7 9 
  -0.000454274472244  2141423431  |0 2 4 5 7  |2 4 6 7 8 
  -0.000454273635444  3141432421  |2 4 6 7 8  |0 2 4 5 7 
  -0.000454011737289  4332213421  |0 3 4 7 8  |0 1 2 6 7 
   0.000453847375654  3322323322  |2 3 5 8 9  |0 1 4 6 7 
   0.000453845855706  2332233223  |0 3 4 7 8  |1 2 5 6 9 
   0.000453763372320  2323114414  |0 2 6 7 9  |1 3 6 7 9 
   0.000453762695088  3232114414  |1 3 6 7 9  |0 2 6 7 9 
   0.000453738953345  3234421231  |1 3 4 5 7  |0 2 3 4 8 
  -0.000453736984128  2324431321  |0 2 3 4 8  |1 3 4 5 7 
  -0.000453730826369  4423212313  |0 1 2 4 6  |0 1 3 7 9 
   0.000453727575485  4432313212  |0 1 3 7 9  |0 1 2 4 6 
   0.000452563221901  1323142342  |2 5 6 8 9  |1 3 5 7 8 
  -0.000452168543684  2134243213  |0 3 4 5 7  |2 3 5 6 9 
   0.000452168219374  3124342312  |2 3 5 6 9  |0 3 4 5 7 
   0.000452149322026  3421321324  |1 2 5 8 9  |0 1 4 7 9 
  -0.000452149206535  2431231234  |0 1 4 7 9  |1 2 5 8 9 
   0.000452141921904  2414123413  |0 1 3 5 7  |1 3 6 7 9 
  -0.000452032103977  3142432141  |2 3 4 6 8  |0 2 4 5 8 
  -0.000451220070236  4214433211  |0 1 3 4 7  |0 3 4 5 6 
  -0.000451219955984  4314422311  |0 3 4 5 6  |0 1 3 4 7 
  -0.000451218480234  4413411322  |0 1 4 8 9  |0 1 3 4 7 
  -0.000451218025368  4412411233  |0 1 3 4 7  |0 1 4 8 9 
  -0.000450782118511  4324141114  |0 2 3 5 9  |0 1 3 5 9 
   0.000448637295866  3433222141  |1 4 5 6 8  |0 1 2 3 8 
  -0.000448637172466  2422333141  |0 1 2 3 8  |1 4 5 6 8 
  -0.000448633191406  3224214133  |1 2 3 4 6  |0 3 6 8 9 
  -0.000448290448199  4234232113  |0 1 3 4 6  |0 2 3 5 9 
   0.000448287972493  4324323112  |0 2 3 5 9  |0 1 3 4 6 
   0.000448283659777  3423421132  |1 2 4 5 9  |0 1 3 4 8 
  -0.000448283291834  2432431123  |0 1 3 4 8  |1 2 4 5 9 
  -0.000448092561783  1414223314  |1 3 4 5 9  |1 3 6 7 9 
  -0.000447870271414  4341213322  |0 2 4 8 9  |0 1 2 6 7 
   0.000447869023604  3142433221  |2 3 4 7 8  |0 2 4 5 6 
   0.000447609488005  1424343211  |1 2 3 5 7  |1 3 4 5 6 
  -0.000447397795521  4144211314  |0 2 3 4 9  |0 2 3 7 9 
  -0.000447208494990  3123234412  |2 4 6 7 9  |0 3 5 6 7 
  -0.000447119391759  2332414213  |0 3 4 6 7  |1 2 4 6 9 
   0.000447118943824  3223414312  |1 2 4 6 9  |0 3 4 6 7 
  -0.000447110395192  4322321341  |0 2 3 5 8  |0 1 4 7 8 
   0.000447109625179  4233231241  |0 1 4 7 8  |0 2 3 5 8 
  -0.000446921042974  2323441312  |0 2 4 5 9  |1 3 4 5 7 
   0.000446920401303  3232441213  |1 3 4 5 7  |0 2 4 5 9 
  -0.000446912847478  4232331214  |0 1 3 7 9  |0 2 4 5 9 
   0.000446912514777  4323221314  |0 2 4 5 9  |0 1 3 7 9 
  -0.000446147598893  2343324112  |0 2 5 6 9  |1 2 3 4 6 
   0.000446137834473  2431432123  |0 1 4 6 8  |1 2 4 5 9 
  -0.000446136873241  3421423132  |1 2 4 5 9  |0 1 4 6 8 
  -0.000446136260939  4134232123  |0 3 4 6 8  |0 2 3 5 9 
   0.000446045107370  3443222131  |1 2 4 5 6  |0 1 2 3 8 
  -0.000446044920412  2442333121  |0 1 2 3 8  |1 2 4 5 6 
   0.000445991551940  4112414413  |0 3 4 6 7  |0 4 6 7 9 
  -0.000445973323715  4113414412  |0 4 6 7 9  |0 3 4 6 7 
  -0.000445958298349  2321233243  |0 2 4 7 8  |1 5 6 8 9 
   0.000445957418050  2123234233  |0 2 4 6 7  |3 5 6 8 9 
   0.000445955812440  4311421441  |0 4 5 7 8  |0 1 4 7 8 
   0.000445955070594  3132324322  |3 5 6 8 9  |0 2 4 6 7 
  -0.000445946721563  4211431441  |0 1 4 7 8  |0 4 5 7 8 
  -0.000445297847061  2332121434  |0 3 5 7 9  |1 2 7 8 9 
   0.000445295197387  3223131424  |1 2 7 8 9  |0 3 5 7 9 
  -0.000445291984185  1233243412  |1 4 5 7 9  |2 3 5 6 7 
  -0.000445119685782  3242421313  |1 2 3 4 5  |0 2 4 7 9 
   0.000445116977650  2343431212  |0 2 4 7 9  |1 2 3 4 5 
   0.000445110934580  4343221213  |0 2 4 5 7  |0 1 2 3 9 
  -0.000445108030459  4242331312  |0 1 2 3 9  |0 2 4 5 7 
   0.000445068399060  4144312321  |0 2 3 6 8  |0 2 3 4 7 
   0.000445063298714  4144213231  |0 2 3 4 7  |0 2 3 6 8 
  -0.000445047630737  2441413231  |0 1 2 4 7  |1 2 4 6 8 
  -0.000445045253596  3441412321  |1 2 4 6 8  |0 1 2 4 7 
  -0.000444770774640  4214313232  |0 1 3 7 9  |0 3 4 6 8 
   0.000444769582104  4314212323  |0 3 4 6 8  |0 1 3 7 9 
   0.000444768913781  2413432321  |0 1 4 6 8  |1 3 4 5 7 
  -0.000444766609603  3412423231  |1 3 4 5 7  |0 1 4 6 8 
  -0.000444688828688  2133423421  |0 4 5 7 8  |2 3 4 6 7 
   0.000444688347477  3122432431  |2 3 4 6 7  |0 4 5 7 8 
  -0.000443933563740  1414124314  |1 3 5 6 9  |1 3 6 7 9 
   0.000443811417880  3214414213  |1 3 4 6 7  |0 3 4 6 9 
  -0.000443462259876  1324224313  |2 3 4 5 6  |1 3 6 7 9 
   0.000443461878659  1234334212  |1 3 6 7 9  |2 3 4 5 6 
   0.000443447737011  2423131342  |0 1 2 8 9  |1 3 5 7 8 
  -0.000443447715525  3432121243  |1 3 5 7 8  |0 1 2 8 9 
   0.000442486949866  3343421212  |2 4 5 7 9  |0 1 2 3 4 
   0.000442484754368  4343321212  |0 2 5 7 9  |0 1 2 3 4 
  -0.000442481859784  4242231313  |0 1 2 3 4  |0 2 5 7 9 
  -0.000441840873084  3244412113  |1 2 3 4 6  |0 2 3 4 9 
  -0.000441839076958  2344413112  |0 2 3 4 9  |1 2 3 4 6 
   0.000441837041838  4442331121  |0 1 2 3 8  |0 1 2 4 5 
   0.000441836612854  4443221131  |0 1 2 4 5  |0 1 2 3 8 
   0.000441654398440  4141114342  |0 2 6 8 9  |0 2 6 7 8 
  -0.000441654206887  4141114243  |0 2 6 7 8  |0 2 6 8 9 
   0.000441649285244  1141424341  |2 4 5 6 8  |2 4 6 7 8 
  -0.000441648588481  1141434241  |2 4 6 7 8  |2 4 5 6 8 
   0.000441628192503  4241414311  |0 1 2 4 6  |0 2 4 6 7 
  -0.000441627586313  4341414211  |0 2 4 6 7  |0 1 2 4 6 
   0.000441616791835  4142411341  |0 2 3 4 8  |0 2 4 7 8 
  -0.000441616440263  4143411241  |0 2 4 7 8  |0 2 3 4 8 
  -0.000441221924149  3213434221  |1 4 6 7 8  |0 3 4 5 6 
  -0.000441214072525  4213213342  |0 1 4 8 9  |0 3 6 7 8 
   0.000440745469401  4332214213  |0 3 4 6 7  |0 1 2 6 9 
  -0.000440740544761  2233431241  |0 1 4 7 8  |2 3 4 5 8 
   0.000440739905883  3322421341  |2 3 4 5 8  |0 1 4 7 8 
   0.000440615372134  3234122332  |1 3 5 6 9  |0 2 3 7 8 
   0.000440614571166  2324133223  |0 2 3 7 8  |1 3 5 6 9 
   0.000440606861869  1423232233  |1 2 4 6 7  |1 3 5 8 9 
   0.000440605321664  1432323322  |1 3 5 8 9  |1 2 4 6 7 
  -0.000440161864985  2213323432  |0 1 5 7 9  |3 4 6 7 8 
  -0.000440152436008  3312223432  |3 4 5 7 9  |0 1 6 7 8 
   0.000440036792834  2444111332  |0 1 2 3 9  |1 2 3 7 8 
   0.000440035297509  1444223311  |1 2 3 4 5  |1 2 3 6 7 
   0.000440034161418  1444332211  |1 2 3 6 7  |1 2 3 4 5 
   0.000440030306499  1413424231  |1 4 5 6 7  |1 3 4 6 8 
   0.000440028294885  4314113242  |0 3 7 8 9  |0 1 3 6 8 
   0.000439801668056  1313244223  |4 5 6 7 8  |1 3 5 6 9 
   0.000438911890931  4224411313  |0 1 2 3 4  |0 3 4 7 9 
   0.000438909440198  4334411212  |0 3 4 7 9  |0 1 2 3 4 
   0.000438900415727  4433421211  |0 1 4 5 7  |0 1 2 3 4 
   0.000438898576777  4422431311  |0 1 2 3 4  |0 1 4 5 7 
  -0.000438181651410  4314213322  |0 3 4 8 9  |0 1 3 6 7 
   0.000438156197639  3412433221  |1 3 4 7 8  |0 1 4 5 6 
  -0.000437572513687  1432321414  |1 3 5 7 9  |1 2 4 7 9 
  -0.000437571859433  1423231414  |1 2 4 7 9  |1 3 5 7 9 
   0.000437235721436  2323233412  |0 2 4 7 9  |1 3 5 6 7 
   0.000437199502202  1324423231  |2 3 4 5 7  |1 3 4 6 8 
  -0.000437198759058  1234432321  |1 3 4 6 8  |2 3 4 5 7 
   0.000437081577872  2243431123  |0 1 2 4 8  |2 3 4 5 9 
  -0.000437080424313  3342421132  |2 3 4 5 9  |0 1 2 4 8 
  -0.000437048413493  4243323112  |0 1 2 5 9  |0 2 3 4 6 
   0.000437047378476  4342232113  |0 2 3 4 6  |0 1 2 5 9 
  -0.000437043360188  3443321122  |1 2 5 8 9  |0 1 2 3 4 
   0.000437040580197  2244233113  |0 1 2 3 4  |2 3 5 6 9 
   0.000437030515217  2442231133  |0 1 2 3 4  |1 2 5 8 9 
  -0.000437015164528  3344322112  |2 3 5 6 9  |0 1 2 3 4 
   0.000436052430570  4423211323  |0 1 2 4 8  |0 1 3 7 9 
  -0.000436046394049  3234423211  |1 3 4 5 7  |0 2 3 4 6 
   0.000436022625583  2324432311  |0 2 3 4 6  |1 3 4 5 7 
  -0.000436019343517  4432311232  |0 1 3 7 9  |0 1 2 4 8 
   0.000435718628570  1143342214  |2 5 6 7 9  |2 3 4 5 9 
   0.000434583706712  3141242134  |2 4 5 6 9  |0 2 5 8 9 
   0.000434254336393  2243431411  |0 1 2 4 7  |2 3 4 5 7 
   0.000434251984818  3342421411  |2 3 4 5 7  |0 1 2 4 7 
   0.000434242911453  4243311412  |0 1 2 7 9  |0 2 3 4 7 
   0.000434240113475  4342211413  |0 2 3 4 7  |0 1 2 7 9 
  -0.000433440059813  4441112314  |0 1 2 6 9  |0 1 2 7 9 
  -0.000433206769850  4323121144  |0 2 5 8 9  |0 1 3 8 9 
  -0.000433205557589  4232131144  |0 1 3 8 9  |0 2 5 8 9 
   0.000432616427586  3433121242  |1 5 7 8 9  |0 1 2 3 8 
   0.000432600107614  2334224113  |0 3 4 5 6  |1 2 3 6 9 
   0.000432594464235  3422321143  |1 2 3 5 8  |0 1 4 8 9 
  -0.000432593103068  2433231142  |0 1 4 8 9  |1 2 3 5 8 
   0.000432219573571  3423412411  |1 2 4 6 7  |0 1 3 4 7 
   0.000432216795883  2432413411  |0 1 3 4 7  |1 2 4 6 7 
  -0.000432214740907  4234211431  |0 1 3 4 7  |0 2 3 7 8 
  -0.000432211197300  4324311421  |0 2 3 7 8  |0 1 3 4 7 
   0.000432184716535  3244231141  |1 2 3 4 8  |0 2 3 5 8 
   0.000432152591442  2344111414  |0 2 3 7 9  |1 2 3 7 9 
  -0.000432000064449  3312424321  |3 4 5 6 8  |0 1 4 6 7 
   0.000431989853719  4213312342  |0 1 6 8 9  |0 3 4 7 8 
  -0.000431989363839  4312213243  |0 3 4 7 8  |0 1 6 8 9 
  -0.000431688016390  4141214332  |0 2 4 6 9  |0 2 6 7 8 
  -0.000431686956241  4141314223  |0 2 6 7 8  |0 2 4 6 9 
  -0.000431664429987  4141312342  |0 2 6 8 9  |0 2 4 7 8 
  -0.000431657669286  4141213243  |0 2 4 7 8  |0 2 6 8 9 
  -0.000431649417383  2141434231  |0 2 4 6 7  |2 4 5 6 8 
  -0.000431647574992  3141424321  |2 4 5 6 8  |0 2 4 6 7 
   0.000431253964630  4323211234  |0 2 4 7 9  |0 1 3 8 9 
  -0.000430805446806  3334224112  |3 4 5 6 9  |0 1 2 3 6 
   0.000430798627206  2433321142  |0 1 5 8 9  |1 2 3 4 8 
  -0.000430795138841  3422231143  |1 2 3 4 8  |0 1 5 8 9 
  -0.000430767009343  3441232141  |1 2 4 6 8  |0 1 2 5 8 
  -0.000430594125560  3222233323  |1 2 3 4 8  |0 5 6 7 9 
  -0.000430591688422  3333223222  |4 5 7 8 9  |0 1 2 3 6 
   0.000430093325744  1422223333  |1 2 3 4 5  |1 6 7 8 9 
   0.000430091417139  1433332222  |1 6 7 8 9  |1 2 3 4 5 
   0.000430090000845  3334122223  |3 5 6 7 8  |0 1 2 3 9 
   0.000430088643473  2224133332  |0 1 2 3 9  |3 5 6 7 8 
   0.000430061993169  4414211341  |0 1 3 4 8  |0 1 3 7 8 
   0.000430061338333  2414414311  |0 1 3 4 6  |1 3 4 6 7 
  -0.000430060979221  4414311241  |0 1 3 7 8  |0 1 3 4 8 
  -0.000430060720872  3414414211  |1 3 4 6 7  |0 1 3 4 6 
   0.000429753848293  2342141314  |0 2 3 5 9  |1 2 5 7 9 
   0.000429752413337  3243141214  |1 2 5 7 9  |0 2 3 5 9 
  -0.000429750768187  1342341214  |2 3 5 7 9  |1 2 4 5 9 
   0.000429280510399  2411433421  |0 1 4 7 8  |1 4 5 6 7 
  -0.000429205863217  4413412123  |0 1 4 6 8  |0 1 3 4 9 
  -0.000429205243713  4412413132  |0 1 3 4 9  |0 1 4 6 8 
  -0.000429204097055  4314432121  |0 3 4 6 8  |0 1 3 4 5 
  -0.000428475466267  1233241441  |1 4 5 7 8  |2 3 5 7 8 
  -0.000428190181578  3322223332  |2 3 4 5 9  |0 1 6 7 8 
  -0.000428089745670  4234332112  |0 1 3 6 9  |0 2 3 4 5 
   0.000428087248882  4324223113  |0 2 3 4 5  |0 1 3 6 9 
   0.000428065411590  2423431132  |0 1 2 4 9  |1 3 4 5 8 
  -0.000428064874189  3432421123  |1 3 4 5 8  |0 1 2 4 9 
   0.000427858797308  4412411314  |0 1 3 4 9  |0 1 4 7 9 
  -0.000427858615212  4314441211  |0 3 4 5 7  |0 1 3 4 5 
  -0.000427858522541  4413411214  |0 1 4 7 9  |0 1 3 4 9 
   0.000427858294920  4214441311  |0 1 3 4 5  |0 3 4 5 7 
  -0.000427710485334  1421332243  |1 2 6 7 8  |1 4 5 8 9 
   0.000427160690324  4441421311  |0 1 2 4 5  |0 1 2 4 7 
  -0.000427152560325  4144411213  |0 2 3 4 7  |0 2 3 4 9 
   0.000427151664223  4144411312  |0 2 3 4 9  |0 2 3 4 7 
  -0.000426994596459  4443111412  |0 1 2 7 9  |0 1 2 3 7 
   0.000426994103772  4442111413  |0 1 2 3 7  |0 1 2 7 9 
   0.000426994065171  1344421411  |2 3 4 5 7  |1 2 3 4 7 
  -0.000426993979557  1244431411  |1 2 3 4 7  |2 3 4 5 7 
   0.000426963760789  3412222333  |1 3 4 5 6  |0 1 7 8 9 
   0.000426962782892  2413333222  |0 1 7 8 9  |1 3 4 5 6 
  -0.000426959069364  3314222233  |3 4 5 6 7  |0 1 3 8 9 
  -0.000426957509898  2214333322  |0 1 3 8 9  |3 4 5 6 7 
  -0.000426295209401  2313132442  |0 6 7 8 9  |1 3 5 7 8 
  -0.000426104995032  1122343432  |2 3 5 7 9  |4 5 6 7 8 
   0.000426098448671  3221123434  |1 2 5 7 9  |0 6 7 8 9 
  -0.000425964903491  2314441213  |0 3 4 5 7  |1 3 4 5 9 
  -0.000425617963525  1441221343  |1 2 4 5 8  |1 2 7 8 9 
   0.000425607357888  2144134312  |0 2 3 6 9  |2 3 5 6 7 
   0.000425566178380  2243443111  |0 1 2 4 5  |2 3 4 5 6 
   0.000425563969035  3342442111  |2 3 4 5 6  |0 1 2 4 5 
  -0.000425556568242  4243311124  |0 1 2 8 9  |0 2 3 4 9 
  -0.000425554705214  4342211134  |0 2 3 4 9  |0 1 2 8 9 
  -0.000425477118661  3222323314  |1 2 3 5 9  |0 4 6 7 9 
   0.000425477052405  2333241223  |0 4 5 7 8  |1 2 3 5 9 
  -0.000425475722243  2333232214  |0 4 6 7 9  |1 2 3 5 9 
   0.000425474998535  3222341332  |1 2 3 5 9  |0 4 5 7 8 
  -0.000425120019182  2431432132  |0 1 4 6 9  |1 2 4 5 8 
   0.000425120003500  3421423123  |1 2 4 5 8  |0 1 4 6 9 
   0.000425118711286  4134223123  |0 3 4 5 8  |0 2 3 6 9 
  -0.000424872221164  3213123442  |1 5 7 8 9  |0 3 6 7 8 
   0.000424749370307  1312344232  |3 5 6 7 9  |1 4 5 6 8 
  -0.000424544954674  3243321214  |1 2 5 7 9  |0 2 3 4 9 
   0.000423896575815  1234441141  |1 3 4 5 8  |2 3 4 5 8 
   0.000423887193381  4423114114  |0 1 2 6 9  |0 1 3 6 9 
  -0.000423809016002  1423232314  |1 2 4 6 9  |1 3 5 7 9 
  -0.000423806687999  2324141323  |0 2 3 5 8  |1 3 5 7 9 
   0.000423805823580  3234141232  |1 3 5 7 9  |0 2 3 5 8 
  -0.000423642442177  1433241421  |1 4 5 7 8  |1 2 3 5 7 
   0.000423639547751  2334112414  |0 3 6 7 9  |1 2 3 7 9 
   0.000423549543631  4232211343  |0 1 3 4 8  |0 2 7 8 9 
  -0.000423549014718  4323311242  |0 2 7 8 9  |0 1 3 4 8 
  -0.000423541895047  2232434311  |0 1 3 4 6  |2 4 5 6 7 
   0.000423541420429  3323424211  |2 4 5 6 7  |0 1 3 4 6 
   0.000423423375264  2124334231  |0 2 3 6 7  |3 4 5 6 8 
  -0.000423421120883  3134224321  |3 4 5 6 8  |0 2 3 6 7 
   0.000423352920065  4322411431  |0 2 3 4 7  |0 1 4 7 8 
   0.000423337902028  4233411421  |0 1 4 7 8  |0 2 3 4 7 
  -0.000423337435204  4332412411  |0 3 4 6 7  |0 1 2 4 7 
  -0.000423332431053  4134421231  |0 3 4 5 7  |0 2 3 4 8 
  -0.000423327087698  4223413411  |0 1 2 4 7  |0 3 4 6 7 
   0.000423318547412  2242331341  |0 1 2 3 8  |2 4 5 7 8 
  -0.000423317562768  3343221241  |2 4 5 7 8  |0 1 2 3 8 
  -0.000423316901749  2343314212  |0 2 6 7 9  |1 2 3 4 6 
   0.000423316513968  3242214313  |1 2 3 4 6  |0 2 6 7 9 
   0.000422861239704  3323422123  |2 4 5 6 8  |0 1 3 4 9 
   0.000422861002966  2232433132  |0 1 3 4 9  |2 4 5 6 8 
   0.000422858579714  4232223133  |0 1 3 4 5  |0 2 6 8 9 
   0.000422858209545  4323332122  |0 2 6 8 9  |0 1 3 4 5 
  -0.000422071285123  1412443141  |1 3 4 5 8  |1 4 5 6 8 
  -0.000422058656769  4214114134  |0 1 3 6 9  |0 3 6 8 9 
   0.000422058499667  4314114124  |0 3 6 8 9  |0 1 3 6 9 
  -0.000421930422837  1334224213  |3 4 5 6 7  |1 2 3 6 9 
   0.000421930027480  1224334312  |1 2 3 6 9  |3 4 5 6 7 
  -0.000421919578925  3422121343  |1 2 3 5 8  |0 1 7 8 9 
   0.000421919413910  2433131242  |0 1 7 8 9  |1 2 3 5 8 
  -0.000421013990453  2222333314  |0 1 2 3 9  |4 5 6 7 9 
   0.000421013357842  2333341222  |0 5 7 8 9  |1 2 3 4 5 
  -0.000421012676735  3333222214  |4 5 6 7 9  |0 1 2 3 9 
   0.000421011446658  3222241333  |1 2 3 4 5  |0 5 7 8 9 
  -0.000420639169081  3434241211  |1 3 4 5 7  |0 1 2 3 5 
  -0.000420629754692  2434311214  |0 1 3 7 9  |1 2 3 4 9 
   0.000420558937790  3321223342  |2 4 5 8 9  |0 1 6 7 8 
  -0.000420519587947  2313214441  |0 4 6 7 8  |1 3 6 7 8 
   0.000420250246755  4431312223  |0 1 6 7 8  |0 1 2 4 9 
  -0.000420249312818  4421213332  |0 1 2 4 9  |0 1 6 7 8 
  -0.000420235658564  3134432221  |3 4 6 7 8  |0 2 3 4 5 
   0.000420177666640  3424221313  |1 2 3 4 5  |0 1 3 7 9 
   0.000420176357058  3434221213  |1 3 4 5 7  |0 1 2 3 9 
  -0.000420164734973  2434331212  |0 1 3 7 9  |1 2 3 4 5 
  -0.000420163003139  2424331312  |0 1 2 3 9  |1 3 4 5 7 
  -0.000419996554122  4232331241  |0 1 3 7 8  |0 2 4 5 8 
   0.000419991125458  3232414213  |1 3 4 6 7  |0 2 4 6 9 
  -0.000419990844927  2323414312  |0 2 4 6 9  |1 3 4 6 7 
  -0.000419806089626  2422313341  |0 1 2 3 8  |1 4 6 7 8 
   0.000419805507975  2334314221  |0 3 6 7 8  |1 2 3 4 6 
   0.000419805466513  3433212241  |1 4 6 7 8  |0 1 2 3 8 
  -0.000419805073620  3224214331  |1 2 3 4 6  |0 3 6 7 8 
   0.000419770388913  1132342432  |3 5 6 7 9  |2 4 5 7 8 
   0.000419764309450  2321132434  |0 2 6 7 9  |1 5 7 8 9 
   0.000419547298310  1424333122  |1 2 3 8 9  |1 3 4 5 6 
   0.000419113390081  1434223231  |1 3 4 5 7  |1 2 3 6 8 
  -0.000419112840205  1424332321  |1 2 3 6 8  |1 3 4 5 7 
   0.000419105437299  3424112323  |1 2 3 6 8  |0 1 3 7 9 
  -0.000419105188876  2434113232  |0 1 3 7 9  |1 2 3 6 8 
  -0.000419079153916  4344411121  |0 2 3 4 8  |0 1 2 3 4 
   0.000419078591418  4442413111  |0 1 2 3 4  |0 1 2 4 6 
   0.000419039973125  4244411131  |0 1 2 3 4  |0 2 3 4 8 
  -0.000419037340691  4443412111  |0 1 2 4 6  |0 1 2 3 4 
  -0.000418568035669  1342422331  |2 3 4 5 6  |1 2 4 7 8 
   0.000418567320798  1243433221  |1 2 4 7 8  |2 3 4 5 6 
   0.000418564463289  4342112233  |0 2 3 6 7  |0 1 2 8 9 
  -0.000418564036310  4243113322  |0 1 2 8 9  |0 2 3 6 7 
  -0.000418523721726  2441423113  |0 1 2 4 5  |1 2 4 6 9 
  -0.000418522592657  3441432112  |1 2 4 6 9  |0 1 2 4 5 
   0.000418517128591  4144321123  |0 2 3 5 8  |0 2 3 4 9 
   0.000418198351407  3414232114  |1 3 4 6 9  |0 1 3 5 9 
  -0.000418153245077  3432122314  |1 3 5 6 9  |0 1 2 7 9 
   0.000418150663140  1324241233  |2 3 4 5 7  |1 3 5 8 9 
   0.000417006660280  4412114314  |0 1 3 6 9  |0 1 6 7 9 
   0.000417002165078  1214441341  |1 3 4 5 8  |3 4 5 7 8 
  -0.000416495841145  2332322143  |0 3 5 6 8  |1 2 4 8 9 
   0.000415633837983  3413322322  |1 5 6 8 9  |0 1 3 4 7 
   0.000415633016582  2412233233  |0 1 3 4 7  |1 5 6 8 9 
  -0.000415623671307  2214233233  |0 1 3 4 7  |3 5 6 8 9 
  -0.000415622219909  3314322322  |3 5 6 8 9  |0 1 3 4 7 
  -0.000415566304582  4131312424  |0 6 7 8 9  |0 2 4 7 9 
  -0.000414788546328  4322412331  |0 2 3 4 6  |0 1 4 7 8 
  -0.000414787790805  4332412231  |0 3 4 6 7  |0 1 2 4 8 
   0.000414767435547  2324214133  |0 2 3 4 6  |1 3 6 8 9 
  -0.000414766777562  3234314122  |1 3 6 8 9  |0 2 3 4 6 
   0.000414759114921  4233413221  |0 1 4 7 8  |0 2 3 4 6 
   0.000414755831758  4223413321  |0 1 2 4 8  |0 3 4 6 7 
  -0.000414752450349  3432322141  |1 3 5 6 8  |0 1 2 4 8 
   0.000414751313317  2423233141  |0 1 2 4 8  |1 3 5 6 8 
  -0.000414721477017  2414223313  |0 1 3 4 5  |1 3 6 7 9 
   0.000414716469837  3414332212  |1 3 6 7 9  |0 1 3 4 5 
  -0.000414715624448  3414321223  |1 3 5 7 8  |0 1 3 4 9 
   0.000414713886594  2414231332  |0 1 3 4 9  |1 3 5 7 8 
   0.000414551427646  3421441123  |1 2 4 5 8  |0 1 4 5 9 
  -0.000414326011571  2213431441  |0 1 4 7 8  |3 4 5 7 8 
  -0.000414319207121  4213314412  |0 1 6 7 9  |0 3 4 6 7 
   0.000414290031468  4221313144  |0 1 2 8 9  |0 4 6 8 9 
  -0.000414289556200  3122444131  |2 3 4 5 6  |0 4 5 6 8 
   0.000414289261527  4331212144  |0 4 6 8 9  |0 1 2 8 9 
  -0.000413459697234  1423431421  |1 2 4 7 8  |1 3 4 5 7 
   0.000413454140558  4234113412  |0 1 3 7 9  |0 2 3 6 7 
   0.000413323863060  3432422113  |1 3 4 5 6  |0 1 2 4 9 
  -0.000413321208884  2423433112  |0 1 2 4 9  |1 3 4 5 6 
  -0.000413320938503  4324221133  |0 2 3 4 5  |0 1 3 8 9 
   0.000413318333423  4234331122  |0 1 3 8 9  |0 2 3 4 5 
   0.000413234793569  4134212233  |0 3 4 6 7  |0 2 3 8 9 
  -0.000413233965990  4124313322  |0 2 3 8 9  |0 3 4 6 7 
   0.000413231107274  3421422331  |1 2 4 5 6  |0 1 4 7 8 
  -0.000413230575574  2431433221  |0 1 4 7 8  |1 2 4 5 6 
  -0.000412621585175  1144143322  |2 3 5 8 9  |2 3 5 6 7 
   0.000412537034291  1244341141  |1 2 3 5 8  |2 3 4 5 8 
  -0.000412535548996  3442114114  |1 2 3 6 9  |0 1 2 6 9 
   0.000412311002050  2334241231  |0 3 4 5 7  |1 2 3 5 8 
  -0.000412310187902  3224341321  |1 2 3 5 8  |0 3 4 5 7 
  -0.000412298240258  3422312314  |1 2 3 6 9  |0 1 4 7 9 
   0.000412234716706  3412412413  |1 3 4 6 7  |0 1 4 7 9 
  -0.000412234556812  4314221431  |0 3 4 5 7  |0 1 3 7 8 
  -0.000412234410009  4214331421  |0 1 3 7 8  |0 3 4 5 7 
   0.000412234355740  2413413412  |0 1 4 7 9  |1 3 4 6 7 
   0.000411219457748  4323214231  |0 2 4 6 7  |0 1 3 6 8 
   0.000410978182906  1411434241  |1 4 6 7 8  |1 4 5 6 8 
  -0.000410976053272  4114114342  |0 3 6 8 9  |0 3 6 7 8 
   0.000410975114669  4114114243  |0 3 6 7 8  |0 3 6 8 9 
  -0.000410634611702  1434142132  |1 3 5 6 9  |1 2 3 5 8 
  -0.000410631820587  4223213431  |0 1 2 4 7  |0 3 6 7 8 
   0.000410631507023  4332312421  |0 3 6 7 8  |0 1 2 4 7 
   0.000410629791376  2322413431  |0 2 3 4 7  |1 4 6 7 8 
  -0.000410627924865  1434123124  |1 3 5 8 9  |1 2 3 6 9 
  -0.000410626339781  1424132134  |1 2 3 6 9  |1 3 5 8 9 
  -0.000409105579655  4233412411  |0 1 4 6 7  |0 2 3 4 7 
  -0.000409096019645  4322413411  |0 2 3 4 7  |0 1 4 6 7 
   0.000409081468424  4223411431  |0 1 2 4 7  |0 3 4 7 8 
   0.000409076404349  4332411421  |0 3 4 7 8  |0 1 2 4 7 
  -0.000408966850259  1324324312  |2 3 5 6 9  |1 3 4 6 7 
   0.000408966627946  1234234213  |1 3 4 6 7  |2 3 5 6 9 
   0.000408951768802  3423121342  |1 2 5 8 9  |0 1 3 7 8 
  -0.000408951694069  2432131243  |0 1 3 7 8  |1 2 5 8 9 
  -0.000408818878216  4434312211  |0 1 3 6 7  |0 1 2 3 4 
  -0.000408816680110  4424213311  |0 1 2 3 4  |0 1 3 6 7 
   0.000408814439048  2424411331  |0 1 2 3 4  |1 3 4 7 8 
   0.000408812682167  3434411221  |1 3 4 7 8  |0 1 2 3 4 
   0.000408591534778  3323322412  |2 5 6 7 9  |0 1 3 4 7 
   0.000408590309007  2232233413  |0 1 3 4 7  |2 5 6 7 9 
  -0.000408583307482  2232231433  |0 1 3 4 7  |2 5 7 8 9 
  -0.000408582433079  3323321422  |2 5 7 8 9  |0 1 3 4 7 
   0.000408412790050  3242423131  |1 2 3 4 5  |0 2 4 6 8 
   0.000408412162551  4343212123  |0 2 4 6 8  |0 1 2 3 9 
  -0.000408388852939  4242313132  |0 1 2 3 9  |0 2 4 6 8 
  -0.000408388243286  2343432121  |0 2 4 6 8  |1 2 3 4 5 
   0.000407986075925  4431212332  |0 1 4 6 9  |0 1 2 7 8 
  -0.000407978733967  2134423321  |0 3 4 5 8  |2 3 4 6 7 
   0.000407977625041  3124432231  |2 3 4 6 7  |0 3 4 5 8 
   0.000407939136450  1143144232  |2 5 6 7 9  |2 3 5 6 8 
  -0.000407774713586  2324141134  |0 2 3 5 9  |1 3 5 8 9 
   0.000407758429400  1423243114  |1 2 4 5 9  |1 3 5 6 9 
  -0.000407264847343  1142424331  |2 3 4 5 6  |2 4 6 7 8 
  -0.000407262310268  4341112243  |0 2 6 7 8  |0 1 2 8 9 
  -0.000407261696803  4241113342  |0 1 2 8 9  |0 2 6 7 8 
  -0.000407186367053  1334243122  |3 4 5 8 9  |1 2 3 5 6 
   0.000407177657907  2433122134  |0 1 5 6 9  |1 2 3 8 9 
  -0.000407176093141  3422133124  |1 2 3 8 9  |0 1 5 6 9 
  -0.000406595226363  4412313412  |0 1 3 7 9  |0 1 4 6 7 
   0.000406590792162  3214421431  |1 3 4 5 7  |0 3 4 7 8 
   0.000406590203523  2314431421  |0 3 4 7 8  |1 3 4 5 7 
   0.000406189021221  4123414114  |0 2 4 6 9  |0 3 4 6 9 
  -0.000406181998202  4321441141  |0 2 4 5 8  |0 1 4 5 8 
   0.000406056612718  3312223423  |3 4 5 7 8  |0 1 6 7 9 
  -0.000405371347781  4312314412  |0 3 6 7 9  |0 1 4 6 7 
  -0.000405370479557  3213421441  |1 4 5 7 8  |0 3 4 7 8 
  -0.000405018879057  3244212313  |1 2 3 4 6  |0 2 3 7 9 
   0.000405016923855  2344313212  |0 2 3 7 9  |1 2 3 4 6 
  -0.000405013719564  3443221231  |1 2 4 5 7  |0 1 2 3 8 
   0.000405013313225  2442331321  |0 1 2 3 8  |1 2 4 5 7 
  -0.000404906096440  4244114131  |0 1 2 3 6  |0 2 3 6 8 
  -0.000404905925383  1442413141  |1 2 3 4 8  |1 2 4 6 8 
   0.000404905782070  4344114121  |0 2 3 6 8  |0 1 2 3 6 
  -0.000404799669868  2234123332  |0 1 3 5 9  |2 3 6 7 8 
  -0.000404799007864  3324132223  |2 3 6 7 8  |0 1 3 5 9 
  -0.000404791844144  1432223332  |1 3 4 5 9  |1 2 6 7 8 
  -0.000403998008109  3143142142  |2 5 6 8 9  |0 2 3 5 8 
  -0.000403269160771  2243121334  |0 1 2 5 9  |2 3 7 8 9 
   0.000402882973133  3223142134  |1 2 5 6 9  |0 3 5 8 9 
   0.000402329610213  2322241333  |0 2 3 4 5  |1 5 7 8 9 
  -0.000402329061989  3332322214  |3 5 6 7 9  |0 1 2 4 9 
  -0.000402327747558  2223233314  |0 1 2 4 9  |3 5 6 7 9 
   0.000402327555080  3233341222  |1 5 7 8 9  |0 2 3 4 5 
  -0.000402092149289  1444321141  |1 2 3 5 8  |1 2 3 4 8 
  -0.000402086887058  2444114113  |0 1 2 3 6  |1 2 3 6 9 
   0.000402086333195  3444114112  |1 2 3 6 9  |0 1 2 3 6 
  -0.000402084119966  4224313141  |0 1 2 3 8  |0 3 4 6 8 
   0.000402082320182  3232322143  |1 3 5 6 8  |0 2 4 8 9 
  -0.000402081149096  4334212141  |0 3 4 6 8  |0 1 2 3 8 
   0.000402074879526  2433414121  |0 1 4 6 8  |1 2 3 4 6 
   0.000402073025264  3422414131  |1 2 3 4 6  |0 1 4 6 8 
  -0.000402069136058  2323224133  |0 2 4 5 6  |1 3 6 8 9 
   0.000401760601147  1244341411  |1 2 3 5 7  |2 3 4 5 7 
  -0.000401749868152  3442111414  |1 2 3 7 9  |0 1 2 7 9 
   0.000401163679484  4412321341  |0 1 3 5 8  |0 1 4 7 8 
   0.000401148161163  3133242232  |4 5 6 7 9  |0 2 3 5 8 
  -0.000400638796683  1142444131  |2 3 4 5 6  |2 4 5 6 8 
   0.000400627790645  4341112144  |0 2 6 8 9  |0 1 2 8 9 
  -0.000400596751037  4241113144  |0 1 2 8 9  |0 2 6 8 9 
   0.000400580312646  1143444121  |2 4 5 6 8  |2 3 4 5 6 
  -0.000400318092672  2233332232  |0 1 6 7 9  |2 3 4 5 8 
   0.000400316256190  3322223323  |2 3 4 5 8  |0 1 6 7 9 
  -0.000400310007052  3123444121  |2 4 5 6 8  |0 3 4 5 6 
   0.000400309849984  3332223223  |3 4 5 7 8  |0 1 2 6 9 
   0.000400307247517  4321312144  |0 2 6 8 9  |0 1 4 8 9 
   0.000400306642761  4231213144  |0 1 4 8 9  |0 2 6 8 9 
  -0.000400064092614  1434421141  |1 3 4 5 8  |1 2 3 4 8 
   0.000400063986362  1424431141  |1 2 3 4 8  |1 3 4 5 8 
  -0.000400054520494  4424114113  |0 1 2 3 6  |0 1 3 6 9 
  -0.000399602957384  1124143234  |2 3 5 7 9  |3 5 6 8 9 
  -0.000399600348599  1431142324  |1 5 6 8 9  |1 2 5 7 9 
   0.000399384062218  4131232243  |0 4 6 7 8  |0 2 5 8 9 
   0.000399382209816  2131434223  |0 4 6 7 8  |2 4 5 6 9 
  -0.000399381985290  3121424332  |2 4 5 6 9  |0 4 6 7 8 
  -0.000399184598001  2342431132  |0 2 3 4 9  |1 2 4 5 8 
  -0.000399175160483  4243223113  |0 1 2 4 5  |0 2 3 6 9 
   0.000399174163105  4342332112  |0 2 3 6 9  |0 1 2 4 5 
   0.000399069030657  1423233241  |1 2 4 7 8  |1 3 5 6 8 
  -0.000399060412592  3234114322  |1 3 6 8 9  |0 2 3 6 7 
  -0.000398943787333  2214433141  |0 1 3 4 8  |3 4 5 6 8 
  -0.000398943768622  3314422141  |3 4 5 6 8  |0 1 3 4 8 
   0.000398939501568  4413314122  |0 1 6 8 9  |0 1 3 4 6 
   0.000398939419523  4412214133  |0 1 3 4 6  |0 1 6 8 9 
  -0.000398673864923  3422341141  |1 2 3 5 8  |0 1 4 5 8 
  -0.000398670942379  3224314114  |1 2 3 6 9  |0 3 4 6 9 
   0.000398520127521  4423331212  |0 1 2 7 9  |0 1 3 4 5 
  -0.000398519585395  4432221313  |0 1 3 4 5  |0 1 2 7 9 
   0.000398518019240  2234431312  |0 1 3 4 9  |2 3 4 5 7 
  -0.000398518008999  3324421213  |2 3 4 5 7  |0 1 3 4 9 
  -0.000398502378017  4324314211  |0 2 3 6 7  |0 1 3 4 6 
  -0.000398499667390  4234214311  |0 1 3 4 6  |0 2 3 6 7 
  -0.000398475562423  3423411241  |1 2 4 7 8  |0 1 3 4 8 
  -0.000397714585539  4223214313  |0 1 2 4 6  |0 3 6 7 9 
   0.000397713749895  4332314212  |0 3 6 7 9  |0 1 2 4 6 
  -0.000397701332105  3233421241  |1 4 5 7 8  |0 2 3 4 8 
  -0.000397541650353  2334421312  |0 3 4 5 9  |1 2 3 4 7 
   0.000397536031031  4433221312  |0 1 4 5 9  |0 1 2 3 7 
   0.000397026668752  1413443221  |1 4 5 7 8  |1 3 4 5 6 
   0.000397018832608  1412442331  |1 3 4 5 6  |1 4 5 7 8 
  -0.000397016637118  4214113324  |0 1 3 8 9  |0 3 6 7 9 
  -0.000397011856573  4314112234  |0 3 6 7 9  |0 1 3 8 9 
   0.000396786828391  1423223323  |1 2 4 5 8  |1 3 6 7 9 
   0.000396784950658  1432332232  |1 3 6 7 9  |1 2 4 5 8 
   0.000396777065134  3234123223  |1 3 5 7 8  |0 2 3 6 9 
   0.000396775752969  2324132332  |0 2 3 6 9  |1 3 5 7 8 
  -0.000396301451304  4313413222  |0 4 7 8 9  |0 1 3 4 6 
  -0.000396119386030  1144143223  |2 3 5 7 8  |2 3 5 6 9 
  -0.000396011755557  4213232332  |0 1 4 6 9  |0 3 5 7 8 
   0.000395554308047  3441112144  |1 2 6 8 9  |0 1 2 8 9 
  -0.000395545604731  2441113144  |0 1 2 8 9  |1 2 6 8 9 
  -0.000395528713490  1144244131  |2 3 4 5 6  |2 3 5 6 8 
   0.000395510472610  1144344121  |2 3 5 6 8  |2 3 4 5 6 
  -0.000395475285429  1424423113  |1 2 3 4 5  |1 3 4 6 9 
   0.000395473139100  4434121123  |0 1 3 5 8  |0 1 2 3 9 
  -0.000395472238693  1434432112  |1 3 4 6 9  |1 2 3 4 5 
   0.000395212345627  4221413314  |0 1 2 4 9  |0 4 6 7 9 
   0.000395212245231  4331412214  |0 4 6 7 9  |0 1 2 4 9 
  -0.000395209123925  4122441331  |0 2 3 4 5  |0 4 5 7 8 
  -0.000395209105627  4133441221  |0 4 5 7 8  |0 2 3 4 5 
  -0.000394869793538  1432123144  |1 3 5 8 9  |1 2 6 8 9 
   0.000394865980621  1324144123  |2 3 5 6 8  |1 3 5 6 9 
   0.000394775146336  4131332242  |0 6 7 8 9  |0 2 4 5 8 
  -0.000394775022245  4121223343  |0 2 4 5 8  |0 6 7 8 9 
  -0.000394762391250  2121434332  |0 2 4 6 9  |4 5 6 7 8 
  -0.000394755120923  2322332314  |0 2 3 6 9  |1 4 5 7 9 
  -0.000394753771998  3233223214  |1 4 5 7 9  |0 2 3 6 9 
   0.000394749081551  3223241323  |1 2 4 5 8  |0 3 5 7 9 
   0.000393967166994  4422311143  |0 1 2 3 8  |0 1 4 8 9 
   0.000393959964951  4433211142  |0 1 4 8 9  |0 1 2 3 8 
   0.000393925927701  2123334232  |0 2 6 7 9  |3 4 5 6 8 
  -0.000393925436581  2231332342  |0 1 6 8 9  |2 4 5 7 8 
  -0.000393922461742  3321223243  |2 4 5 7 8  |0 1 6 8 9 
   0.000393914107045  2334424111  |0 3 4 5 6  |1 2 3 4 6 
   0.000393907068553  3224434111  |1 2 3 4 6  |0 3 4 5 6 
   0.000393413997235  3344142112  |2 3 5 6 9  |0 1 2 3 5 
  -0.000393378770399  4431212323  |0 1 4 6 8  |0 1 2 7 9 
   0.000393377983532  4421313232  |0 1 2 7 9  |0 1 4 6 8 
   0.000393370727977  2134432321  |0 3 4 6 8  |2 3 4 5 7 
  -0.000393370431683  3124423231  |2 3 4 5 7  |0 3 4 6 8 
  -0.000393170090657  1334424211  |3 4 5 6 7  |1 2 3 4 6 
  -0.000393169641359  4422111343  |0 1 2 3 8  |0 1 7 8 9 
  -0.000393166322259  4433111242  |0 1 7 8 9  |0 1 2 3 8 
  -0.000393165779171  1224434311  |1 2 3 4 6  |3 4 5 6 7 
   0.000392914060739  2112434413  |0 3 4 6 7  |4 5 6 7 9 
   0.000392913562551  3113424412  |4 5 6 7 9  |0 3 4 6 7 
   0.000392908547903  4311321442  |0 5 7 8 9  |0 1 4 7 8 
   0.000392908117871  4211231443  |0 1 4 7 8  |0 5 7 8 9 
  -0.000392304461874  2343113224  |0 2 7 8 9  |1 2 3 6 9 
   0.000392298617758  1242343321  |1 2 3 5 8  |2 4 5 6 7 
   0.000392289363814  2234133223  |0 1 3 7 8  |2 3 5 6 9 
   0.000392287987138  3324122332  |2 3 5 6 9  |0 1 3 7 8 
   0.000392285997623  1423323322  |1 2 5 8 9  |1 3 4 6 7 
   0.000392284196549  1432232233  |1 3 4 6 7  |1 2 5 8 9 
  -0.000391902720888  4241313232  |0 1 2 7 9  |0 2 4 6 8 
   0.000391900456490  4341212323  |0 2 4 6 8  |0 1 2 7 9 
  -0.000391897371964  3142423231  |2 3 4 5 7  |0 2 4 6 8 
   0.000391897099263  2143432321  |0 2 4 6 8  |2 3 4 5 7 
  -0.000390978226788  2433211414  |0 1 4 7 9  |1 2 3 7 9 
  -0.000390976498190  3224341411  |1 2 3 5 7  |0 3 4 5 7 
   0.000390628321361  3112424413  |3 4 5 6 7  |0 4 6 7 9 
   0.000390628196709  4311221443  |0 4 5 7 8  |0 1 7 8 9 
   0.000390627520806  4211331442  |0 1 7 8 9  |0 4 5 7 8 
   0.000390627424078  2113434412  |0 4 6 7 9  |3 4 5 6 7 
   0.000390281507272  2144233312  |0 2 3 4 9  |2 3 5 6 7 
  -0.000390278947459  2441221333  |0 1 2 4 5  |1 2 7 8 9 
   0.000390275807403  3441331222  |1 2 7 8 9  |0 1 2 4 5 
  -0.000390272807398  1241334124  |1 2 6 8 9  |2 4 5 6 9 
   0.000390264700798  2143143142  |0 2 5 8 9  |2 3 5 6 8 
   0.000390198422843  4233323122  |0 1 5 8 9  |0 2 3 4 6 
   0.000390197910633  4322232133  |0 2 3 4 6  |0 1 5 8 9 
   0.000390196621585  2223433123  |0 1 2 4 8  |3 4 5 6 9 
   0.000390196320659  3332422132  |3 4 5 6 9  |0 1 2 4 8 
  -0.000390064648585  4144111234  |0 2 3 7 9  |0 2 3 8 9 
  -0.000390032109422  3224423131  |1 2 3 4 5  |0 3 4 6 8 
   0.000390023850851  2334432121  |0 3 4 6 8  |1 2 3 4 5 
  -0.000390006768294  4433212123  |0 1 4 6 8  |0 1 2 3 9 
   0.000389996959716  4422313132  |0 1 2 3 9  |0 1 4 6 8 
   0.000389838631951  1234244131  |1 3 4 5 6  |2 3 5 6 8 
  -0.000389837357960  3423112144  |1 2 6 8 9  |0 1 3 8 9 
  -0.000389836667223  2432113144  |0 1 3 8 9  |1 2 6 8 9 
  -0.000389527558155  2144344111  |0 2 3 5 6  |2 3 4 5 6 
   0.000389526404751  3144244111  |2 3 4 5 6  |0 2 3 5 6 
  -0.000389242210546  3223131244  |1 2 7 8 9  |0 3 5 8 9 
   0.000389178738520  1444321321  |1 2 3 5 8  |1 2 3 4 7 
   0.000389162828660  3444112312  |1 2 3 6 9  |0 1 2 3 7 
  -0.000388954804679  3341422114  |2 4 5 6 9  |0 1 2 4 9 
  -0.000388954797681  2241433114  |0 1 2 4 9  |2 4 5 6 9 
   0.000388950597405  4142241133  |0 2 3 4 5  |0 2 5 8 9 
   0.000388931069187  3342321241  |2 3 5 7 8  |0 1 2 4 8 
  -0.000388930990728  2243231341  |0 1 2 4 8  |2 3 5 7 8 
  -0.000388920823883  2342214313  |0 2 3 4 6  |1 2 6 7 9 
  -0.000388744240621  1231244143  |1 4 5 6 8  |2 5 6 8 9 
  -0.000388741275954  1321344142  |2 5 6 8 9  |1 4 5 6 8 
  -0.000388733622834  2132134144  |0 3 6 8 9  |2 5 6 8 9 
   0.000388713494262  3214441213  |1 3 4 5 7  |0 3 4 5 9 
  -0.000388482370169  4133214421  |0 4 6 7 8  |0 2 3 6 7 
   0.000388481173800  2331412441  |0 4 6 7 8  |1 2 4 7 8 
   0.000388480649686  3221413441  |1 2 4 7 8  |0 4 6 7 8 
  -0.000387956574262  4242411133  |0 1 2 3 4  |0 2 4 8 9 
  -0.000387954057668  4343411122  |0 2 4 8 9  |0 1 2 3 4 
   0.000387952186802  4343422111  |0 2 4 5 6  |0 1 2 3 4 
   0.000387950925514  4242433111  |0 1 2 3 4  |0 2 4 5 6 
   0.000387790562790  1212434341  |1 3 4 6 8  |4 5 6 7 8 
  -0.000387770967998  4241412313  |0 1 2 4 6  |0 2 4 7 9 
  -0.000387768806618  4341413212  |0 2 4 7 9  |0 1 2 4 6 
  -0.000387754042419  4143421231  |0 2 4 5 7  |0 2 3 4 8 
  -0.000387753508208  4142431321  |0 2 3 4 8  |0 2 4 5 7 
  -0.000387744990554  1324424311  |2 3 4 5 6  |1 3 4 6 7 
  -0.000387744019290  4432111243  |0 1 3 7 8  |0 1 2 8 9 
  -0.000387740927214  1234434211  |1 3 4 6 7  |2 3 4 5 6 
  -0.000387740744704  4423111342  |0 1 2 8 9  |0 1 3 7 8 
   0.000387024967177  3412341241  |1 3 5 7 8  |0 1 4 5 8 
   0.000386694162947  2241143134  |0 1 2 5 9  |2 5 6 8 9 
   0.000386693802741  3341142124  |2 5 6 8 9  |0 1 2 5 9 
   0.000386693133152  1142243134  |2 3 4 5 9  |2 5 6 8 9 
   0.000386489021076  3122414431  |2 3 4 6 7  |0 4 6 7 8 
   0.000386488101794  2133414421  |0 4 6 7 8  |2 3 4 6 7 
  -0.000386480772761  4331212441  |0 4 6 7 8  |0 1 2 7 8 
   0.000386312239472  2332321441  |0 3 5 7 8  |1 2 4 7 8 
   0.000386015138438  1234142143  |1 3 5 6 8  |2 3 5 8 9 
   0.000385912452516  1443322312  |1 2 5 6 9  |1 2 3 4 7 
  -0.000385911327710  1442233213  |1 2 3 4 7  |1 2 5 6 9 
  -0.000385522506159  3232332142  |1 3 6 8 9  |0 2 4 5 8 
   0.000385521141796  3232324123  |1 3 5 6 8  |0 2 4 6 9 
   0.000385519085707  2323234132  |0 2 4 6 9  |1 3 5 6 8 
  -0.000385255231506  2312141434  |0 3 5 7 9  |1 5 7 8 9 
  -0.000385252273679  3213141424  |1 5 7 8 9  |0 3 5 7 9 
   0.000385251877034  1312342414  |3 5 6 7 9  |1 4 5 7 9 
  -0.000384992559465  2414221333  |0 1 3 4 5  |1 3 7 8 9 
   0.000384991274197  3414331222  |1 3 7 8 9  |0 1 3 4 5 
   0.000384376049439  4234111144  |0 1 3 8 9  |0 2 3 8 9 
   0.000384367261238  1423444111  |1 2 4 5 6  |1 3 4 5 6 
  -0.000383559345839  2122334233  |0 2 3 6 7  |4 5 6 8 9 
  -0.000383557621407  3133224322  |4 5 6 8 9  |0 2 3 6 7 
   0.000383381738981  1432223233  |1 3 4 5 7  |1 2 6 8 9 
   0.000383379904438  1423332322  |1 2 6 8 9  |1 3 4 5 7 
   0.000383368989692  3324122323  |2 3 5 6 8  |0 1 3 7 9 
   0.000383367702990  2234133232  |0 1 3 7 9  |2 3 5 6 8 
  -0.000383012396381  2414123332  |0 1 3 5 9  |1 3 6 7 8 
  -0.000382519369238  3234314221  |1 3 6 7 8  |0 2 3 4 6 
   0.000382519114486  2324214331  |0 2 3 4 6  |1 3 6 7 8 
  -0.000382519014703  3432312241  |1 3 6 7 8  |0 1 2 4 8 
  -0.000381986278173  3442311214  |1 2 3 7 9  |0 1 2 4 9 
   0.000381979438273  3244341211  |1 2 3 5 7  |0 2 3 4 5 
  -0.000381647116851  1143424321  |2 4 5 6 8  |2 3 4 6 7 
  -0.000381646628992  1142434231  |2 3 4 6 7  |2 4 5 6 8 
  -0.000381640672907  4341112342  |0 2 6 8 9  |0 1 2 7 8 
   0.000381575683364  1424323321  |1 2 3 5 8  |1 3 4 6 7 
  -0.000381574388124  1434232231  |1 3 4 6 7  |1 2 3 5 8 
   0.000381572646811  2434113223  |0 1 3 7 8  |1 2 3 6 9 
  -0.000381571937125  3424112332  |1 2 3 6 9  |0 1 3 7 8 
   0.000380878148181  3413222323  |1 4 5 6 8  |0 1 3 7 9 
   0.000380877232490  2412333232  |0 1 3 7 9  |1 4 5 6 8 
  -0.000380867481371  3214223233  |1 3 4 5 7  |0 3 6 8 9 
  -0.000380866167320  2314332322  |0 3 6 8 9  |1 3 4 5 7 
  -0.000380516234680  3434322121  |1 3 5 6 8  |0 1 2 3 4 
   0.000380513646421  2424233131  |0 1 2 3 4  |1 3 5 6 8 
  -0.000380509156407  2424213133  |0 1 2 3 4  |1 3 6 8 9 
   0.000380506711205  3434312122  |1 3 6 8 9  |0 1 2 3 4 
   0.000379578385508  2333422411  |0 4 5 6 7  |1 2 3 4 7 
  -0.000379566231752  4222311433  |0 1 2 3 7  |0 4 7 8 9 
   0.000379564850443  4333211422  |0 4 7 8 9  |0 1 2 3 7 
   0.000379307181799  2324341321  |0 2 3 5 8  |1 3 4 5 7 
  -0.000379305806995  3234241231  |1 3 4 5 7  |0 2 3 5 8 
  -0.000379297139309  2432313214  |0 1 3 7 9  |1 2 4 6 9 
   0.000379296258662  3423212314  |1 2 4 6 9  |0 1 3 7 9 
  -0.000379207304812  1342343221  |2 3 5 7 8  |1 2 4 5 6 
   0.000379207049672  1243242331  |1 2 4 5 6  |2 3 5 7 8 
  -0.000379083680341  3424411213  |1 2 3 4 7  |0 1 3 4 9 
  -0.000379082747397  2434411312  |0 1 3 4 9  |1 2 3 4 7 
  -0.000379081885966  2142133324  |0 2 3 8 9  |2 5 6 7 9 
  -0.000379077083591  4424331211  |0 1 2 3 7  |0 1 3 4 5 
  -0.000379076167588  4434221311  |0 1 3 4 5  |0 1 2 3 7 
   0.000378987947476  1332324223  |3 5 6 7 8  |1 2 4 6 9 
   0.000378987167082  1223234332  |1 2 4 6 9  |3 5 6 7 8 
   0.000377521776368  3423312214  |1 2 6 7 9  |0 1 3 4 9 
  -0.000377330218510  2121334243  |0 2 6 7 8  |4 5 6 8 9 
   0.000377328017452  3131224342  |4 5 6 8 9  |0 2 6 7 8 
  -0.000377012026129  2442141133  |0 1 2 3 5  |1 2 5 8 9 
   0.000376627821833  2321323324  |0 2 5 8 9  |1 4 6 7 9 
  -0.000375879309685  3141412441  |2 4 6 7 8  |0 2 4 7 8 
   0.000375742643972  1141442431  |2 4 5 6 7  |2 4 5 7 8 
  -0.000374706144487  3422323141  |1 2 3 5 8  |0 1 4 6 8 
  -0.000374680433940  3224314132  |1 2 3 6 9  |0 3 4 6 8 
   0.000374680122325  2334214123  |0 3 4 6 8  |1 2 3 6 9 
  -0.000374351451775  4412113144  |0 1 3 8 9  |0 1 6 8 9 
  -0.000374340767574  1214444131  |1 3 4 5 6  |3 4 5 6 8 
   0.000373484252819  1241243332  |1 2 4 5 9  |2 5 6 7 8 
  -0.000373291214254  4431312322  |0 1 6 8 9  |0 1 2 4 7 
   0.000373290605696  4421213233  |0 1 2 4 7  |0 1 6 8 9 
   0.000373283981227  3134422321  |3 4 5 6 8  |0 2 3 4 7 
  -0.000373283408078  2124433231  |0 2 3 4 7  |3 4 5 6 8 
   0.000373084973214  4123214143  |0 2 4 6 8  |0 3 6 8 9 
   0.000373078551298  4132314142  |0 3 6 8 9  |0 2 4 6 8 
   0.000373073302788  3231424141  |1 4 5 6 8  |0 2 4 6 8 
   0.000373070531826  2321434141  |0 2 4 6 8  |1 4 5 6 8 
  -0.000372933471963  2434311322  |0 1 3 8 9  |1 2 3 4 7 
  -0.000372918975872  3434222311  |1 3 4 5 6  |0 1 2 3 7 
   0.000372918954874  2424333211  |0 1 2 3 7  |1 3 4 5 6 
  -0.000372706002418  4432312141  |0 1 3 6 8  |0 1 2 4 8 
   0.000372703630105  2324414131  |0 2 3 4 6  |1 3 4 6 8 
  -0.000372701844027  4423213141  |0 1 2 4 8  |0 1 3 6 8 
   0.000372699346835  3234414121  |1 3 4 6 8  |0 2 3 4 6 
  -0.000372329122302  4233421411  |0 1 4 5 7  |0 2 3 4 7 
  -0.000372326665478  4322431411  |0 2 3 4 7  |0 1 4 5 7 
  -0.000372320938012  4223411413  |0 1 2 4 7  |0 3 4 7 9 
  -0.000372319170710  4332411412  |0 3 4 7 9  |0 1 2 4 7 
  -0.000372208718532  2332123243  |0 3 5 7 8  |1 2 6 8 9 
  -0.000372114413806  2334241132  |0 3 4 5 9  |1 2 3 5 8 
  -0.000371690209205  3232231423  |1 3 4 7 8  |0 2 5 7 9 
   0.000371678346543  3323223412  |2 4 5 7 9  |0 1 3 6 7 
  -0.000371376541035  1442324113  |1 2 3 5 6  |1 2 4 6 9 
  -0.000371364321234  2344121143  |0 2 3 5 8  |1 2 3 8 9 
  -0.000371292290282  2414311414  |0 1 3 7 9  |1 3 4 7 9 
  -0.000370970755005  3414312421  |1 3 6 7 8  |0 1 3 4 7 
  -0.000370970496713  2414213431  |0 1 3 4 7  |1 3 6 7 8 
  -0.000370687591340  3121234234  |2 4 6 7 9  |0 5 6 8 9 
  -0.000370259779593  2344131322  |0 2 3 8 9  |1 2 3 5 7 
   0.000369764219111  4121232343  |0 2 4 6 8  |0 5 7 8 9 
   0.000369581157493  3234241411  |1 3 4 5 7  |0 2 3 5 7 
   0.000369578461591  3423211414  |1 2 4 7 9  |0 1 3 7 9 
  -0.000369312327334  4131223243  |0 4 5 7 8  |0 2 6 8 9 
   0.000369312242098  4121332342  |0 2 6 8 9  |0 4 5 7 8 
  -0.000369305776799  2131434232  |0 4 6 7 9  |2 4 5 6 8 
  -0.000369214021612  1421223343  |1 2 4 5 8  |1 6 7 8 9 
   0.000369212534825  1431332242  |1 6 7 8 9  |1 2 4 5 8 
   0.000369207081285  3134124223  |3 5 6 7 8  |0 2 3 6 9 
  -0.000369021513491  1444131412  |1 2 3 7 9  |1 2 3 5 7 
  -0.000368952163622  4234213213  |0 1 3 4 7  |0 2 3 6 9 
   0.000368944243834  3423421321  |1 2 4 5 8  |0 1 3 4 7 
  -0.000368932149547  2432431231  |0 1 3 4 7  |1 2 4 5 8 
   0.000368921184740  4324312312  |0 2 3 6 9  |0 1 3 4 7 
   0.000368892514381  4114312432  |0 3 6 7 9  |0 3 4 7 8 
   0.000368891803107  4114213423  |0 3 4 7 8  |0 3 6 7 9 
   0.000368890691583  3411423421  |1 4 5 7 8  |0 1 4 6 7 
   0.000368750720476  1232334322  |1 3 6 8 9  |2 4 5 6 7 
  -0.000368749217308  3232323214  |1 3 5 7 9  |0 2 4 6 9 
  -0.000368747843373  2323232314  |0 2 4 6 9  |1 3 5 7 9 
   0.000368744074707  2323241323  |0 2 4 5 8  |1 3 5 7 9 
   0.000368742111640  3232341232  |1 3 5 7 9  |0 2 4 5 8 
  -0.000368710663205  4322414311  |0 2 3 4 6  |0 1 4 6 7 
  -0.000368709795012  4233414211  |0 1 4 6 7  |0 2 3 4 6 
  -0.000368708070168  4223411341  |0 1 2 4 8  |0 3 4 7 8 
  -0.000368708009762  4332411241  |0 3 4 7 8  |0 1 2 4 8 
  -0.000368167366515  4134412141  |0 3 4 6 8  |0 2 3 4 8 
  -0.000368164174980  4431414121  |0 1 4 6 8  |0 1 2 4 6 
   0.000368163412841  4421414131  |0 1 2 4 6  |0 1 4 6 8 
   0.000368092539307  2223333412  |0 1 2 7 9  |3 4 5 6 7 
   0.000368091251560  3332222413  |3 4 5 6 7  |0 1 2 7 9 
  -0.000368081059377  2233331422  |0 1 7 8 9  |2 3 4 5 7 
  -0.000368080219132  3322221433  |2 3 4 5 7  |0 1 7 8 9 
   0.000368003824743  1321243144  |2 4 5 8 9  |1 5 6 8 9 
   0.000367744721511  4322412313  |0 2 3 4 6  |0 1 4 7 9 
  -0.000367735647739  4233413212  |0 1 4 7 9  |0 2 3 4 6 
  -0.000367735025774  4332421231  |0 3 4 5 7  |0 1 2 4 8 
   0.000367726150295  4223431321  |0 1 2 4 8  |0 3 4 5 7 
  -0.000367716258848  1431223243  |1 4 5 7 8  |1 2 6 8 9 
   0.000367708075678  3124124323  |2 3 5 6 8  |0 3 6 7 9 
  -0.000367589501821  1324134214  |2 3 6 7 9  |1 3 5 6 9 
  -0.000367547748231  3341422411  |2 4 5 6 7  |0 1 2 4 7 
  -0.000367547654188  2241433411  |0 1 2 4 7  |2 4 5 6 7 
   0.000367544327759  4142211433  |0 2 3 4 7  |0 2 7 8 9 
  -0.000367416505628  2234231413  |0 1 3 4 7  |2 3 5 7 9 
  -0.000367413983747  3423321412  |1 2 5 7 9  |0 1 3 4 7 
   0.000367413657891  3324321412  |2 3 5 7 9  |0 1 3 4 7 
   0.000367412608976  2432231413  |0 1 3 4 7  |1 2 5 7 9 
   0.000366870666494  1141242343  |2 4 5 6 8  |2 5 7 8 9 
  -0.000366860904863  2122343233  |0 2 3 5 7  |4 5 6 8 9 
   0.000366859677339  3141124234  |2 5 6 7 9  |0 2 6 8 9 
   0.000366624553078  2232343123  |0 1 3 5 8  |2 4 5 6 9 
   0.000366271756924  4121443141  |0 2 4 5 8  |0 4 5 6 8 
  -0.000366099186999  1443242131  |1 2 4 5 6  |1 2 3 5 8 
  -0.000366087966706  3244112134  |1 2 3 6 9  |0 2 3 8 9 
   0.000366033991310  3214332232  |1 3 6 7 9  |0 3 4 5 8 
  -0.000366029338320  2413232332  |0 1 4 6 9  |1 3 5 7 8 
   0.000365826346281  1144423411  |2 3 4 5 7  |2 3 4 6 7 
   0.000365821692259  4441111432  |0 1 2 7 9  |0 1 2 7 8 
  -0.000365251973146  2343214213  |0 2 4 6 7  |1 2 3 6 9 
   0.000365251639281  3242314312  |1 2 3 6 9  |0 2 4 6 7 
   0.000365241506294  3242321341  |1 2 3 5 8  |0 2 4 7 8 
  -0.000365240575723  2343231241  |0 2 4 7 8  |1 2 3 5 8 
  -0.000365118435087  3442321141  |1 2 3 5 8  |0 1 2 4 8 
  -0.000365113217428  2443231141  |0 1 2 4 8  |1 2 3 5 8 
  -0.000365089642565  2344214113  |0 2 3 4 6  |1 2 3 6 9 
  -0.000365076248656  3244314112  |1 2 3 6 9  |0 2 3 4 6 
   0.000364925097694  3144322123  |2 3 5 6 8  |0 2 3 4 9 
  -0.000364923580590  2144233132  |0 2 3 4 9  |2 3 5 6 8 
   0.000364923455086  2441223133  |0 1 2 4 5  |1 2 6 8 9 
  -0.000364509333198  4421411323  |0 1 2 4 8  |0 1 4 7 9 
  -0.000364496265397  4431411232  |0 1 4 7 9  |0 1 2 4 8 
   0.000364483755735  4134423211  |0 3 4 5 7  |0 2 3 4 6 
   0.000364470567868  4124432311  |0 2 3 4 6  |0 3 4 5 7 
   0.000363858172245  2443232131  |0 1 2 4 6  |1 2 3 5 8 
   0.000363842302881  3244312132  |1 2 3 6 9  |0 2 3 4 8 
  -0.000363841946140  2344213123  |0 2 3 4 8  |1 2 3 6 9 
   0.000363823235226  4412314132  |0 1 3 6 9  |0 1 4 6 8 
   0.000362979169691  3323223142  |2 4 5 8 9  |0 1 3 6 8 
   0.000362634616217  4413412132  |0 1 4 6 9  |0 1 3 4 8 
   0.000362633078497  4412413123  |0 1 3 4 8  |0 1 4 6 9 
   0.000362627448410  4214432131  |0 1 3 4 6  |0 3 4 5 8 
   0.000362626546424  4314423121  |0 3 4 5 8  |0 1 3 4 6 
  -0.000361949839723  2232333214  |0 1 3 7 9  |2 4 5 6 9 
  -0.000361948488895  3323222314  |2 4 5 6 9  |0 1 3 7 9 
   0.000361948293608  2323341322  |0 2 5 8 9  |1 3 4 5 7 
   0.000361946450681  3232241233  |1 3 4 5 7  |0 2 5 8 9 
  -0.000361884068724  3224443111  |1 2 3 4 5  |0 3 4 5 6 
  -0.000361883079753  2334442111  |0 3 4 5 6  |1 2 3 4 5 
   0.000361876650760  4433211124  |0 1 4 8 9  |0 1 2 3 9 
   0.000361876255610  4422311134  |0 1 2 3 9  |0 1 4 8 9 
   0.000361538511686  2323413421  |0 2 4 7 8  |1 3 4 6 7 
  -0.000361538089780  3232412431  |1 3 4 6 7  |0 2 4 7 8 
  -0.000361535856792  4323212431  |0 2 4 6 7  |0 1 3 7 8 
   0.000361535547366  4232313421  |0 1 3 7 8  |0 2 4 6 7 
  -0.000361178823482  3334241221  |3 4 5 7 8  |0 1 2 3 5 
   0.000361050269011  3231432142  |1 4 6 8 9  |0 2 4 5 8 
   0.000360897114514  1134424321  |3 4 5 6 8  |2 3 4 6 7 
   0.000360573555742  3412322332  |1 3 5 6 9  |0 1 4 7 8 
   0.000360572632223  2413233223  |0 1 4 7 8  |1 3 5 6 9 
  -0.000360571337677  2314232233  |0 3 4 6 7  |1 3 5 8 9 
  -0.000360569869135  3214323322  |1 3 5 8 9  |0 3 4 6 7 
   0.000360542575388  2444311141  |0 1 2 3 8  |1 2 3 4 8 
   0.000360539951043  2444314111  |0 1 2 3 6  |1 2 3 4 6 
  -0.000360538812584  3444214111  |1 2 3 4 6  |0 1 2 3 6 
  -0.000360383534234  4132441231  |0 3 4 5 7  |0 2 4 5 8 
  -0.000360383454050  4123441321  |0 2 4 5 8  |0 3 4 5 7 
   0.000360379614451  4231413214  |0 1 4 7 9  |0 2 4 6 9 
   0.000360191770260  1323442132  |2 4 5 6 9  |1 3 4 5 8 
   0.000359950861907  4312413322  |0 3 4 8 9  |0 1 4 6 7 
   0.000359933044807  3424131142  |1 2 3 8 9  |0 1 3 5 8 
  -0.000359884856930  2431141324  |0 1 5 8 9  |1 2 5 7 9 
  -0.000359269558519  1134342214  |3 5 6 7 9  |2 3 4 5 9 
  -0.000359252940596  4243211431  |0 1 2 4 7  |0 2 3 7 8 
  -0.000359251967314  4342311421  |0 2 3 7 8  |0 1 2 4 7 
   0.000359247050030  3243412411  |1 2 4 6 7  |0 2 3 4 7 
   0.000359246309185  2342413411  |0 2 3 4 7  |1 2 4 6 7 
   0.000358988400140  2234132332  |0 1 3 6 9  |2 3 5 7 8 
  -0.000358963352924  3224331322  |1 2 3 8 9  |0 3 4 5 7 
  -0.000358782933303  3241411441  |1 2 4 7 8  |0 2 4 7 8 
   0.000358685208097  4431213322  |0 1 4 8 9  |0 1 2 6 7 
  -0.000358625496203  3321341242  |2 5 7 8 9  |0 1 4 5 8 
   0.000358611182797  3323222413  |2 4 5 6 7  |0 1 3 7 9 
   0.000358609995539  2232333412  |0 1 3 7 9  |2 4 5 6 7 
  -0.000358609916630  3232221433  |1 3 4 5 7  |0 2 7 8 9 
  -0.000358609134758  2323331422  |0 2 7 8 9  |1 3 4 5 7 
   0.000358607865041  3123324214  |2 5 6 7 9  |0 3 4 6 9 
  -0.000358606783892  2132234314  |0 3 4 6 9  |2 5 6 7 9 
  -0.000358125074858  1143124234  |2 5 6 7 9  |2 3 6 8 9 
   0.000357767861180  4442112133  |0 1 2 3 6  |0 1 2 8 9 
   0.000357766759929  4443113122  |0 1 2 8 9  |0 1 2 3 6 
   0.000357765981371  1344422131  |2 3 4 5 6  |1 2 3 4 8 
   0.000357764246315  1244433121  |1 2 3 4 8  |2 3 4 5 6 
   0.000357547831044  3114142324  |3 5 6 8 9  |0 3 5 7 9 
   0.000357121382540  4233223123  |0 1 4 5 8  |0 2 3 6 9 
   0.000357116491867  3223423123  |1 2 4 5 8  |0 3 4 6 9 
  -0.000357058222651  2321241343  |0 2 4 5 8  |1 5 7 8 9 
  -0.000357057467404  3132324214  |3 5 6 7 9  |0 2 4 6 9 
  -0.000356995293911  1342124143  |2 3 5 6 8  |1 2 6 8 9 
   0.000356721029727  4241411134  |0 1 2 4 9  |0 2 4 8 9 
  -0.000356720983326  4341411124  |0 2 4 8 9  |0 1 2 4 9 
   0.000356720930615  4142443111  |0 2 3 4 5  |0 2 4 5 6 
  -0.000356454993226  3122324314  |2 3 5 6 9  |0 4 6 7 9 
  -0.000356450819640  2331241243  |0 4 5 7 8  |1 2 5 8 9 
   0.000356449121261  3221341342  |1 2 5 8 9  |0 4 5 7 8 
   0.000356399161454  2323432123  |0 2 4 6 8  |1 3 4 5 9 
   0.000356380294710  4232323132  |0 1 3 5 9  |0 2 4 6 8 
   0.000356380005032  4323232123  |0 2 4 6 8  |0 1 3 5 9 
  -0.000356251627775  3224314321  |1 2 3 6 8  |0 3 4 6 7 
   0.000356251344409  2334214231  |0 3 4 6 7  |1 2 3 6 8 
  -0.000356247521387  3422312341  |1 2 3 6 8  |0 1 4 7 8 
  -0.000355095716656  2414313421  |0 1 3 7 8  |1 3 4 6 7 
  -0.000355095393937  3414212431  |1 3 4 6 7  |0 1 3 7 8 
  -0.000355030363665  2132343322  |0 3 5 8 9  |2 4 5 6 7 
  -0.000355029872930  2313141424  |0 5 7 8 9  |1 3 5 7 9 
  -0.000355026959256  3212141434  |1 3 5 7 9  |0 5 7 8 9 
   0.000355026764454  1212343414  |1 3 5 7 9  |4 5 6 7 9 
   0.000355024917373  1313242414  |4 5 6 7 9  |1 3 5 7 9 
  -0.000355022343692  2321333224  |0 2 7 8 9  |1 4 5 6 9 
   0.000354812669999  4431311224  |0 1 7 8 9  |0 1 2 4 9 
  -0.000354809736555  2124443311  |0 2 3 4 5  |3 4 5 6 7 
   0.000354809071836  4421211334  |0 1 2 4 9  |0 1 7 8 9 
  -0.000354804855112  3134442211  |3 4 5 6 7  |0 2 3 4 5 
  -0.000354598479810  2242333231  |0 1 2 3 7  |2 4 5 6 8 
  -0.000354598441700  3343222321  |2 4 5 6 8  |0 1 2 3 7 
   0.000354596612344  2343312322  |0 2 6 8 9  |1 2 3 4 7 
   0.000354596453548  3242213233  |1 2 3 4 7  |0 2 6 8 9 
   0.000354271206718  1432433212  |1 3 4 7 9  |1 2 4 5 6 
   0.000354044547672  3223241233  |1 2 4 5 7  |0 3 5 8 9 
   0.000354043558299  2332341322  |0 3 5 8 9  |1 2 4 5 7 
  -0.000354031257323  3233222314  |1 4 5 6 9  |0 2 3 7 9 
  -0.000353874153916  2322134134  |0 2 3 6 9  |1 5 6 8 9 
   0.000352618308841  4342212133  |0 2 3 4 6  |0 1 2 8 9 
   0.000352615816448  3342422131  |2 3 4 5 6  |0 1 2 4 8 
  -0.000352595286120  4243313122  |0 1 2 8 9  |0 2 3 4 6 
  -0.000352588783372  2243433121  |0 1 2 4 8  |2 3 4 5 6 
  -0.000352345635721  2434111423  |0 1 3 7 8  |1 2 3 7 9 
  -0.000352345149083  3424111432  |1 2 3 7 9  |0 1 3 7 8 
  -0.000352157237995  3424212133  |1 2 3 4 6  |0 1 3 8 9 
   0.000352155386021  2434313122  |0 1 3 8 9  |1 2 3 4 6 
  -0.000352152873056  3434222131  |1 3 4 5 6  |0 1 2 3 8 
   0.000352151157032  2424333121  |0 1 2 3 8  |1 3 4 5 6 
   0.000351970137362  2314323421  |0 3 5 7 8  |1 3 4 6 7 
   0.000351963983799  2412313423  |0 1 3 7 8  |1 4 6 7 9 
  -0.000351963335885  3214232431  |1 3 4 6 7  |0 3 5 7 8 
   0.000351963253000  4144232113  |0 2 3 4 6  |0 2 3 5 9 
  -0.000351960819623  3413212432  |1 4 6 7 9  |0 1 3 7 8 
   0.000351946096862  4144323112  |0 2 3 5 9  |0 2 3 4 6 
  -0.000351928586854  3441421132  |1 2 4 5 9  |0 1 2 4 8 
  -0.000351923307156  2441431123  |0 1 2 4 8  |1 2 4 5 9 
   0.000351653431177  4124433211  |0 2 3 4 7  |0 3 4 5 6 
   0.000351651156948  4134422311  |0 3 4 5 6  |0 2 3 4 7 
  -0.000351608270801  4431411322  |0 1 4 8 9  |0 1 2 4 7 
  -0.000351604983657  4421411233  |0 1 2 4 7  |0 1 4 8 9 
  -0.000351391678661  3342322231  |2 3 5 6 7  |0 1 2 4 8 
   0.000351391669188  2342212333  |0 2 3 4 6  |1 2 7 8 9 
   0.000351391267930  3243313222  |1 2 7 8 9  |0 2 3 4 6 
  -0.000350948646920  2344212133  |0 2 3 4 6  |1 2 3 8 9 
   0.000350947562802  3244313122  |1 2 3 8 9  |0 2 3 4 6 
  -0.000350915181611  3442321132  |1 2 3 5 9  |0 1 2 4 8 
   0.000350905946137  2344232113  |0 2 3 4 6  |1 2 3 5 9 
   0.000350902228462  2443231123  |0 1 2 4 8  |1 2 3 5 9 
  -0.000350882769567  3244323112  |1 2 3 5 9  |0 2 3 4 6 
  -0.000350576900542  4121123434  |0 2 5 7 9  |0 6 7 8 9 
  -0.000350357246796  2112443341  |0 3 4 5 8  |4 5 6 7 8 
  -0.000350357242462  3113442241  |4 5 6 7 8  |0 3 4 5 8 
  -0.000350354909194  4211214334  |0 1 4 6 9  |0 6 7 8 9 
  -0.000350026296220  2244133141  |0 1 2 3 8  |2 3 5 6 8 
  -0.000350026275789  3344122141  |2 3 5 6 8  |0 1 2 3 8 
   0.000350022073830  1443314122  |1 2 6 8 9  |1 2 3 4 6 
  -0.000349968620664  4224231133  |0 1 2 3 4  |0 3 5 8 9 
   0.000349966521356  4334321122  |0 3 5 8 9  |0 1 2 3 4 
   0.000349964764255  3433422112  |1 4 5 6 9  |0 1 2 3 4 
  -0.000349963400346  2422433113  |0 1 2 3 4  |1 4 5 6 9 
   0.000349868477287  2244131332  |0 1 2 3 9  |2 3 5 7 8 
  -0.000349858997333  1442223313  |1 2 3 4 5  |1 2 6 7 9 
   0.000349858426831  1443332212  |1 2 6 7 9  |1 2 3 4 5 
   0.000349624206295  2321143144  |0 2 5 8 9  |1 5 6 8 9 
   0.000349285966718  1422331441  |1 2 3 7 8  |1 4 5 7 8 
  -0.000349165163968  3342424111  |2 3 4 5 6  |0 1 2 4 6 
  -0.000349163043604  4342211143  |0 2 3 4 8  |0 1 2 8 9 
  -0.000349162530818  2243434111  |0 1 2 4 6  |2 3 4 5 6 
  -0.000349156833198  4243311142  |0 1 2 8 9  |0 2 3 4 8 
   0.000349052137365  2412434131  |0 1 3 4 6  |1 4 5 6 8 
  -0.000349049904177  4214213143  |0 1 3 4 8  |0 3 6 8 9 
  -0.000349049636156  4314312142  |0 3 6 8 9  |0 1 3 4 8 
  -0.000348956343358  3242232331  |1 2 3 4 6  |0 2 5 7 8 
  -0.000348754987445  2342241313  |0 2 3 4 5  |1 2 5 7 9 
   0.000348754247260  3243341212  |1 2 5 7 9  |0 2 3 4 5 
  -0.000348744306975  2243231314  |0 1 2 4 9  |2 3 5 7 9 
   0.000348744305373  3342321214  |2 3 5 7 9  |0 1 2 4 9 
  -0.000348390503227  2332241332  |0 3 4 5 9  |1 2 5 7 8 
  -0.000348281827032  1423434121  |1 2 4 6 8  |1 3 4 5 6 
  -0.000348281520364  1432424131  |1 3 4 5 6  |1 2 4 6 8 
   0.000348278300288  4234113142  |0 1 3 8 9  |0 2 3 6 8 
   0.000348214840765  1434323122  |1 3 5 8 9  |1 2 3 4 6 
  -0.000348214420775  3434122132  |1 3 5 6 9  |0 1 2 3 8 
   0.000348214128277  2424133123  |0 1 2 3 8  |1 3 5 6 9 
  -0.000348213778246  1343422321  |2 4 5 6 8  |1 2 3 4 7 
   0.000348213104495  1242433231  |1 2 3 4 7  |2 4 5 6 8 
   0.000348201949915  4242113233  |0 1 2 3 7  |0 2 6 8 9 
  -0.000348201609261  4343112322  |0 2 6 8 9  |0 1 2 3 7 
  -0.000347953507525  4342411114  |0 2 3 4 9  |0 1 2 4 9 
   0.000347953493249  4243411114  |0 1 2 4 9  |0 2 3 4 9 
   0.000347944171844  4243441111  |0 1 2 4 5  |0 2 3 4 5 
   0.000347264019464  3414221233  |1 3 4 5 7  |0 1 3 8 9 
  -0.000347262778284  2414331322  |0 1 3 8 9  |1 3 4 5 7 
   0.000347258946149  3414222313  |1 3 4 5 6  |0 1 3 7 9 
  -0.000347255924906  2414333212  |0 1 3 7 9  |1 3 4 5 6 
  -0.000347116747669  1423243213  |1 2 4 5 7  |1 3 5 6 9 
   0.000346963168485  3441322123  |1 2 5 6 8  |0 1 2 4 9 
  -0.000346958350260  3144332122  |2 3 6 8 9  |0 2 3 4 5 
   0.000346846744095  2414423131  |0 1 3 4 5  |1 3 4 6 8 
   0.000346844643204  3414432121  |1 3 4 6 8  |0 1 3 4 5 
   0.000346824699471  4414312123  |0 1 3 6 8  |0 1 3 4 9 
   0.000346823558180  4414213132  |0 1 3 4 9  |0 1 3 6 8 
   0.000346426676415  4421312323  |0 1 2 6 8  |0 1 4 7 9 
  -0.000346425531628  4431213232  |0 1 4 7 9  |0 1 2 6 8 
  -0.000346419453335  3124432321  |2 3 4 6 8  |0 3 4 5 7 
  -0.000346414256291  4224323131  |0 1 2 3 5  |0 3 4 6 8 
  -0.000346357457455  4112123443  |0 3 5 7 8  |0 6 7 8 9 
  -0.000346349518279  3322441213  |2 3 4 5 7  |0 1 4 5 9 
   0.000346236287426  1341441241  |2 4 5 7 8  |1 2 4 5 8 
  -0.000346224394308  1241441341  |1 2 4 5 8  |2 4 5 7 8 
  -0.000346213705471  4142114314  |0 2 3 6 9  |0 2 6 7 9 
   0.000346195461494  4143114214  |0 2 6 7 9  |0 2 3 6 9 
   0.000345981604861  4232311342  |0 1 3 8 9  |0 2 4 7 8 
  -0.000345981157623  4323211243  |0 2 4 7 8  |0 1 3 8 9 
  -0.000345973828858  3232424311  |1 3 4 5 6  |0 2 4 6 7 
   0.000345973303898  2323434211  |0 2 4 6 7  |1 3 4 5 6 
  -0.000345475554041  3422411431  |1 2 3 4 7  |0 1 4 7 8 
  -0.000345470398945  2433411421  |0 1 4 7 8  |1 2 3 4 7 
   0.000345451687143  4334212411  |0 3 4 6 7  |0 1 2 3 7 
   0.000345447409249  4224313411  |0 1 2 3 7  |0 3 4 6 7 
  -0.000345339632458  3234324112  |1 3 5 6 9  |0 2 3 4 6 
   0.000345338755108  2324234113  |0 2 3 4 6  |1 3 5 6 9 
  -0.000345328830842  2423231143  |0 1 2 4 8  |1 3 5 8 9 
   0.000345327558386  3432321142  |1 3 5 8 9  |0 1 2 4 8 
  -0.000345088158444  4411313422  |0 1 7 8 9  |0 1 4 6 7 
  -0.000345087219667  4411212433  |0 1 4 6 7  |0 1 7 8 9 
  -0.000345084504540  2114433421  |0 3 4 7 8  |3 4 5 6 7 
   0.000344991512456  2141433241  |0 2 4 7 8  |2 4 5 6 8 
   0.000344988924287  3141422341  |2 4 5 6 8  |0 2 4 7 8 
   0.000344987381076  4141314322  |0 2 6 8 9  |0 2 4 6 7 
   0.000344980089143  4141214233  |0 2 4 6 7  |0 2 6 8 9 
   0.000343908898637  4142341132  |0 2 3 5 9  |0 2 4 5 8 
   0.000343908880552  4143241123  |0 2 4 5 8  |0 2 3 5 9 
  -0.000343906712073  3241423114  |1 2 4 5 9  |0 2 4 6 9 
  -0.000343708000734  4123141234  |0 2 5 7 9  |0 3 5 8 9 
  -0.000343464762883  1321424431  |2 4 5 6 7  |1 4 6 7 8 
   0.000343444522538  1131442432  |4 5 6 7 9  |2 4 5 7 8 
   0.000343441779090  4121132434  |0 2 6 7 9  |0 5 7 8 9 
  -0.000343422119410  3424411141  |1 2 3 4 8  |0 1 3 4 8 
   0.000343407088728  2332232413  |0 3 4 6 7  |1 2 5 7 9 
  -0.000343406902073  2233231423  |0 1 4 7 8  |2 3 5 7 9 
  -0.000343216780716  4214313142  |0 1 3 8 9  |0 3 4 6 8 
   0.000343215891040  3412424131  |1 3 4 5 6  |0 1 4 6 8 
   0.000343215785006  2413434121  |0 1 4 6 8  |1 3 4 5 6 
  -0.000343006629998  1444141231  |1 2 3 5 7  |1 2 3 5 8 
   0.000343006587423  1444141321  |1 2 3 5 8  |1 2 3 5 7 
  -0.000342802960060  2432313241  |0 1 3 7 8  |1 2 4 6 8 
   0.000342802317502  3423212341  |1 2 4 6 8  |0 1 3 7 8 
   0.000342797799909  2324314321  |0 2 3 6 8  |1 3 4 6 7 
  -0.000342797268426  3234214231  |1 3 4 6 7  |0 2 3 6 8 
   0.000342369614510  4412413321  |0 1 3 4 8  |0 1 4 6 7 
   0.000342367251690  4413412231  |0 1 4 6 7  |0 1 3 4 8 
  -0.000342339637550  4314413221  |0 3 4 7 8  |0 1 3 4 6 
  -0.000342333222374  4214412331  |0 1 3 4 6  |0 3 4 7 8 
   0.000342248774014  1422143314  |1 2 3 5 9  |1 5 6 7 9 
  -0.000342248346489  1334141224  |3 5 7 8 9  |1 2 3 5 9 
  -0.000341794327591  3412232332  |1 3 4 6 9  |0 1 5 7 8 
   0.000341565585249  1411343224  |1 5 7 8 9  |1 4 5 6 9 
   0.000341516797798  2324314132  |0 2 3 6 9  |1 3 4 6 8 
  -0.000341506069539  2432332141  |0 1 3 6 8  |1 2 4 5 8 
   0.000341505107631  3423223141  |1 2 4 5 8  |0 1 3 6 8 
   0.000341366693492  2323332412  |0 2 6 7 9  |1 3 4 5 7 
  -0.000341359856561  2232331432  |0 1 3 7 9  |2 4 5 7 8 
  -0.000341359032780  3323221423  |2 4 5 7 8  |0 1 3 7 9 
  -0.000341257971337  4341212413  |0 2 4 6 7  |0 1 2 7 9 
  -0.000341257886786  4241313412  |0 1 2 7 9  |0 2 4 6 7 
   0.000341257710344  2143431421  |0 2 4 7 8  |2 3 4 5 7 
   0.000341257697388  3142421431  |2 3 4 5 7  |0 2 4 7 8 
   0.000341224615469  1142342413  |2 3 5 6 7  |2 4 5 7 9 
   0.000341224448558  1143243412  |2 4 5 7 9  |2 3 5 6 7 
  -0.000341037516119  4411414231  |0 1 4 6 7  |0 1 4 6 8 
  -0.000341037248309  4114412341  |0 3 4 6 8  |0 3 4 7 8 
   0.000341037121260  4411414321  |0 1 4 6 8  |0 1 4 6 7 
   0.000340938453087  2244312313  |0 1 2 3 6  |2 3 4 7 9 
  -0.000340780782402  1323442411  |2 4 5 6 7  |1 3 4 5 7 
   0.000340776574805  4232111434  |0 1 3 7 9  |0 2 7 8 9 
  -0.000340776358272  1232443411  |1 3 4 5 7  |2 4 5 6 7 
   0.000340770343437  4323111424  |0 2 7 8 9  |0 1 3 7 9 
  -0.000340631414604  4421413213  |0 1 2 4 7  |0 1 4 6 9 
  -0.000340629745114  4431412312  |0 1 4 6 9  |0 1 2 4 7 
   0.000340629179715  4134421321  |0 3 4 5 8  |0 2 3 4 7 
   0.000340627930291  4124431231  |0 2 3 4 7  |0 3 4 5 8 
   0.000340602005179  2114143423  |0 3 5 7 8  |3 5 6 7 9 
  -0.000340403181707  4341312412  |0 2 6 7 9  |0 1 2 4 7 
  -0.000340402957140  4241213413  |0 1 2 4 7  |0 2 6 7 9 
   0.000340399207746  3143421421  |2 4 5 7 8  |0 2 3 4 7 
  -0.000340284517110  1321434241  |2 4 6 7 8  |1 4 5 6 8 
   0.000340185043931  4231211344  |0 1 4 8 9  |0 2 7 8 9 
  -0.000340056075223  4244131123  |0 1 2 3 8  |0 2 3 5 9 
  -0.000340053517089  4344121132  |0 2 3 5 9  |0 1 2 3 8 
   0.000340038311550  1443423112  |1 2 4 5 9  |1 2 3 4 6 
   0.000340033688977  1442432113  |1 2 3 4 6  |1 2 4 5 9 
   0.000339663830314  2334132232  |0 3 6 7 9  |1 2 3 5 8 
   0.000339661551117  1422332332  |1 2 3 6 9  |1 4 5 7 8 
   0.000339574662417  3441421123  |1 2 4 5 8  |0 1 2 4 9 
   0.000339568653764  2441431132  |0 1 2 4 9  |1 2 4 5 8 
  -0.000339558071426  4144223113  |0 2 3 4 5  |0 2 3 6 9 
  -0.000339540778137  4144332112  |0 2 3 6 9  |0 2 3 4 5 
  -0.000339468383842  4123312234  |0 2 6 7 9  |0 3 4 8 9 
   0.000339317230093  4134132214  |0 3 6 7 9  |0 2 3 5 9 
   0.000339310619672  4124123314  |0 2 3 5 9  |0 3 6 7 9 
  -0.000339299814370  1431441223  |1 4 5 7 8  |1 2 4 5 9 
   0.000338498697028  4441312321  |0 1 2 6 8  |0 1 2 4 7 
   0.000338359787139  3324141223  |2 3 5 7 8  |0 1 3 5 9 
  -0.000338151825000  2412441331  |0 1 3 4 5  |1 4 5 7 8 
  -0.000338147833918  4314312214  |0 3 6 7 9  |0 1 3 4 9 
  -0.000338146718345  3413441221  |1 4 5 7 8  |0 1 3 4 5 
  -0.000338145966954  4214213314  |0 1 3 4 9  |0 3 6 7 9 
  -0.000337943376033  1332423421  |3 4 5 7 8  |1 2 4 6 7 
  -0.000337845028120  1233234322  |1 4 6 8 9  |2 3 5 6 7 
   0.000337818217166  4344113221  |0 2 3 7 8  |0 1 2 3 6 
   0.000337812583071  3224321413  |1 2 3 5 7  |0 3 4 7 9 
  -0.000337812526693  2334231412  |0 3 4 7 9  |1 2 3 5 7 
  -0.000337798024009  3422331412  |1 2 3 7 9  |0 1 4 5 7 
   0.000336264163572  4211413342  |0 1 4 8 9  |0 4 6 7 8 
   0.000336263518815  4311412243  |0 4 6 7 8  |0 1 4 8 9 
  -0.000335926172420  1223343412  |1 2 5 7 9  |3 4 5 6 7 
   0.000335925228527  2233131424  |0 1 7 8 9  |2 3 5 7 9 
  -0.000335923867407  3322121434  |2 3 5 7 9  |0 1 7 8 9 
   0.000335575388617  4312423231  |0 3 4 5 7  |0 1 4 6 8 
  -0.000335574598444  4213432321  |0 1 4 6 8  |0 3 4 5 7 
   0.000335573034733  4213413232  |0 1 4 7 9  |0 3 4 6 8 
  -0.000335572909656  4312412323  |0 3 4 6 8  |0 1 4 7 9 
  -0.000335488613919  1443231142  |1 2 4 8 9  |1 2 3 5 8 
   0.000335400120071  3132242323  |3 4 5 6 8  |0 2 5 7 9 
   0.000335348740113  4313423221  |0 4 5 7 8  |0 1 3 4 6 
  -0.000335347939913  4212432331  |0 1 3 4 6  |0 4 5 7 8 
   0.000335347734280  4313412232  |0 4 6 7 9  |0 1 3 4 8 
  -0.000335347369439  4212413323  |0 1 3 4 8  |0 4 6 7 9 
   0.000335230377599  4334112241  |0 3 6 7 8  |0 1 2 3 8 
   0.000335230298502  4224113341  |0 1 2 3 8  |0 3 6 7 8 
  -0.000335229228174  1433414221  |1 4 6 7 8  |1 2 3 4 6 
  -0.000335229219872  1422414331  |1 2 3 4 6  |1 4 6 7 8 
   0.000334774098625  4131432241  |0 4 6 7 8  |0 2 4 5 8 
   0.000334768149306  4121423341  |0 2 4 5 8  |0 4 6 7 8 
  -0.000334757688054  4121414332  |0 2 4 6 9  |0 4 6 7 8 
  -0.000334754869059  4412111434  |0 1 3 7 9  |0 1 7 8 9 
  -0.000334751593118  4131414223  |0 4 6 7 8  |0 2 4 6 9 
   0.000334739167367  1314442411  |3 4 5 6 7  |1 3 4 5 7 
  -0.000334710349500  1214443411  |1 3 4 5 7  |3 4 5 6 7 
   0.000334698969033  4413111424  |0 1 7 8 9  |0 1 3 7 9 
  -0.000334570141868  4113132244  |0 6 7 8 9  |0 3 5 8 9 
  -0.000334570131500  4112123344  |0 3 5 8 9  |0 6 7 8 9 
   0.000334126605756  1314244411  |3 4 5 6 7  |1 3 5 6 7 
   0.000334122547812  3412111444  |1 3 7 8 9  |0 1 7 8 9 
  -0.000334100129155  4114442311  |0 3 4 5 6  |0 3 4 5 7 
   0.000334099904488  4114443211  |0 3 4 5 7  |0 3 4 5 6 
   0.000334097118282  4411411324  |0 1 4 8 9  |0 1 4 7 9 
  -0.000333922498485  3413232322  |1 4 6 8 9  |0 1 3 5 7 
  -0.000333901903059  2114334421  |0 3 6 7 8  |3 4 5 6 7 
  -0.000333901619175  3114224431  |3 4 5 6 7  |0 3 6 7 8 
   0.000333901081976  3411212443  |1 4 6 7 8  |0 1 7 8 9 
   0.000333900882618  2411313442  |0 1 7 8 9  |1 4 6 7 8 
   0.000333475164815  3243214213  |1 2 4 6 7  |0 2 3 6 9 
  -0.000333441688187  3442331221  |1 2 3 7 8  |0 1 2 4 5 
   0.000333441537091  2443221331  |0 1 2 4 5  |1 2 3 7 8 
  -0.000333390996017  1312424341  |3 4 5 6 8  |1 4 6 7 8 
   0.000333390861353  4213114342  |0 1 6 8 9  |0 3 6 7 8 
   0.000333308377941  1344441121  |2 3 4 5 8  |1 2 3 4 5 
  -0.000333305415617  4442113114  |0 1 2 3 9  |0 1 2 6 9 
  -0.000333291149401  1244441131  |1 2 3 4 5  |2 3 4 5 8 
   0.000333287410331  4443112114  |0 1 2 6 9  |0 1 2 3 9 
  -0.000332795234002  4134412213  |0 3 4 6 7  |0 2 3 4 9 
  -0.000332793422720  4124413312  |0 2 3 4 9  |0 3 4 6 7 
   0.000332782589284  4431431221  |0 1 4 7 8  |0 1 2 4 5 
   0.000332523524220  1143442312  |2 4 5 6 9  |2 3 4 5 7 
   0.000332517120442  4241131234  |0 1 2 7 9  |0 2 5 8 9 
   0.000332516140457  4341121324  |0 2 5 8 9  |0 1 2 7 9 
  -0.000332145336941  2144223313  |0 2 3 4 5  |2 3 6 7 9 
   0.000332144307768  3144332212  |2 3 6 7 9  |0 2 3 4 5 
  -0.000332143898550  3441321223  |1 2 5 7 8  |0 1 2 4 9 
   0.000332142866194  2441231332  |0 1 2 4 9  |1 2 5 7 8 
  -0.000332127890196  4221413413  |0 1 2 4 7  |0 4 6 7 9 
   0.000332127267148  4133421421  |0 4 5 7 8  |0 2 3 4 7 
   0.000332126686295  4122431431  |0 2 3 4 7  |0 4 5 7 8 
  -0.000331303765567  4214413231  |0 1 3 4 7  |0 3 4 6 8 
  -0.000331293934593  4314412321  |0 3 4 6 8  |0 1 3 4 7 
   0.000331285634777  4413412321  |0 1 4 6 8  |0 1 3 4 7 
   0.000331269385453  4412413231  |0 1 3 4 7  |0 1 4 6 8 
  -0.000331233506325  1412443321  |1 3 4 5 8  |1 4 5 6 7 
   0.000331219623962  4214112334  |0 1 3 6 9  |0 3 7 8 9 
  -0.000331116512950  1241343322  |1 2 5 8 9  |2 4 5 6 7 
   0.000331112066233  2143133224  |0 2 7 8 9  |2 3 5 6 9 
  -0.000331111996469  3142122334  |2 3 5 6 9  |0 2 7 8 9 
  -0.000330962295755  3233321422  |1 5 7 8 9  |0 2 3 4 7 
   0.000330961877300  2223233413  |0 1 2 4 7  |3 5 6 7 9 
  -0.000330961527094  2322231433  |0 2 3 4 7  |1 5 7 8 9 
   0.000330960631704  3332322412  |3 5 6 7 9  |0 1 2 4 7 
  -0.000330756357042  4124321413  |0 2 3 5 7  |0 3 4 7 9 
  -0.000330439781878  1121134444  |2 6 7 8 9  |5 6 7 8 9 
   0.000330065057139  3443212213  |1 2 4 6 7  |0 1 2 3 9 
   0.000330063266427  3244221331  |1 2 3 4 5  |0 2 3 7 8 
  -0.000330063229970  2442313312  |0 1 2 3 9  |1 2 4 6 7 
  -0.000330061838123  2344331221  |0 2 3 7 8  |1 2 3 4 5 
   0.000329901100351  3144222313  |2 3 4 5 6  |0 2 3 7 9 
  -0.000329901035886  2144333212  |0 2 3 7 9  |2 3 4 5 6 
   0.000329900512970  3441221233  |1 2 4 5 7  |0 1 2 8 9 
  -0.000329899313194  1412123434  |1 3 5 7 9  |1 6 7 8 9 
  -0.000329899228375  2441331322  |0 1 2 8 9  |1 2 4 5 7 
  -0.000329897779964  1314142423  |3 5 6 7 8  |1 3 5 7 9 
  -0.000329896407033  1413132424  |1 6 7 8 9  |1 3 5 7 9 
  -0.000329896051964  1214143432  |1 3 5 7 9  |3 5 6 7 8 
   0.000329677461615  3341232232  |2 4 6 7 9  |0 1 2 5 8 
   0.000329188885312  4324311241  |0 2 3 7 8  |0 1 3 4 8 
   0.000329187807520  4234211341  |0 1 3 4 8  |0 2 3 7 8 
   0.000329183749675  2432414311  |0 1 3 4 6  |1 2 4 6 7 
   0.000329183030909  3423414211  |1 2 4 6 7  |0 1 3 4 6 
   0.000329083126029  2411213443  |0 1 4 7 8  |1 6 7 8 9 
   0.000329083078438  3411312442  |1 6 7 8 9  |0 1 4 7 8 
  -0.000329078406134  3114324421  |3 5 6 7 8  |0 3 4 6 7 
  -0.000329077659526  2114234431  |0 3 4 6 7  |3 5 6 7 8 
  -0.000328987120223  2424132133  |0 1 2 3 6  |1 3 5 8 9 
   0.000328982965222  1424233123  |1 2 3 4 8  |1 3 5 6 9 
  -0.000328578603171  3423221143  |1 2 4 5 8  |0 1 3 8 9 
  -0.000328577814978  3234224113  |1 3 4 5 6  |0 2 3 6 9 
   0.000328577117472  2432331142  |0 1 3 8 9  |1 2 4 5 8 
   0.000328576907393  2324334112  |0 2 3 6 9  |1 3 4 5 6 
  -0.000328173194163  3432212314  |1 3 4 6 9  |0 1 2 7 9 
  -0.000328058920430  4214411323  |0 1 3 4 8  |0 3 4 7 9 
   0.000327362764433  2414223133  |0 1 3 4 5  |1 3 6 8 9 
  -0.000327346169251  4234123123  |0 1 3 5 8  |0 2 3 6 9 
   0.000327345834627  4324132132  |0 2 3 6 9  |0 1 3 5 8 
   0.000327109421380  2322423133  |0 2 3 4 5  |1 4 6 8 9 
   0.000327109058926  4332322123  |0 3 5 6 8  |0 1 2 4 9 
  -0.000326791663508  1314144223  |3 5 6 7 8  |1 3 5 6 9 
  -0.000326791538473  1214144332  |1 3 5 6 9  |3 5 6 7 8 
   0.000326790765250  4443121114  |0 1 2 5 9  |0 1 2 3 9 
  -0.000326785286459  2234334112  |0 1 3 6 9  |2 3 4 5 6 
   0.000326785254432  3324224113  |2 3 4 5 6  |0 1 3 6 9 
  -0.000326782965185  2423331142  |0 1 2 8 9  |1 3 4 5 8 
   0.000326782040343  3432221143  |1 3 4 5 8  |0 1 2 8 9 
   0.000326776483837  1244441113  |1 2 3 4 5  |2 3 4 5 9 
   0.000326313636550  1413143242  |1 5 7 8 9  |1 3 5 6 8 
   0.000326203380466  3222331414  |1 2 3 7 9  |0 4 5 7 9 
   0.000325809542115  4331212243  |0 4 6 7 8  |0 1 2 8 9 
  -0.000325807902220  3122424331  |2 3 4 5 6  |0 4 6 7 8 
   0.000325803658559  2133434221  |0 4 6 7 8  |2 3 4 5 6 
  -0.000325796061589  4221313342  |0 1 2 8 9  |0 4 6 7 8 
  -0.000325455242204  2343321142  |0 2 5 8 9  |1 2 3 4 8 
   0.000325452104115  3242231143  |1 2 3 4 8  |0 2 5 8 9 
   0.000325441610614  3343224112  |2 4 5 6 9  |0 1 2 3 6 
   0.000325216008933  4413113224  |0 1 7 8 9  |0 1 3 6 9 
   0.000325207965578  4412112334  |0 1 3 6 9  |0 1 7 8 9 
  -0.000325205146294  1214443321  |1 3 4 5 8  |3 4 5 6 7 
  -0.000325200225656  1314442231  |3 4 5 6 7  |1 3 4 5 8 
  -0.000324650754916  3243132322  |1 2 6 8 9  |0 2 3 5 7 
   0.000323666910229  1421423332  |1 2 4 5 9  |1 4 6 7 8 
  -0.000323666334422  1431432223  |1 4 6 7 8  |1 2 4 5 9 
   0.000322944630969  1344223312  |2 3 4 5 9  |1 2 3 6 7 
   0.000322878534430  3234214411  |1 3 4 6 7  |0 2 3 6 7 
   0.000322843821419  3142214233  |2 3 4 6 7  |0 2 6 8 9 
  -0.000322843275118  2143314322  |0 2 6 8 9  |2 3 4 6 7 
  -0.000322841154818  2241333241  |0 1 2 7 8  |2 4 5 6 8 
  -0.000322311139685  1424432113  |1 2 3 4 6  |1 3 4 5 9 
   0.000322311011831  4434121132  |0 1 3 5 9  |0 1 2 3 8 
   0.000322309622925  2314241233  |0 3 4 5 7  |1 3 5 8 9 
  -0.000322308567912  3214341322  |1 3 5 8 9  |0 3 4 5 7 
   0.000322307499751  3412322314  |1 3 5 6 9  |0 1 4 7 9 
   0.000322110885117  3211434241  |1 4 6 7 8  |0 4 5 6 8 
   0.000321957850115  3311142244  |5 6 7 8 9  |0 1 5 8 9 
  -0.000321527129820  2341432411  |0 2 4 6 7  |1 2 4 5 7 
  -0.000321527106844  3241423411  |1 2 4 5 7  |0 2 4 6 7 
   0.000321524321436  4142311432  |0 2 3 7 9  |0 2 4 7 8 
   0.000321478980337  2232131434  |0 1 3 7 9  |2 5 7 8 9 
  -0.000321478742209  1323342412  |2 5 6 7 9  |1 3 4 5 7 
   0.000321477783785  1232243413  |1 3 4 5 7  |2 5 6 7 9 
   0.000321466418953  2244231331  |0 1 2 3 4  |2 3 5 7 8 
   0.000321465902253  3443312212  |1 2 6 7 9  |0 1 2 3 4 
  -0.000321464890439  3344321221  |2 3 5 7 8  |0 1 2 3 4 
  -0.000321464073760  2442213313  |0 1 2 3 4  |1 2 6 7 9 
  -0.000321452505149  1431323242  |1 5 7 8 9  |1 2 4 6 8 
   0.000321451247739  1421232343  |1 2 4 6 8  |1 5 7 8 9 
   0.000321444438010  2124134323  |0 2 3 6 8  |3 5 6 7 9 
  -0.000321426384060  4321412413  |0 2 4 6 7  |0 1 4 7 9 
  -0.000321425486307  4231413412  |0 1 4 7 9  |0 2 4 6 7 
   0.000321423990747  4132421431  |0 3 4 5 7  |0 2 4 7 8 
   0.000321423372024  4123431421  |0 2 4 7 8  |0 3 4 5 7 
  -0.000321264249476  4441431112  |0 1 2 4 9  |0 1 2 4 5 
  -0.000321054903108  4241214133  |0 1 2 4 6  |0 2 6 8 9 
  -0.000321050208191  4341314122  |0 2 6 8 9  |0 1 2 4 6 
   0.000321038712390  3143422141  |2 4 5 6 8  |0 2 3 4 8 
   0.000321038196709  2142433141  |0 2 3 4 8  |2 4 5 6 8 
  -0.000320615724746  3223322314  |1 2 5 6 9  |0 3 4 7 9 
  -0.000320615211409  2332233214  |0 3 4 7 9  |1 2 5 6 9 
   0.000320606127295  3322341322  |2 3 5 8 9  |0 1 4 5 7 
   0.000320572378992  4134312232  |0 3 6 7 9  |0 2 3 4 8 
  -0.000320571676873  4124213323  |0 2 3 4 8  |0 3 6 7 9 
  -0.000320568632355  3431423221  |1 4 5 7 8  |0 1 2 4 6 
   0.000320423981336  1422323332  |1 2 3 5 9  |1 4 6 7 8 
   0.000320422150955  1433232223  |1 4 6 7 8  |1 2 3 5 9 
   0.000320418963451  2334132223  |0 3 6 7 8  |1 2 3 5 9 
   0.000320417671984  3224123332  |1 2 3 5 9  |0 3 6 7 8 
  -0.000319688417893  3424112233  |1 2 3 6 7  |0 1 3 8 9 
   0.000319687373644  2434113322  |0 1 3 8 9  |1 2 3 6 7 
   0.000318771978395  4222413313  |0 1 2 3 4  |0 4 6 7 9 
  -0.000318762520032  4333412212  |0 4 6 7 9  |0 1 2 3 4 
  -0.000318758956335  4333421221  |0 4 5 7 8  |0 1 2 3 4 
   0.000318750460328  4222431331  |0 1 2 3 4  |0 4 5 7 8 
   0.000318626553259  4124411413  |0 2 3 4 7  |0 3 4 7 9 
   0.000318610802609  4431421411  |0 1 4 5 7  |0 1 2 4 7 
  -0.000318343448393  4323112414  |0 2 6 7 9  |0 1 3 7 9 
  -0.000318339005577  4232113414  |0 1 3 7 9  |0 2 6 7 9 
   0.000318337744258  1232441431  |1 3 4 5 7  |2 4 5 7 8 
   0.000318331502225  1323441421  |2 4 5 7 8  |1 3 4 5 7 
  -0.000318258722670  2312141344  |0 3 5 8 9  |1 5 7 8 9 
  -0.000318147072791  4221423331  |0 1 2 4 5  |0 4 6 7 8 
   0.000318146908241  4331432221  |0 4 6 7 8  |0 1 2 4 5 
   0.000317951855698  2322133243  |0 2 3 7 8  |1 5 6 8 9 
  -0.000317899693821  2132423431  |0 3 4 5 7  |2 4 6 7 8 
   0.000317899159094  3123432421  |2 4 6 7 8  |0 3 4 5 7 
  -0.000317814236335  3321424141  |2 4 5 6 8  |0 1 4 6 8 
  -0.000317811541603  2231434141  |0 1 4 6 8  |2 4 5 6 8 
  -0.000317802580908  4132214143  |0 3 4 6 8  |0 2 6 8 9 
  -0.000317795979629  4123314142  |0 2 6 8 9  |0 3 4 6 8 
   0.000317746123620  4224311413  |0 1 2 3 7  |0 3 4 7 9 
   0.000317742115799  4334211412  |0 3 4 7 9  |0 1 2 3 7 
   0.000317697734290  2433421411  |0 1 4 5 7  |1 2 3 4 7 
   0.000317693104017  3422431411  |1 2 3 4 7  |0 1 4 5 7 
  -0.000317593530505  2144321413  |0 2 3 5 7  |2 3 4 7 9 
  -0.000317592832986  3144231412  |2 3 4 7 9  |0 2 3 5 7 
  -0.000317591902600  3441231412  |1 2 4 7 9  |0 1 2 5 7 
  -0.000317408451077  1441321342  |1 2 5 8 9  |1 2 4 7 8 
  -0.000317406351671  1441231243  |1 2 4 7 8  |1 2 5 8 9 
   0.000317400674650  2144134213  |0 2 3 6 7  |2 3 5 6 9 
   0.000317210604876  1332242143  |3 4 5 6 8  |1 2 5 8 9 
  -0.000317210153641  3322124134  |2 3 5 6 9  |0 1 6 8 9 
   0.000317210070470  2233134124  |0 1 6 8 9  |2 3 5 6 9 
   0.000316678766258  4124341213  |0 2 3 5 7  |0 3 4 5 9 
  -0.000316147398197  1424231233  |1 2 3 4 7  |1 3 5 8 9 
   0.000316006743351  2214434131  |0 1 3 4 6  |3 4 5 6 8 
  -0.000316004268434  4413312142  |0 1 6 8 9  |0 1 3 4 8 
  -0.000316003336974  4412213143  |0 1 3 4 8  |0 1 6 8 9 
   0.000315955283467  4322311243  |0 2 3 7 8  |0 1 4 8 9 
   0.000315945291312  2332424311  |0 3 4 5 6  |1 2 4 6 7 
  -0.000315418741952  2341233232  |0 2 4 7 9  |1 2 5 6 8 
   0.000315407288951  3142332322  |2 3 6 8 9  |0 2 4 5 7 
  -0.000314925503787  3341222143  |2 4 5 6 8  |0 1 2 8 9 
   0.000314923598240  3142224133  |2 3 4 5 6  |0 2 6 8 9 
  -0.000314918640035  2143334122  |0 2 6 8 9  |2 3 4 5 6 
   0.000314914630739  2241333142  |0 1 2 8 9  |2 4 5 6 8 
   0.000314859774701  4332214312  |0 3 4 6 9  |0 1 2 6 7 
   0.000314623857801  1442321341  |1 2 3 5 8  |1 2 4 7 8 
   0.000314622832645  1443231241  |1 2 4 7 8  |1 2 3 5 8 
   0.000314231483206  3111224443  |4 5 6 7 8  |0 6 7 8 9 
   0.000314231009944  2111334442  |0 6 7 8 9  |4 5 6 7 8 
   0.000314142211051  3214424131  |1 3 4 5 6  |0 3 4 6 8 
   0.000314108879698  2343212323  |0 2 4 6 8  |1 2 3 7 9 
   0.000314108676160  3242313232  |1 2 3 7 9  |0 2 4 6 8 
  -0.000314104223351  2343232321  |0 2 4 6 8  |1 2 3 5 7 
  -0.000313853302305  1214343322  |1 3 5 8 9  |3 4 5 6 7 
  -0.000313850323224  3412122334  |1 3 5 6 9  |0 1 7 8 9 
  -0.000313511931181  2144233213  |0 2 3 4 7  |2 3 5 6 9 
   0.000313511811739  3144322312  |2 3 5 6 9  |0 2 3 4 7 
   0.000313509452289  2441231233  |0 1 2 4 7  |1 2 5 8 9 
  -0.000313508724782  3441321322  |1 2 5 8 9  |0 1 2 4 7 
  -0.000313475093979  3143441221  |2 4 5 7 8  |0 2 3 4 5 
  -0.000313474673486  2142441331  |0 2 3 4 5  |2 4 5 7 8 
  -0.000313474604639  4241213314  |0 1 2 4 9  |0 2 6 7 9 
  -0.000313474206809  4341312214  |0 2 6 7 9  |0 1 2 4 9 
  -0.000313148442663  1233422431  |1 4 5 6 7  |2 3 4 7 8 
   0.000313147867873  1322433421  |2 3 4 7 8  |1 4 5 6 7 
  -0.000312732514111  2133441421  |0 4 5 7 8  |2 3 4 5 7 
   0.000312730730132  4221313414  |0 1 2 7 9  |0 4 6 7 9 
   0.000312730098705  4331212414  |0 4 6 7 9  |0 1 2 7 9 
  -0.000312535457257  1444323121  |1 2 3 5 8  |1 2 3 4 6 
  -0.000312530098456  1444232131  |1 2 3 4 6  |1 2 3 5 8 
  -0.000312516161571  2444113123  |0 1 2 3 8  |1 2 3 6 9 
  -0.000312513480574  3444112132  |1 2 3 6 9  |0 1 2 3 8 
   0.000312412932616  3431222143  |1 4 5 6 8  |0 1 2 8 9 
  -0.000312409066488  3124224133  |2 3 4 5 6  |0 3 6 8 9 
   0.000312407339611  2134334122  |0 3 6 8 9  |2 3 4 5 6 
  -0.000312311938103  2413423141  |0 1 4 5 8  |1 3 4 6 8 
   0.000312310333027  4214314123  |0 1 3 6 8  |0 3 4 6 9 
   0.000312163998413  1414223233  |1 3 4 5 7  |1 3 6 8 9 
   0.000312155856322  2414133232  |0 1 3 7 9  |1 3 5 6 8 
  -0.000311931284488  1433241223  |1 4 5 7 8  |1 2 3 5 9 
   0.000311927594845  3224123314  |1 2 3 5 9  |0 3 6 7 9 
  -0.000311917020274  2334132214  |0 3 6 7 9  |1 2 3 5 9 
   0.000311915577361  1422341332  |1 2 3 5 9  |1 4 5 7 8 
   0.000311534106282  4242311431  |0 1 2 3 7  |0 2 4 7 8 
  -0.000311525227151  2343412411  |0 2 4 6 7  |1 2 3 4 7 
  -0.000310971503566  4312423321  |0 3 4 5 8  |0 1 4 6 7 
   0.000310860427083  2224133323  |0 1 2 3 8  |3 5 6 7 9 
   0.000310859144933  3334122232  |3 5 6 7 9  |0 1 2 3 8 
   0.000310857713035  1433323222  |1 5 7 8 9  |1 2 3 4 6 
   0.000310855929159  1422232333  |1 2 3 4 6  |1 5 7 8 9 
  -0.000310441632690  3312424141  |3 4 5 6 8  |0 1 4 6 8 
  -0.000310354645313  4132412431  |0 3 4 6 7  |0 2 4 7 8 
  -0.000310348057658  4123413421  |0 2 4 7 8  |0 3 4 6 7 
  -0.000310345260779  4321412431  |0 2 4 6 7  |0 1 4 7 8 
  -0.000310344048135  4231413421  |0 1 4 7 8  |0 2 4 6 7 
  -0.000310077707623  3211432414  |1 4 6 7 9  |0 4 5 7 9 
  -0.000309838638028  1241134234  |1 2 6 7 9  |2 5 6 8 9 
   0.000309443127128  2334321412  |0 3 5 7 9  |1 2 3 4 7 
   0.000309442822763  2422331413  |0 1 2 3 7  |1 4 5 7 9 
  -0.000309441098990  3433221412  |1 4 5 7 9  |0 1 2 3 7 
  -0.000309437907950  3224231413  |1 2 3 4 7  |0 3 5 7 9 
   0.000309385131433  4444113121  |0 1 2 3 8  |0 1 2 3 6 
   0.000309380361616  1444413121  |1 2 3 4 8  |1 2 3 4 6 
   0.000309349024979  2234131423  |0 1 3 7 8  |2 3 5 7 9 
  -0.000309348512538  3324121432  |2 3 5 7 9  |0 1 3 7 8 
  -0.000309345104317  1423323412  |1 2 5 7 9  |1 3 4 6 7 
   0.000309344215230  1432232413  |1 3 4 6 7  |1 2 5 7 9 
  -0.000309262382261  3122342323  |2 3 5 6 8  |0 4 5 7 9 
  -0.000309261642398  2133243232  |0 4 5 7 9  |2 3 5 6 8 
  -0.000309257474108  2331223234  |0 4 5 7 9  |1 2 6 8 9 
  -0.000309214663179  1421333242  |1 2 7 8 9  |1 4 5 6 8 
  -0.000309209377102  3124124233  |2 3 5 6 7  |0 3 6 8 9 
   0.000308886135599  1232234323  |1 3 4 6 8  |2 5 6 7 9 
  -0.000308878811767  2232132343  |0 1 3 6 8  |2 5 7 8 9 
  -0.000308853696649  4324233112  |0 2 3 4 9  |0 1 3 5 6 
  -0.000308843271673  2423421133  |0 1 2 4 5  |1 3 4 8 9 
  -0.000308508894642  4311132244  |0 6 7 8 9  |0 1 5 8 9 
  -0.000308345190645  2341323322  |0 2 5 8 9  |1 2 4 6 7 
  -0.000308343027534  3241232233  |1 2 4 6 7  |0 2 5 8 9 
  -0.000308185821757  4134113224  |0 3 7 8 9  |0 2 3 6 9 
  -0.000308181345459  1421443321  |1 2 4 5 8  |1 4 5 6 7 
   0.000308139678159  4123312243  |0 2 6 7 8  |0 3 4 8 9 
  -0.000308135078996  4231214332  |0 1 4 6 9  |0 2 6 7 8 
   0.000308131601110  3123432241  |2 4 6 7 8  |0 3 4 5 8 
   0.000308076915346  4223441131  |0 1 2 4 5  |0 3 4 5 8 
  -0.000308059687654  2442311314  |0 1 2 3 9  |1 2 4 7 9 
  -0.000308058082761  3443211214  |1 2 4 7 9  |0 1 2 3 9 
  -0.000308038351700  3224234131  |1 2 3 4 6  |0 3 5 6 8 
   0.000308033892373  3433212142  |1 4 6 8 9  |0 1 2 3 8 
   0.000308027673040  4414121134  |0 1 3 5 9  |0 1 3 8 9 
  -0.000308026932731  1414442113  |1 3 4 5 6  |1 3 4 5 9 
   0.000308026437691  1414443112  |1 3 4 5 9  |1 3 4 5 6 
   0.000307315245330  1443214123  |1 2 4 6 8  |1 2 3 6 9 
   0.000307315164231  1442314132  |1 2 3 6 9  |1 2 4 6 8 
  -0.000307313018251  2344132141  |0 2 3 6 8  |1 2 3 5 8 
  -0.000307312993550  3244123141  |1 2 3 5 8  |0 2 3 6 8 
   0.000306834527495  2322341332  |0 2 3 5 9  |1 4 5 7 8 
   0.000306832609131  3233241223  |1 4 5 7 8  |0 2 3 5 9 
  -0.000306829029320  2332332214  |0 3 6 7 9  |1 2 4 5 9 
   0.000305086076550  3223223413  |1 2 4 5 7  |0 3 6 7 9 
   0.000305084841262  2332332412  |0 3 6 7 9  |1 2 4 5 7 
  -0.000305083835931  3233221423  |1 4 5 7 8  |0 2 3 7 9 
  -0.000305083005914  2322331432  |0 2 3 7 9  |1 4 5 7 8 
   0.000304991318575  4243211143  |0 1 2 4 8  |0 2 3 8 9 
   0.000304985204360  4342311142  |0 2 3 8 9  |0 1 2 4 8 
   0.000304982264359  3243424111  |1 2 4 5 6  |0 2 3 4 6 
   0.000304979187920  2342434111  |0 2 3 4 6  |1 2 4 5 6 
  -0.000304800425537  3423221134  |1 2 4 5 9  |0 1 3 8 9 
   0.000304800246534  2432331124  |0 1 3 8 9  |1 2 4 5 9 
   0.000304780665797  3234242113  |1 3 4 5 6  |0 2 3 5 9 
  -0.000304779549177  2324343112  |0 2 3 5 9  |1 3 4 5 6 
  -0.000304742974636  3423241213  |1 2 4 5 7  |0 1 3 5 9 
  -0.000304737134079  3234221314  |1 3 4 5 9  |0 2 3 7 9 
   0.000304737088599  2324331214  |0 2 3 7 9  |1 3 4 5 9 
  -0.000304700558774  2324441113  |0 2 3 4 5  |1 3 4 5 9 
  -0.000304696265392  4423231114  |0 1 2 4 9  |0 1 3 5 9 
   0.000304587351640  3323221414  |2 4 5 7 9  |0 1 3 7 9 
  -0.000304549816643  2311323442  |0 5 7 8 9  |1 4 6 7 8 
  -0.000304543252791  3113224432  |4 5 6 7 9  |0 3 6 7 8 
   0.000304540502441  3211232443  |1 4 6 7 8  |0 5 7 8 9 
  -0.000304430902939  3342422113  |2 3 4 5 6  |0 1 2 4 9 
   0.000304421854259  2243433112  |0 1 2 4 9  |2 3 4 5 6 
   0.000304411903324  4342221133  |0 2 3 4 5  |0 1 2 8 9 
  -0.000304404862119  4243331122  |0 1 2 8 9  |0 2 3 4 5 
  -0.000304319613347  3144132214  |2 3 6 7 9  |0 2 3 5 9 
  -0.000304317725329  2144123314  |0 2 3 5 9  |2 3 6 7 9 
   0.000304311970072  1321241434  |2 4 5 7 9  |1 5 7 8 9 
  -0.000304306257414  1441241332  |1 2 4 5 9  |1 2 5 7 8 
  -0.000304211808145  1421323342  |1 2 5 8 9  |1 4 6 7 8 
   0.000304208397428  2134134223  |0 3 6 7 8  |2 3 5 6 9 
  -0.000304080370237  2434132132  |0 1 3 6 9  |1 2 3 5 8 
   0.000304080228854  3424123123  |1 2 3 5 8  |0 1 3 6 9 
  -0.000304071839099  1424332132  |1 2 3 6 9  |1 3 4 5 8 
   0.000304054930229  1221434431  |1 2 4 6 7  |4 5 6 7 8 
  -0.000303598073696  4324211341  |0 2 3 4 8  |0 1 3 7 8 
  -0.000303598039541  4234311241  |0 1 3 7 8  |0 2 3 4 8 
  -0.000303591532269  3432414211  |1 3 4 6 7  |0 1 2 4 6 
  -0.000303426947820  2123432431  |0 2 4 6 7  |3 4 5 7 8 
   0.000303426758732  3132423421  |3 4 5 7 8  |0 2 4 6 7 
   0.000303420960737  4321213423  |0 2 4 7 8  |0 1 6 7 9 
  -0.000303164521187  3242423113  |1 2 3 4 5  |0 2 4 6 9 
   0.000303156274615  2343432112  |0 2 4 6 9  |1 2 3 4 5 
   0.000303156060380  4343221123  |0 2 4 5 8  |0 1 2 3 9 
  -0.000303149088287  4242331132  |0 1 2 3 9  |0 2 4 5 8 
  -0.000303024943106  1122143344  |2 3 5 8 9  |5 6 7 8 9 
  -0.000302891822042  3411112444  |1 6 7 8 9  |0 1 7 8 9 
   0.000302888248641  2411113444  |0 1 7 8 9  |1 6 7 8 9 
   0.000302877081847  1114244431  |3 4 5 6 7  |3 5 6 7 8 
  -0.000302833706993  2122334341  |0 2 3 6 8  |4 5 6 7 8 
   0.000302833311581  3133224241  |4 5 6 7 8  |0 2 3 6 8 
   0.000302829553633  3221214343  |1 2 4 6 8  |0 6 7 8 9 
   0.000302236533447  4414421113  |0 1 3 4 5  |0 1 3 4 9 
  -0.000302063339761  4114332322  |0 3 6 8 9  |0 3 4 5 7 
  -0.000302063338326  3411422323  |1 4 5 6 8  |0 1 4 7 9 
  -0.000301913845602  3444211411  |1 2 3 4 7  |0 1 2 3 7 
   0.000301464106501  3132234214  |3 4 6 7 9  |0 2 5 6 9 
   0.000301138255320  1414423141  |1 3 4 5 8  |1 3 4 6 8 
  -0.000301134333889  4414114123  |0 1 3 6 8  |0 1 3 6 9 
   0.000301134105554  4414114132  |0 1 3 6 9  |0 1 3 6 8 
   0.000300854498207  2323232413  |0 2 4 6 7  |1 3 5 7 9 
   0.000300853479019  3232323412  |1 3 5 7 9  |0 2 4 6 7 
  -0.000300844833333  3232321432  |1 3 5 7 9  |0 2 4 7 8 
  -0.000300844094208  2323231423  |0 2 4 7 8  |1 3 5 7 9 
   0.000300595148084  4412431141  |0 1 3 4 8  |0 1 4 5 8 
  -0.000300586157678  4214414113  |0 1 3 4 6  |0 3 4 6 9 
   0.000300586073044  4314414112  |0 3 4 6 9  |0 1 3 4 6 
   0.000300485889745  3111324442  |5 6 7 8 9  |0 4 6 7 8 
   0.000300485632478  2111234443  |0 4 6 7 8  |5 6 7 8 9 
   0.000300135932338  3223332142  |1 2 6 8 9  |0 3 4 5 8 
   0.000299929266624  1234414411  |1 3 4 6 7  |2 3 4 6 7 
  -0.000299929029521  1324414411  |2 3 4 6 7  |1 3 4 6 7 
   0.000299926443864  4423111441  |0 1 2 7 8  |0 1 3 7 8 
   0.000299917957817  4234113241  |0 1 3 7 8  |0 2 3 6 8 
   0.000299917914622  4324112341  |0 2 3 6 8  |0 1 3 7 8 
  -0.000299916462807  1423414321  |1 2 4 6 8  |1 3 4 6 7 
  -0.000299916393111  1432414231  |1 3 4 6 7  |1 2 4 6 8 
  -0.000299753952453  3224314411  |1 2 3 6 7  |0 3 4 6 7 
  -0.000299747718071  3422311441  |1 2 3 7 8  |0 1 4 7 8 
   0.000299691443195  4322213341  |0 2 3 4 8  |0 1 6 7 8 
  -0.000299664487401  1422433213  |1 2 3 4 7  |1 4 5 6 9 
   0.000299654636267  4334121322  |0 3 5 8 9  |0 1 2 3 7 
  -0.000299307204147  2321341342  |0 2 5 8 9  |1 4 5 7 8 
   0.000299305833659  3231241243  |1 4 5 7 8  |0 2 5 8 9 
   0.000298922418236  2122443313  |0 2 3 4 5  |4 5 6 7 9 
  -0.000298922151630  3133442212  |4 5 6 7 9  |0 2 3 4 5 
  -0.000298916564437  4331321224  |0 5 7 8 9  |0 1 2 4 9 
   0.000298900826581  3332442211  |3 4 5 6 7  |0 1 2 4 5 
  -0.000298799056531  2312434321  |0 3 4 6 8  |1 4 5 6 7 
  -0.000298791109484  4312313242  |0 3 7 8 9  |0 1 4 6 8 
  -0.000298532417714  3424332211  |1 2 3 6 7  |0 1 3 4 5 
  -0.000298286154983  3132342223  |3 5 6 7 8  |0 2 4 5 9 
  -0.000297993397678  2241113344  |0 1 2 8 9  |2 6 7 8 9 
  -0.000297992870984  3341112244  |2 6 7 8 9  |0 1 2 8 9 
  -0.000296702240907  4431211423  |0 1 4 7 8  |0 1 2 7 9 
   0.000296697427740  2134432411  |0 3 4 6 7  |2 3 4 5 7 
   0.000296697163342  3124423411  |2 3 4 5 7  |0 3 4 6 7 
  -0.000296696294015  4421311432  |0 1 2 7 9  |0 1 4 7 8 
  -0.000296272899672  3322434121  |2 3 4 6 8  |0 1 4 5 6 
   0.000296263648624  4332213142  |0 3 4 8 9  |0 1 2 6 8 
  -0.000296253055917  3324124114  |2 3 5 6 9  |0 1 3 6 9 
  -0.000296250219097  2234134114  |0 1 3 6 9  |2 3 5 6 9 
  -0.000296238514142  1432241143  |1 3 4 5 8  |1 2 5 8 9 
  -0.000296231173373  1423341142  |1 2 5 8 9  |1 3 4 5 8 
  -0.000296078539458  2122334314  |0 2 3 6 9  |4 5 6 7 9 
   0.000296078198313  3133224214  |4 5 6 7 9  |0 2 3 6 9 
   0.000296071391282  3221241343  |1 2 4 5 8  |0 5 7 8 9 
   0.000295878175433  3224332141  |1 2 3 6 8  |0 3 4 5 8 
  -0.000295271486161  1111244443  |4 5 6 7 8  |5 6 7 8 9 
  -0.000295261662655  3111124444  |5 6 7 8 9  |0 6 7 8 9 
   0.000295259943378  1111344442  |5 6 7 8 9  |4 5 6 7 8 
   0.000295258622207  2111134444  |0 6 7 8 9  |5 6 7 8 9 
  -0.000295162202373  4141214314  |0 2 4 6 9  |0 2 6 7 9 
  -0.000295152057208  2141441341  |0 2 4 5 8  |2 4 5 7 8 
   0.000295151921687  3141441241  |2 4 5 7 8  |0 2 4 5 8 
   0.000294945972535  2143423411  |0 2 4 5 7  |2 3 4 6 7 
   0.000294944979475  3142432411  |2 3 4 6 7  |0 2 4 5 7 
   0.000294830918300  2432432113  |0 1 3 4 6  |1 2 4 5 9 
  -0.000294828640633  3423423112  |1 2 4 5 9  |0 1 3 4 6 
  -0.000294819909981  4324321132  |0 2 3 5 9  |0 1 3 4 8 
   0.000294817491595  4234231123  |0 1 3 4 8  |0 2 3 5 9 
   0.000294210405620  3221314342  |1 2 6 8 9  |0 4 6 7 8 
   0.000293759021445  3242131414  |1 2 3 7 9  |0 2 5 7 9 
   0.000293743918643  1343241412  |2 4 5 7 9  |1 2 3 5 7 
  -0.000293669502421  2342332231  |0 2 3 6 7  |1 2 4 5 8 
  -0.000293669370011  3243223321  |1 2 4 5 8  |0 2 3 6 7 
   0.000293662115386  2342312332  |0 2 3 6 9  |1 2 4 7 8 
  -0.000293533189927  2214431413  |0 1 3 4 7  |3 4 5 7 9 
  -0.000293532753730  3314421412  |3 4 5 7 9  |0 1 3 4 7 
   0.000293047836208  2412232333  |0 1 3 4 6  |1 5 7 8 9 
  -0.000293047621259  3314322232  |3 5 6 7 9  |0 1 3 4 8 
   0.000293047008251  3413323222  |1 5 7 8 9  |0 1 3 4 6 
  -0.000293046149310  2214233323  |0 1 3 4 8  |3 5 6 7 9 
   0.000292356289043  3324121324  |2 3 5 8 9  |0 1 3 7 9 
  -0.000292278632114  1241444113  |1 2 4 5 6  |2 4 5 6 9 
   0.000292184319951  4341412213  |0 2 4 6 7  |0 1 2 4 9 
   0.000292182413451  4241413312  |0 1 2 4 9  |0 2 4 6 7 
   0.000292174124809  4143431221  |0 2 4 7 8  |0 2 3 4 5 
   0.000292034455842  3224431141  |1 2 3 4 8  |0 3 4 5 8 
   0.000292024132963  4433214112  |0 1 4 6 9  |0 1 2 3 6 
  -0.000291999238587  3423421123  |1 2 4 5 8  |0 1 3 4 9 
   0.000291997649357  2432431132  |0 1 3 4 9  |1 2 4 5 8 
   0.000291988286312  4234223113  |0 1 3 4 5  |0 2 3 6 9 
  -0.000291985046747  4324332112  |0 2 3 6 9  |0 1 3 4 5 
  -0.000291858105240  2441331223  |0 1 2 7 8  |1 2 4 5 9 
   0.000291857633478  3144232213  |2 3 4 6 7  |0 2 3 5 9 
   0.000291857267382  3441221332  |1 2 4 5 9  |0 1 2 7 8 
   0.000291648945681  3412221433  |1 3 4 5 7  |0 1 7 8 9 
  -0.000291646344818  3314222413  |3 4 5 6 7  |0 1 3 7 9 
  -0.000291643574660  2413331422  |0 1 7 8 9  |1 3 4 5 7 
   0.000291635057224  2214333412  |0 1 3 7 9  |3 4 5 6 7 
   0.000291566872459  3431421142  |1 4 5 8 9  |0 1 2 4 8 
   0.000291566852324  2421431143  |0 1 2 4 8  |1 4 5 8 9 
   0.000291566811874  4124234113  |0 2 3 4 6  |0 3 5 6 9 
   0.000291565388268  4134324112  |0 3 5 6 9  |0 2 3 4 6 
   0.000291408490600  4333232122  |0 4 6 8 9  |0 1 2 3 5 
   0.000291404386157  2333422123  |0 4 5 6 8  |1 2 3 4 9 
   0.000291024532369  4234132123  |0 1 3 6 8  |0 2 3 5 9 
  -0.000291024302096  4324123132  |0 2 3 5 9  |0 1 3 6 8 
   0.000291000101573  4324411123  |0 2 3 4 8  |0 1 3 4 9 
   0.000290999720555  4234411132  |0 1 3 4 9  |0 2 3 4 8 
  -0.000290992881142  4423432111  |0 1 2 4 6  |0 1 3 4 5 
  -0.000290992436697  4432423111  |0 1 3 4 5  |0 1 2 4 6 
  -0.000290966292508  2413441321  |0 1 4 5 8  |1 3 4 5 7 
  -0.000290961281559  3412441231  |1 3 4 5 7  |0 1 4 5 8 
  -0.000290954707206  4314212314  |0 3 4 6 9  |0 1 3 7 9 
   0.000290442596824  4142313412  |0 2 3 7 9  |0 2 4 6 7 
   0.000290441957943  4143212413  |0 2 4 6 7  |0 2 3 7 9 
  -0.000290440725538  2341431421  |0 2 4 7 8  |1 2 4 5 7 
  -0.000290440453999  3241421431  |1 2 4 5 7  |0 2 4 7 8 
  -0.000290179285502  4134123223  |0 3 5 7 8  |0 2 3 6 9 
  -0.000290175837934  1421423323  |1 2 4 5 8  |1 4 6 7 9 
   0.000290174911580  1431432232  |1 4 6 7 9  |1 2 4 5 8 
  -0.000290096191838  1432233232  |1 3 4 7 9  |1 2 5 6 8 
   0.000290092760490  1441443112  |1 2 4 5 9  |1 2 4 5 6 
  -0.000290091827360  4144131124  |0 2 3 8 9  |0 2 3 5 9 
   0.000290005023065  4141121344  |0 2 5 8 9  |0 2 7 8 9 
  -0.000290004985533  4141131244  |0 2 7 8 9  |0 2 5 8 9 
  -0.000289818271784  3241223143  |1 2 4 5 8  |0 2 6 8 9 
   0.000289808482499  2341332142  |0 2 6 8 9  |1 2 4 5 8 
   0.000289808009818  3143224123  |2 4 5 6 8  |0 2 3 6 9 
  -0.000289802990303  2142334132  |0 2 3 6 9  |2 4 5 6 8 
  -0.000289660300616  1412342143  |1 3 5 6 8  |1 4 5 8 9 
  -0.000289569606004  4313212342  |0 4 6 8 9  |0 1 3 7 8 
  -0.000289155028098  2324431213  |0 2 3 4 7  |1 3 4 5 9 
   0.000289154821106  3234421312  |1 3 4 5 9  |0 2 3 4 7 
   0.000289144455544  4423231213  |0 1 2 4 7  |0 1 3 5 9 
   0.000288925134304  4331221234  |0 4 5 7 9  |0 1 2 8 9 
   0.000288725525132  2324132323  |0 2 3 6 8  |1 3 5 7 9 
   0.000288717854835  1432323232  |1 3 5 7 9  |1 2 4 6 8 
   0.000288716108730  1423232323  |1 2 4 6 8  |1 3 5 7 9 
  -0.000288645306028  2144341123  |0 2 3 5 8  |2 3 4 5 9 
  -0.000288644735222  3144241132  |2 3 4 5 9  |0 2 3 5 8 
  -0.000288581378508  1423114234  |1 2 6 7 9  |1 3 6 8 9 
   0.000288544639516  4114323322  |0 3 5 8 9  |0 3 4 6 7 
   0.000288540886683  3411422332  |1 4 5 6 9  |0 1 4 7 8 
  -0.000288540659252  2411433223  |0 1 4 7 8  |1 4 5 6 9 
   0.000288527002477  2332241323  |0 3 4 5 8  |1 2 5 7 9 
  -0.000288505724311  2233232314  |0 1 4 6 9  |2 3 5 7 9 
  -0.000287583903041  3224231323  |1 2 3 4 8  |0 3 5 7 9 
   0.000287579609829  1131244441  |4 5 6 7 8  |2 5 6 7 8 
   0.000287577536490  2422332313  |0 1 2 3 6  |1 4 5 7 9 
   0.000287410879358  3343422211  |2 4 5 6 7  |0 1 2 3 4 
  -0.000287401806951  2242433311  |0 1 2 3 4  |2 4 5 6 7 
   0.000287386053488  4242211333  |0 1 2 3 4  |0 2 7 8 9 
  -0.000287376700471  4343311222  |0 2 7 8 9  |0 1 2 3 4 
   0.000287131864501  1341432241  |2 4 6 7 8  |1 2 4 5 8 
   0.000287131772510  4142114332  |0 2 3 6 9  |0 2 6 7 8 
   0.000287131569352  4143114223  |0 2 6 7 8  |0 2 3 6 9 
   0.000287131532811  1241423341  |1 2 4 5 8  |2 4 6 7 8 
  -0.000287042832735  2214333232  |0 1 3 7 9  |3 4 5 6 8 
   0.000287041616206  2413332322  |0 1 6 8 9  |1 3 4 5 7 
  -0.000287041554351  3314222323  |3 4 5 6 8  |0 1 3 7 9 
   0.000287040951774  3412223233  |1 3 4 5 7  |0 1 6 8 9 
   0.000287000300999  1431441412  |1 4 5 7 9  |1 2 4 5 7 
  -0.000286994147161  4134121414  |0 3 5 7 9  |0 2 3 7 9 
  -0.000286883068204  1214342314  |1 3 5 6 9  |3 4 5 7 9 
  -0.000286841331389  2234231314  |0 1 3 4 9  |2 3 5 7 9 
  -0.000286833462374  2342341312  |0 2 3 5 9  |1 2 4 5 7 
   0.000286826549970  2342331214  |0 2 3 7 9  |1 2 4 5 9 
  -0.000286227600558  1413123424  |1 5 7 8 9  |1 3 6 7 9 
  -0.000286224244706  1214143423  |1 3 5 7 8  |3 5 6 7 9 
  -0.000286222585215  1314142432  |3 5 6 7 9  |1 3 5 7 8 
  -0.000286164741543  4123323412  |0 2 5 7 9  |0 3 4 6 7 
   0.000286163750511  4132232413  |0 3 4 6 7  |0 2 5 7 9 
  -0.000285638112700  4233332122  |0 1 6 8 9  |0 2 3 4 5 
  -0.000285637417187  4322223133  |0 2 3 4 5  |0 1 6 8 9 
  -0.000285637302148  2223433132  |0 1 2 4 9  |3 4 5 6 8 
  -0.000285637131500  3332422123  |3 4 5 6 8  |0 1 2 4 9 
   0.000285072266034  2144133214  |0 2 3 7 9  |2 3 5 6 9 
   0.000285069383369  3144122314  |2 3 5 6 9  |0 2 3 7 9 
   0.000285060599801  1441341322  |1 2 5 8 9  |1 2 4 5 7 
   0.000285052333245  1441241233  |1 2 4 5 7  |1 2 5 8 9 
  -0.000284772182159  4141432411  |0 2 4 6 7  |0 2 4 5 7 
  -0.000284767678284  4141411423  |0 2 4 7 8  |0 2 4 7 9 
   0.000284767458303  4141411432  |0 2 4 7 9  |0 2 4 7 8 
  -0.000284571532678  1432241233  |1 3 4 5 7  |1 2 5 8 9 
   0.000284568704917  3324122314  |2 3 5 6 9  |0 1 3 7 9 
  -0.000284557077112  2234133214  |0 1 3 7 9  |2 3 5 6 9 
   0.000284555937966  1423341322  |1 2 5 8 9  |1 3 4 5 7 
  -0.000284394098143  1444411411  |1 2 3 4 7  |1 2 3 4 7 
  -0.000284383940127  4444111411  |0 1 2 3 7  |0 1 2 3 7 
   0.000284055949371  4122323314  |0 2 3 5 9  |0 4 6 7 9 
   0.000284052792959  3221441332  |1 2 4 5 9  |0 4 5 7 8 
  -0.000283839484555  3332223214  |3 4 5 7 9  |0 1 2 6 9 
   0.000283827310023  3322241323  |2 3 4 5 8  |0 1 5 7 9 
  -0.000283772791744  2424313132  |0 1 2 3 9  |1 3 4 6 8 
   0.000283770464722  3434212123  |1 3 4 6 8  |0 1 2 3 9 
  -0.000283761712225  2434332121  |0 1 3 6 8  |1 2 3 4 5 
   0.000283759484265  3424223131  |1 2 3 4 5  |0 1 3 6 8 
   0.000283441573617  4442113141  |0 1 2 3 8  |0 1 2 6 8 
   0.000283441206530  1244414131  |1 2 3 4 6  |2 3 4 6 8 
   0.000283249203361  1244123314  |1 2 3 5 9  |2 3 6 7 9 
   0.000283240159268  1443141223  |1 2 5 7 8  |1 2 3 5 9 
  -0.000283073649694  2241231334  |0 1 2 4 9  |2 5 7 8 9 
   0.000283015131904  1244232313  |1 2 3 4 6  |2 3 5 7 9 
  -0.000283013991975  1344323212  |2 3 5 7 9  |1 2 3 4 6 
  -0.000283011482494  2442131323  |0 1 2 3 8  |1 2 5 7 9 
   0.000282947671701  3221141434  |1 2 5 7 9  |0 5 7 8 9 
  -0.000282943210274  1133242414  |4 5 6 7 9  |2 3 5 7 9 
  -0.000282834613691  4232232133  |0 1 3 4 6  |0 2 5 8 9 
  -0.000282834079271  4323323122  |0 2 5 8 9  |0 1 3 4 6 
  -0.000282833543713  3323422132  |2 4 5 6 9  |0 1 3 4 8 
  -0.000282833521757  2232433123  |0 1 3 4 8  |2 4 5 6 9 
  -0.000282377629872  4112334223  |0 3 6 7 8  |0 4 5 6 9 
  -0.000282048393129  4131421441  |0 4 5 7 8  |0 2 4 7 8 
   0.000282047464038  4121431441  |0 2 4 7 8  |0 4 5 7 8 
  -0.000281999127363  1314342322  |3 5 6 8 9  |1 3 4 5 7 
   0.000281992995299  2412133234  |0 1 3 7 9  |1 5 6 8 9 
   0.000281588847802  3223431412  |1 2 4 7 9  |0 3 4 5 7 
  -0.000281499668157  3221441323  |1 2 4 5 8  |0 4 5 7 9 
   0.000281495226487  4133223214  |0 4 5 7 9  |0 2 3 6 9 
  -0.000281339972424  3422421313  |1 2 3 4 5  |0 1 4 7 9 
   0.000281337654406  1232141344  |1 3 5 8 9  |2 5 7 8 9 
   0.000281335560274  2433431212  |0 1 4 7 9  |1 2 3 4 5 
  -0.000281331317969  4334221213  |0 3 4 5 7  |0 1 2 3 9 
   0.000281323602952  4224331312  |0 1 2 3 9  |0 3 4 5 7 
  -0.000280993722375  1334422231  |3 4 5 6 7  |1 2 3 4 8 
   0.000280978471701  4342311241  |0 2 3 7 8  |0 1 2 4 8 
   0.000280975312363  4243211341  |0 1 2 4 8  |0 2 3 7 8 
  -0.000280960145683  2342414311  |0 2 3 4 6  |1 2 4 6 7 
  -0.000280956455292  3243414211  |1 2 4 6 7  |0 2 3 4 6 
   0.000280899055630  1244141134  |1 2 3 5 9  |2 3 5 8 9 
  -0.000280895918572  4141234141  |0 2 4 6 8  |0 2 5 6 8 
  -0.000280672732449  1441412341  |1 2 4 6 8  |1 2 4 7 8 
   0.000280465454086  2311314424  |0 6 7 8 9  |1 4 6 7 9 
   0.000280465234861  3211214434  |1 4 6 7 9  |0 6 7 8 9 
   0.000280376426490  2212341433  |0 1 3 5 7  |4 5 7 8 9 
   0.000280330900819  3243421411  |1 2 4 5 7  |0 2 3 4 7 
   0.000280329094075  2342431411  |0 2 3 4 7  |1 2 4 5 7 
   0.000280329030059  4231211443  |0 1 4 7 8  |0 2 7 8 9 
   0.000280322250628  4321311442  |0 2 7 8 9  |0 1 4 7 8 
   0.000280320631943  3123424411  |2 4 5 6 7  |0 3 4 6 7 
   0.000280318298768  2132434411  |0 3 4 6 7  |2 4 5 6 7 
   0.000280315381843  4243211413  |0 1 2 4 7  |0 2 3 7 9 
   0.000280312906689  4342311412  |0 2 3 7 9  |0 1 2 4 7 
  -0.000280237375289  1442323312  |1 2 3 5 9  |1 2 4 6 7 
   0.000280236700253  1443232213  |1 2 4 6 7  |1 2 3 5 9 
   0.000280233226440  3244121332  |1 2 3 5 9  |0 2 3 7 8 
  -0.000280233113561  2344131223  |0 2 3 7 8  |1 2 3 5 9 
  -0.000279921619091  4113414142  |0 4 6 8 9  |0 3 4 6 8 
  -0.000279920402150  4211434141  |0 1 4 6 8  |0 4 5 6 8 
   0.000279920347619  4311424141  |0 4 5 6 8  |0 1 4 6 8 
  -0.000279811516870  4413431221  |0 1 4 7 8  |0 1 3 4 5 
  -0.000279805343691  4412421331  |0 1 3 4 5  |0 1 4 7 8 
  -0.000279796962326  4214413312  |0 1 3 4 9  |0 3 4 6 7 
  -0.000279792377628  4314412213  |0 3 4 6 7  |0 1 3 4 9 
   0.000279736800178  2314444111  |0 3 4 5 6  |1 3 4 5 6 
   0.000279573626244  1442132314  |1 2 3 6 9  |1 2 5 7 9 
   0.000279563953784  1244141323  |1 2 3 5 8  |2 3 5 7 9 
   0.000279349314301  1443441211  |1 2 4 5 7  |1 2 3 4 5 
   0.000279348537518  2244131413  |0 1 2 3 7  |2 3 5 7 9 
   0.000279336748732  1443321412  |1 2 5 7 9  |1 2 3 4 7 
  -0.000279302889588  1442441311  |1 2 3 4 5  |1 2 4 5 7 
   0.000279297943961  1232344312  |1 3 5 6 9  |2 4 5 6 7 
  -0.000279278219560  4244111314  |0 1 2 3 9  |0 2 3 7 9 
   0.000279247589479  4344111214  |0 2 3 7 9  |0 1 2 3 9 
  -0.000278796116982  3422133214  |1 2 3 7 9  |0 1 5 6 9 
  -0.000278620057515  3234221413  |1 3 4 5 7  |0 2 3 7 9 
   0.000278617604564  2324331412  |0 2 3 7 9  |1 3 4 5 7 
  -0.000278610461731  3423221413  |1 2 4 5 7  |0 1 3 7 9 
   0.000278609286871  2432331412  |0 1 3 7 9  |1 2 4 5 7 
  -0.000278572189180  3324422131  |2 3 4 5 6  |0 1 3 4 8 
   0.000278562493645  2234433121  |0 1 3 4 8  |2 3 4 5 6 
  -0.000278545466779  4432212133  |0 1 3 4 6  |0 1 2 8 9 
   0.000278535563923  4423313122  |0 1 2 8 9  |0 1 3 4 6 
  -0.000278468433102  3134232412  |3 4 6 7 9  |0 2 3 5 7 
   0.000278464315016  3421231432  |1 2 4 7 9  |0 1 5 7 8 
  -0.000278292627255  4223312134  |0 1 2 6 9  |0 3 4 8 9 
   0.000277747719232  4332412213  |0 3 4 6 7  |0 1 2 4 9 
  -0.000277737573660  4223413312  |0 1 2 4 9  |0 3 4 6 7 
  -0.000277730365226  4322421331  |0 2 3 4 5  |0 1 4 7 8 
   0.000277721913262  4233431221  |0 1 4 7 8  |0 2 3 4 5 
  -0.000277463847117  1434322321  |1 3 5 6 8  |1 2 3 4 7 
  -0.000277453724519  2424113233  |0 1 2 3 7  |1 3 6 8 9 
  -0.000277178819485  4323114232  |0 2 6 7 9  |0 1 3 6 8 
   0.000277150393919  1432333222  |1 3 7 8 9  |1 2 4 5 6 
  -0.000276864295311  4141124134  |0 2 5 6 9  |0 2 6 8 9 
  -0.000276303943380  2234234113  |0 1 3 4 6  |2 3 5 6 9 
   0.000276303928178  3324324112  |2 3 5 6 9  |0 1 3 4 6 
  -0.000276300737311  3423321142  |1 2 5 8 9  |0 1 3 4 8 
   0.000276299480037  2432231143  |0 1 3 4 8  |1 2 5 8 9 
   0.000276224996216  3232124134  |1 3 5 6 9  |0 2 6 8 9 
  -0.000276224866402  2323134124  |0 2 6 8 9  |1 3 5 6 9 
  -0.000275993323129  1132443421  |3 4 5 7 8  |2 4 5 6 7 
  -0.000275987685390  4321113424  |0 2 7 8 9  |0 1 6 7 9 
  -0.000275927809036  4132224133  |0 3 4 5 6  |0 2 6 8 9 
   0.000275887992230  2243331412  |0 1 2 7 9  |2 3 4 5 7 
  -0.000275485109136  1341122344  |2 5 6 8 9  |1 2 7 8 9 
  -0.000275477972191  1143144322  |2 5 6 8 9  |2 3 5 6 7 
  -0.000275394755233  4414213213  |0 1 3 4 7  |0 1 3 6 9 
  -0.000275393511047  3414421321  |1 3 4 5 8  |0 1 3 4 7 
  -0.000275388755943  2414431231  |0 1 3 4 7  |1 3 4 5 8 
  -0.000275376696566  4414312312  |0 1 3 6 9  |0 1 3 4 7 
  -0.000274846767801  3321142144  |2 5 6 8 9  |0 1 5 8 9 
   0.000274718906374  1144342141  |2 3 5 6 8  |2 3 4 5 8 
  -0.000274622914914  4312413232  |0 3 4 7 9  |0 1 4 6 8 
   0.000274408711919  1111444243  |4 5 6 7 8  |4 5 6 8 9 
  -0.000274320163704  3414422131  |1 3 4 5 6  |0 1 3 4 8 
  -0.000274318657524  2414433121  |0 1 3 4 8  |1 3 4 5 6 
  -0.000274305064136  4414212133  |0 1 3 4 6  |0 1 3 8 9 
  -0.000274303484664  4414313122  |0 1 3 8 9  |0 1 3 4 6 
  -0.000274301058579  2142214333  |0 2 3 4 6  |2 6 7 8 9 
   0.000274295858219  2241233341  |0 1 2 4 8  |2 5 6 7 8 
  -0.000274273566538  2233432411  |0 1 4 6 7  |2 3 4 5 7 
   0.000274272587591  3322423411  |2 3 4 5 7  |0 1 4 6 7 
   0.000274261498418  4223311432  |0 1 2 7 9  |0 3 4 7 8 
  -0.000274260232709  4332211423  |0 3 4 7 8  |0 1 2 7 9 
   0.000274247923124  4414211143  |0 1 3 4 8  |0 1 3 8 9 
   0.000274246976712  3414424111  |1 3 4 5 6  |0 1 3 4 6 
  -0.000274244152391  2414434111  |0 1 3 4 6  |1 3 4 5 6 
  -0.000274244063707  4414311142  |0 1 3 8 9  |0 1 3 4 8 
  -0.000272860380051  2233332214  |0 1 6 7 9  |2 3 4 5 9 
   0.000272109723189  3441411421  |1 2 4 7 8  |0 1 2 4 7 
  -0.000272098569758  4144213411  |0 2 3 4 7  |0 2 3 6 7 
   0.000272097914349  4144312411  |0 2 3 6 7  |0 2 3 4 7 
   0.000271844204858  3231214243  |1 4 6 7 8  |0 2 6 8 9 
   0.000271840438453  3123224341  |2 4 5 6 8  |0 3 6 7 8 
   0.000271788765759  4332121243  |0 3 5 7 8  |0 1 2 8 9 
  -0.000271788597448  4223131342  |0 1 2 8 9  |0 3 5 7 8 
  -0.000271782881478  1233434212  |1 4 6 7 9  |2 3 4 5 6 
   0.000271262186488  3222434113  |1 2 3 4 6  |0 4 5 6 9 
   0.000271258725247  4333221142  |0 4 5 8 9  |0 1 2 3 8 
   0.000271063125768  4243331212  |0 1 2 7 9  |0 2 3 4 5 
  -0.000271062341149  2243431312  |0 1 2 4 9  |2 3 4 5 7 
  -0.000271060968688  4342221313  |0 2 3 4 5  |0 1 2 7 9 
   0.000271060511939  3342421213  |2 3 4 5 7  |0 1 2 4 9 
   0.000270808269316  3244214113  |1 2 3 4 6  |0 2 3 6 9 
   0.000270795141599  2344314112  |0 2 3 6 9  |1 2 3 4 6 
   0.000270776821912  3443221141  |1 2 4 5 8  |0 1 2 3 8 
   0.000270772209150  2442331141  |0 1 2 3 8  |1 2 4 5 8 
  -0.000270370731680  4122214333  |0 2 3 4 6  |0 6 7 8 9 
   0.000270367832212  3331422241  |4 5 6 7 8  |0 1 2 4 8 
  -0.000270357957111  2221433341  |0 1 2 4 8  |4 5 6 7 8 
   0.000270355968686  4133314222  |0 6 7 8 9  |0 2 3 4 6 
   0.000270271780414  3433422211  |1 4 5 6 7  |0 1 2 3 4 
  -0.000270271033930  2422433311  |0 1 2 3 4  |1 4 5 6 7 
  -0.000270269175926  4224211333  |0 1 2 3 4  |0 3 7 8 9 
   0.000270267795867  4334311222  |0 3 7 8 9  |0 1 2 3 4 
  -0.000269947818483  4314214213  |0 3 4 6 7  |0 1 3 6 9 
  -0.000269941307137  4214314312  |0 1 3 6 9  |0 3 4 6 7 
   0.000269938552689  3412421341  |1 3 4 5 8  |0 1 4 7 8 
   0.000269937500049  2413431241  |0 1 4 7 8  |1 3 4 5 8 
  -0.000269474342487  1433421421  |1 4 5 7 8  |1 2 3 4 7 
  -0.000269469465764  1422431431  |1 2 3 4 7  |1 4 5 7 8 
   0.000269468315189  4224113413  |0 1 2 3 7  |0 3 6 7 9 
   0.000269466606030  4334112412  |0 3 6 7 9  |0 1 2 3 7 
  -0.000269355391488  3244312312  |1 2 3 6 9  |0 2 3 4 7 
   0.000269353531674  2344213213  |0 2 3 4 7  |1 2 3 6 9 
  -0.000269341459488  2443231231  |0 1 2 4 7  |1 2 3 5 8 
   0.000269341184001  3442321321  |1 2 3 5 8  |0 1 2 4 7 
  -0.000269026165715  1441432114  |1 2 4 6 9  |1 2 4 5 9 
  -0.000268967616612  3223423132  |1 2 4 5 9  |0 3 4 6 8 
  -0.000268967491803  2332432123  |0 3 4 6 8  |1 2 4 5 9 
  -0.000268960926683  4233232123  |0 1 4 6 8  |0 2 3 5 9 
  -0.000268960228277  4322323132  |0 2 3 5 9  |0 1 4 6 8 
   0.000268759895425  3243112324  |1 2 6 8 9  |0 2 3 7 9 
  -0.000268759360164  2342113234  |0 2 3 7 9  |1 2 6 8 9 
  -0.000268749948348  1243243231  |1 2 4 5 7  |2 3 5 6 8 
  -0.000268664752538  4312411432  |0 3 4 7 9  |0 1 4 7 8 
  -0.000268664137124  4213411423  |0 1 4 7 8  |0 3 4 7 9 
   0.000268661576156  4213423411  |0 1 4 5 7  |0 3 4 6 7 
   0.000268403017309  3224114314  |1 2 3 6 9  |0 3 6 7 9 
   0.000268398328092  1433241241  |1 4 5 7 8  |1 2 3 5 8 
   0.000268397649742  2334114214  |0 3 6 7 9  |1 2 3 6 9 
   0.000268036819631  2233421431  |0 1 4 5 7  |2 3 4 7 8 
   0.000267736176994  3142314232  |2 3 6 7 9  |0 2 4 6 8 
  -0.000267729837638  3241323241  |1 2 5 7 8  |0 2 4 6 8 
  -0.000267588218514  2241231343  |0 1 2 4 8  |2 5 7 8 9 
   0.000267585585588  3341321242  |2 5 7 8 9  |0 1 2 4 8 
   0.000267580136159  3143324212  |2 5 6 7 9  |0 2 3 4 6 
  -0.000267578397765  2142234313  |0 2 3 4 6  |2 5 6 7 9 
   0.000267357745314  1344432121  |2 3 4 6 8  |1 2 3 4 5 
   0.000267357392710  1244423131  |1 2 3 4 5  |2 3 4 6 8 
   0.000267350380500  4442113132  |0 1 2 3 9  |0 1 2 6 8 
   0.000267350208711  4443112123  |0 1 2 6 8  |0 1 2 3 9 
  -0.000267335339480  3322423132  |2 3 4 5 9  |0 1 4 6 8 
  -0.000267027956027  2441331241  |0 1 2 7 8  |1 2 4 5 8 
   0.000267024515649  3144214213  |2 3 4 6 7  |0 2 3 6 9 
   0.000267022785952  2144314312  |0 2 3 6 9  |2 3 4 6 7 
   0.000266787702971  3431222134  |1 4 5 6 9  |0 1 2 8 9 
   0.000266786065917  3124242133  |2 3 4 5 6  |0 3 5 8 9 
   0.000266721628212  2341231144  |0 2 4 8 9  |1 2 5 8 9 
   0.000265957374913  1112444431  |3 4 5 6 7  |4 5 6 7 8 
  -0.000265945774322  4311112444  |0 6 7 8 9  |0 1 7 8 9 
   0.000265932408003  4211113444  |0 1 7 8 9  |0 6 7 8 9 
  -0.000265932138606  1113444421  |4 5 6 7 8  |3 4 5 6 7 
   0.000265441708447  4321212343  |0 2 4 6 8  |0 1 7 8 9 
  -0.000265440086776  3132424231  |3 4 5 6 7  |0 2 4 6 8 
   0.000265435651470  2123434321  |0 2 4 6 8  |3 4 5 6 7 
  -0.000265428828379  4231313242  |0 1 7 8 9  |0 2 4 6 8 
   0.000265326158560  1422333322  |1 2 3 8 9  |1 4 5 6 7 
   0.000265136256479  1124444311  |2 3 4 5 6  |3 4 5 6 7 
   0.000265128050673  4431111244  |0 1 7 8 9  |0 1 2 8 9 
  -0.000265091985289  1134444211  |3 4 5 6 7  |2 3 4 5 6 
  -0.000265085175715  4421111344  |0 1 2 8 9  |0 1 7 8 9 
  -0.000264937069180  1311441442  |4 5 7 8 9  |1 4 5 7 8 
   0.000264563174978  4441312114  |0 1 2 6 9  |0 1 2 4 9 
  -0.000264562681256  4441213114  |0 1 2 4 9  |0 1 2 6 9 
   0.000264562577170  3144441121  |2 3 4 5 8  |0 2 3 4 5 
  -0.000264561760781  2144441131  |0 2 3 4 5  |2 3 4 5 8 
   0.000264067816293  4142311414  |0 2 3 7 9  |0 2 4 7 9 
   0.000263855025924  3234342112  |1 3 5 6 9  |0 2 3 4 5 
  -0.000263854004586  2324243113  |0 2 3 4 5  |1 3 5 6 9 
   0.000263832077689  3432321124  |1 3 5 8 9  |0 1 2 4 9 
  -0.000263723406982  4142321323  |0 2 3 5 8  |0 2 4 7 9 
   0.000263685898642  1324341232  |2 3 5 7 9  |1 3 4 5 8 
   0.000263683270516  3423123214  |1 2 5 7 9  |0 1 3 6 9 
  -0.000263683087091  2432132314  |0 1 3 6 9  |1 2 5 7 9 
  -0.000263634851909  1222434313  |1 2 3 4 6  |4 5 6 7 9 
  -0.000263622418240  3132442213  |3 4 5 6 7  |0 2 4 5 9 
   0.000263622342407  2123443312  |0 2 4 5 9  |3 4 5 6 7 
  -0.000263613921481  4231331224  |0 1 7 8 9  |0 2 4 5 9 
   0.000263522764404  2341341142  |0 2 5 8 9  |1 2 4 5 8 
   0.000263516382609  3241241143  |1 2 4 5 8  |0 2 5 8 9 
   0.000263511240688  2142334114  |0 2 3 6 9  |2 4 5 6 9 
   0.000263509304345  3143224114  |2 4 5 6 9  |0 2 3 6 9 
   0.000263201962162  3234121423  |1 3 5 7 8  |0 2 3 7 9 
   0.000263094277173  4442111134  |0 1 2 3 9  |0 1 2 8 9 
  -0.000263072046385  1344442111  |2 3 4 5 6  |1 2 3 4 5 
   0.000263001349859  1244443111  |1 2 3 4 5  |2 3 4 5 6 
  -0.000262966632978  4443111124  |0 1 2 8 9  |0 1 2 3 9 
  -0.000262883993029  2123134144  |0 2 6 8 9  |3 5 6 8 9 
  -0.000262883172314  3132124144  |3 5 6 8 9  |0 2 6 8 9 
   0.000262834190446  2143343212  |0 2 5 7 9  |2 3 4 5 6 
  -0.000262834065707  3142242313  |2 3 4 5 6  |0 2 5 7 9 
   0.000262349257284  4222314331  |0 1 2 3 6  |0 4 6 7 8 
  -0.000262348752576  4333214221  |0 4 6 7 8  |0 1 2 3 6 
   0.000262340571406  3222413341  |1 2 3 4 8  |0 4 6 7 8 
  -0.000262193650744  3222314314  |1 2 3 6 9  |0 4 6 7 9 
   0.000262182238725  3222341341  |1 2 3 5 8  |0 4 5 7 8 
   0.000262171890123  2413232323  |0 1 4 6 8  |1 3 5 7 9 
   0.000262171147874  3412323232  |1 3 5 7 9  |0 1 4 6 8 
  -0.000262162448087  3214323232  |1 3 5 7 9  |0 3 4 6 8 
  -0.000262161170220  2314232323  |0 3 4 6 8  |1 3 5 7 9 
  -0.000262010851978  2144314114  |0 2 3 6 9  |2 3 4 6 9 
  -0.000261546248064  1424331322  |1 2 3 8 9  |1 3 4 5 7 
   0.000261499084954  2333224132  |0 4 5 6 9  |1 2 3 6 8 
  -0.000261201499678  3123442312  |2 4 5 6 9  |0 3 4 5 7 
  -0.000261069028190  3424123213  |1 2 3 5 7  |0 1 3 6 9 
   0.000261067827064  1434221323  |1 3 4 5 8  |1 2 3 7 9 
  -0.000260921198146  4224331132  |0 1 2 3 9  |0 3 4 5 8 
   0.000260919143850  4334221123  |0 3 4 5 8  |0 1 2 3 9 
   0.000260915042202  2433432112  |0 1 4 6 9  |1 2 3 4 5 
  -0.000260913781660  3422423113  |1 2 3 4 5  |0 1 4 6 9 
   0.000260841751683  1413421432  |1 4 5 7 9  |1 3 4 7 8 
  -0.000260826890995  3241221343  |1 2 4 5 8  |0 2 7 8 9 
   0.000260824498132  2341331242  |0 2 7 8 9  |1 2 4 5 8 
   0.000260813948276  3143224213  |2 4 5 6 7  |0 2 3 6 9 
  -0.000260597102331  2323441123  |0 2 4 5 8  |1 3 4 5 9 
  -0.000260398465590  3212134144  |1 3 6 8 9  |0 5 6 8 9 
   0.000260382208405  2323123342  |0 2 5 8 9  |1 3 6 7 8 
  -0.000260254574686  3441122143  |1 2 5 6 8  |0 1 2 8 9 
   0.000259646367846  1441341214  |1 2 5 7 9  |1 2 4 5 9 
  -0.000259645843879  1441241314  |1 2 4 5 9  |1 2 5 7 9 
  -0.000259635169076  2144141314  |0 2 3 5 9  |2 3 5 7 9 
   0.000259635126341  3144141214  |2 3 5 7 9  |0 2 3 5 9 
  -0.000259605650503  1314324214  |3 5 6 7 9  |1 3 4 6 9 
   0.000259373760882  3243324112  |1 2 5 6 9  |0 2 3 4 6 
   0.000259366783495  2243231143  |0 1 2 4 8  |2 3 5 8 9 
  -0.000259365232317  3342321142  |2 3 5 8 9  |0 1 2 4 8 
   0.000259339879899  2144433121  |0 2 3 4 8  |2 3 4 5 6 
   0.000259337033555  3144422131  |2 3 4 5 6  |0 2 3 4 8 
   0.000259331209138  4441313122  |0 1 2 8 9  |0 1 2 4 6 
   0.000259324757038  4441212133  |0 1 2 4 6  |0 1 2 8 9 
   0.000259257428391  4423312141  |0 1 2 6 8  |0 1 3 4 8 
  -0.000259224713487  3324414121  |2 3 4 6 8  |0 1 3 4 6 
  -0.000259188075277  3232321414  |1 3 5 7 9  |0 2 4 7 9 
  -0.000259180010209  2323241413  |0 2 4 5 7  |1 3 5 7 9 
   0.000259080546180  4412423311  |0 1 3 4 5  |0 1 4 6 7 
   0.000258638884915  1324242313  |2 3 4 5 6  |1 3 5 7 9 
  -0.000258630504485  3432121234  |1 3 5 7 9  |0 1 2 8 9 
   0.000258624982342  2423131324  |0 1 2 8 9  |1 3 5 7 9 
  -0.000258624890498  1234343212  |1 3 5 7 9  |2 3 4 5 6 
   0.000258542858186  2314341412  |0 3 5 7 9  |1 3 4 5 7 
   0.000258536238807  3214241413  |1 3 4 5 7  |0 3 5 7 9 
   0.000258529881485  2412331414  |0 1 3 7 9  |1 4 5 7 9 
   0.000258527685911  3413221414  |1 4 5 7 9  |0 1 3 7 9 
   0.000258356040932  2234331214  |0 1 3 7 9  |2 3 4 5 9 
  -0.000258355407475  3324221314  |2 3 4 5 9  |0 1 3 7 9 
  -0.000258188190313  1242234313  |1 2 3 4 6  |2 5 6 7 9 
   0.000257807308301  2414232313  |0 1 3 4 6  |1 3 5 7 9 
  -0.000257805266631  3414323212  |1 3 5 7 9  |0 1 3 4 6 
   0.000257795782021  3414321232  |1 3 5 7 9  |0 1 3 4 8 
  -0.000257794944263  2414231323  |0 1 3 4 8  |1 3 5 7 9 
  -0.000257732846753  4142332231  |0 2 3 6 7  |0 2 4 5 8 
  -0.000257721156765  3241413223  |1 2 4 7 8  |0 2 4 6 9 
   0.000257721060736  2341412332  |0 2 4 6 9  |1 2 4 7 8 
  -0.000257591960146  3314121424  |3 5 7 8 9  |0 1 3 7 9 
   0.000257469315562  2144413321  |0 2 3 4 8  |2 3 4 6 7 
   0.000257340788281  3244213123  |1 2 3 4 8  |0 2 3 6 9 
   0.000257174319286  3223432132  |1 2 4 6 9  |0 3 4 5 8 
   0.000257164633501  4322323123  |0 2 3 5 8  |0 1 4 6 9 
  -0.000257143267719  4231423123  |0 1 4 5 8  |0 2 4 6 9 
   0.000256862888158  1223134144  |1 2 6 8 9  |3 5 6 8 9 
   0.000256860637069  1322144143  |2 3 5 6 8  |1 5 6 8 9 
  -0.000256848335003  3144232123  |2 3 4 6 8  |0 2 3 5 9 
   0.000256839173619  2441332123  |0 1 2 6 8  |1 2 4 5 9 
  -0.000256838697200  3441223132  |1 2 4 5 9  |0 1 2 6 8 
   0.000256726180724  4122234133  |0 2 3 4 6  |0 5 6 8 9 
   0.000256394889243  1124444131  |2 3 4 5 6  |3 4 5 6 8 
  -0.000256376126399  1134444121  |3 4 5 6 8  |2 3 4 5 6 
  -0.000256363807628  4431112144  |0 1 6 8 9  |0 1 2 8 9 
   0.000256350378683  4421113144  |0 1 2 8 9  |0 1 6 8 9 
   0.000256227920251  1414342114  |1 3 5 6 9  |1 3 4 5 9 
   0.000256222849821  3134342221  |3 5 6 7 8  |0 2 3 4 5 
  -0.000256182522919  4141441123  |0 2 4 5 8  |0 2 4 5 9 
   0.000256182357534  4141441132  |0 2 4 5 9  |0 2 4 5 8 
   0.000256174724186  4141423114  |0 2 4 5 9  |0 2 4 6 9 
  -0.000256162612778  4223431132  |0 1 2 4 9  |0 3 4 5 8 
   0.000256162390278  4332421123  |0 3 4 5 8  |0 1 2 4 9 
   0.000256156106513  4233432112  |0 1 4 6 9  |0 2 3 4 5 
  -0.000256155691802  4322423113  |0 2 3 4 5  |0 1 4 6 9 
  -0.000256050784331  1323141442  |2 5 7 8 9  |1 3 5 7 8 
  -0.000255955672250  3213424141  |1 4 5 6 8  |0 3 4 6 8 
  -0.000255955162151  2312434141  |0 3 4 6 8  |1 4 5 6 8 
  -0.000255954696056  4213214143  |0 1 4 6 8  |0 3 6 8 9 
   0.000255795883461  3423122314  |1 2 5 6 9  |0 1 3 7 9 
   0.000255787367663  2143344112  |0 2 5 6 9  |2 3 4 5 6 
   0.000255783312251  2241331144  |0 1 2 8 9  |2 4 5 8 9 
  -0.000255673035217  2224313413  |0 1 2 3 7  |3 4 6 7 9 
   0.000255583206927  3221423341  |1 2 4 5 8  |0 4 6 7 8 
  -0.000255581048613  4133214223  |0 4 6 7 8  |0 2 3 6 9 
  -0.000255573713272  2331432241  |0 4 6 7 8  |1 2 4 5 8 
   0.000255566403363  4122314332  |0 2 3 6 9  |0 4 6 7 8 
   0.000255375557653  3441321232  |1 2 5 7 9  |0 1 2 4 8 
  -0.000255374328925  2441231323  |0 1 2 4 8  |1 2 5 7 9 
  -0.000255374254056  3233422411  |1 4 5 6 7  |0 2 3 4 7 
   0.000255372994528  2322433411  |0 2 3 4 7  |1 4 5 6 7 
   0.000255372209129  2144232313  |0 2 3 4 6  |2 3 5 7 9 
  -0.000255371850908  3144323212  |2 3 5 7 9  |0 2 3 4 6 
   0.000255365877890  3143214223  |2 4 6 7 8  |0 2 3 6 9 
  -0.000255363298882  2341332241  |0 2 6 7 8  |1 2 4 5 8 
   0.000255356690152  4223211433  |0 1 2 4 7  |0 3 7 8 9 
  -0.000254876120499  3243342112  |1 2 5 6 9  |0 2 3 4 5 
   0.000254875789531  2342243113  |0 2 3 4 5  |1 2 5 6 9 
   0.000254724950885  4321312414  |0 2 6 7 9  |0 1 4 7 9 
   0.000254724320145  4231213414  |0 1 4 7 9  |0 2 6 7 9 
  -0.000254547117082  2243413321  |0 1 2 4 8  |2 3 4 6 7 
   0.000254546902988  4243313221  |0 1 2 7 8  |0 2 3 4 6 
   0.000254546349889  3342412231  |2 3 4 6 7  |0 1 2 4 8 
  -0.000254545928835  4342212331  |0 2 3 4 6  |0 1 2 7 8 
  -0.000254422152315  1441414123  |1 2 4 6 8  |1 2 4 6 9 
   0.000254308615861  4133312224  |0 6 7 8 9  |0 2 3 4 9 
  -0.000254100452364  3341223232  |2 4 5 7 9  |0 1 2 6 8 
  -0.000253923028854  1124442331  |2 3 4 5 6  |3 4 5 7 8 
  -0.000253918701724  4421113324  |0 1 2 8 9  |0 1 6 7 9 
  -0.000253918599992  4431112234  |0 1 6 7 9  |0 1 2 8 9 
  -0.000253723679144  1413222433  |1 4 5 6 7  |1 3 7 8 9 
  -0.000253655980768  2421313324  |0 1 2 8 9  |1 4 6 7 9 
   0.000253655821733  3431212234  |1 4 6 7 9  |0 1 2 8 9 
  -0.000253601286419  2234413411  |0 1 3 4 7  |2 3 4 6 7 
  -0.000253601270571  3324412411  |2 3 4 6 7  |0 1 3 4 7 
   0.000253593309345  4423311421  |0 1 2 7 8  |0 1 3 4 7 
   0.000253593294935  4432211431  |0 1 3 4 7  |0 1 2 7 8 
  -0.000253137929529  2441321233  |0 1 2 5 7  |1 2 4 8 9 
   0.000253136720791  3441231322  |1 2 4 8 9  |0 1 2 5 7 
  -0.000253129576330  2134142314  |0 3 5 6 9  |2 3 5 7 9 
  -0.000253129089252  3124143214  |2 3 5 7 9  |0 3 5 6 9 
   0.000253119054909  1431241324  |1 4 5 8 9  |1 2 5 7 9 
   0.000253118988191  1421341234  |1 2 5 7 9  |1 4 5 8 9 
  -0.000253020904791  4312321414  |0 3 5 7 9  |0 1 4 7 9 
  -0.000252855088380  1422233332  |1 2 3 4 9  |1 5 6 7 8 
   0.000252837568947  3414142114  |1 3 5 6 9  |0 1 3 5 9 
   0.000252526581906  3141422431  |2 4 5 6 7  |0 2 4 7 8 
   0.000252526341917  2141433421  |0 2 4 7 8  |2 4 5 6 7 
   0.000252380543367  1334242213  |3 4 5 6 7  |1 2 3 5 9 
  -0.000252374966078  3422121334  |1 2 3 5 9  |0 1 7 8 9 
   0.000252369726564  2433131224  |0 1 7 8 9  |1 2 3 5 9 
  -0.000252365892996  1224343312  |1 2 3 5 9  |3 4 5 6 7 
  -0.000252042973684  1414142134  |1 3 5 6 9  |1 3 5 8 9 
  -0.000251921156111  3224331421  |1 2 3 7 8  |0 3 4 5 7 
   0.000251552606593  3221331442  |1 2 7 8 9  |0 4 5 7 8 
   0.000251359700920  4132332412  |0 3 6 7 9  |0 2 4 5 7 
  -0.000251358168601  2321431432  |0 2 4 7 9  |1 4 5 7 8 
   0.000251304597374  3244114213  |1 2 3 6 7  |0 2 3 6 9 
  -0.000251297692912  1443221341  |1 2 4 5 8  |1 2 3 7 8 
   0.000251214474370  4412313124  |0 1 3 8 9  |0 1 4 6 9 
  -0.000250721083479  4122134134  |0 2 3 6 9  |0 5 6 8 9 
  -0.000250720506439  4133124124  |0 5 6 8 9  |0 2 3 6 9 
  -0.000250481963377  2312114443  |0 3 6 7 8  |1 6 7 8 9 
  -0.000250253965881  2234331412  |0 1 3 7 9  |2 3 4 5 7 
   0.000250251233082  3324221413  |2 3 4 5 7  |0 1 3 7 9 
  -0.000250249466768  2423331412  |0 1 2 7 9  |1 3 4 5 7 
   0.000250248566423  3432221413  |1 3 4 5 7  |0 1 2 7 9 
   0.000250187437424  1224243313  |1 2 3 4 5  |3 5 6 7 9 
  -0.000250181762276  3433121224  |1 5 7 8 9  |0 1 2 3 9 
   0.000250176373388  2422131334  |0 1 2 3 9  |1 5 7 8 9 
  -0.000250172879461  1334342212  |3 5 6 7 9  |1 2 3 4 5 
   0.000250157445233  4243231213  |0 1 2 4 7  |0 2 3 5 9 
  -0.000250155269318  4342321312  |0 2 3 5 9  |0 1 2 4 7 
  -0.000250143203600  3243421312  |1 2 4 5 9  |0 2 3 4 7 
   0.000250141508342  2342431213  |0 2 3 4 7  |1 2 4 5 9 
  -0.000249997610314  1321443421  |2 4 5 7 8  |1 4 5 6 7 
   0.000249914506529  2333123242  |0 5 7 8 9  |1 2 3 6 8 
   0.000249914308636  3222132343  |1 2 3 6 8  |0 5 7 8 9 
  -0.000249906432488  1222334323  |1 2 3 6 8  |4 5 6 7 9 
   0.000249830337660  3431122324  |1 5 6 8 9  |0 1 2 7 9 
   0.000249572024593  1314243223  |3 4 5 7 8  |1 3 5 6 9 
  -0.000249570905620  1341342322  |2 5 6 8 9  |1 2 4 5 7 
   0.000249570000416  2142133234  |0 2 3 7 9  |2 5 6 8 9 
  -0.000249569734878  3143122324  |2 5 6 8 9  |0 2 3 7 9 
  -0.000249501314063  1413434221  |1 4 6 7 8  |1 3 4 5 6 
  -0.000249501008065  1412424331  |1 3 4 5 6  |1 4 6 7 8 
  -0.000249379524278  1243334212  |1 2 6 7 9  |2 3 4 5 6 
   0.000249377090663  2243131342  |0 1 2 8 9  |2 3 5 7 8 
  -0.000249377009993  3342121243  |2 3 5 7 8  |0 1 2 8 9 
  -0.000249080198626  3242212333  |1 2 3 4 6  |0 2 7 8 9 
  -0.000249079607180  2343313222  |0 2 7 8 9  |1 2 3 4 6 
   0.000249079161431  3343222231  |2 4 5 6 7  |0 1 2 3 8 
   0.000249020617985  4421112343  |0 1 2 6 8  |0 1 7 8 9 
  -0.000248909667130  1422241333  |1 2 3 4 5  |1 5 7 8 9 
   0.000248904303879  3334122214  |3 5 6 7 9  |0 1 2 3 9 
   0.000248893914770  1433341222  |1 5 7 8 9  |1 2 3 4 5 
  -0.000248893352403  2224133314  |0 1 2 3 9  |3 5 6 7 9 
   0.000248753472825  3342221134  |2 3 4 5 9  |0 1 2 8 9 
   0.000248718488819  1443221143  |1 2 4 5 8  |1 2 3 8 9 
   0.000248716002920  1442331142  |1 2 3 8 9  |1 2 4 5 8 
   0.000248468058496  1313224441  |4 5 6 7 8  |1 3 6 7 8 
  -0.000248433656670  1244232133  |1 2 3 4 6  |2 3 5 8 9 
   0.000248433285453  1344323122  |2 3 5 8 9  |1 2 3 4 6 
   0.000247248514539  4123234123  |0 2 4 6 8  |0 3 5 6 9 
  -0.000247247995729  4132324132  |0 3 5 6 9  |0 2 4 6 8 
  -0.000247026385022  4442131123  |0 1 2 3 8  |0 1 2 5 9 
   0.000246814022283  1341441421  |2 4 5 7 8  |1 2 4 5 7 
  -0.000246811783497  4142113414  |0 2 3 7 9  |0 2 6 7 9 
   0.000246810742118  4143112414  |0 2 6 7 9  |0 2 3 7 9 
  -0.000246234156357  3143242213  |2 4 5 6 7  |0 2 3 5 9 
   0.000246234152933  2142343312  |0 2 3 5 9  |2 4 5 6 7 
  -0.000246230060327  3241221334  |1 2 4 5 9  |0 2 7 8 9 
   0.000246230050784  2341331224  |0 2 7 8 9  |1 2 4 5 9 
  -0.000246203879934  4232312431  |0 1 3 6 7  |0 2 4 7 8 
  -0.000246201351478  2323412431  |0 2 4 6 7  |1 3 4 7 8 
   0.000246200716506  3232413421  |1 3 4 7 8  |0 2 4 6 7 
   0.000245959795179  2314241431  |0 3 4 5 7  |1 3 5 7 8 
  -0.000245955913153  2413213414  |0 1 4 7 9  |1 3 6 7 9 
   0.000245584306332  3124342114  |2 3 5 6 9  |0 3 4 5 9 
   0.000245578091879  1413214432  |1 4 6 7 9  |1 3 6 7 8 
  -0.000245569386481  2314332232  |0 3 6 7 9  |1 3 4 5 8 
  -0.000245568100110  3214223323  |1 3 4 5 8  |0 3 6 7 9 
   0.000245567483152  2412332332  |0 1 3 6 9  |1 4 5 7 8 
   0.000245566702189  3413223223  |1 4 5 7 8  |0 1 3 6 9 
  -0.000245317258066  4142234113  |0 2 3 4 6  |0 2 5 6 9 
  -0.000245317026502  4143324112  |0 2 5 6 9  |0 2 3 4 6 
  -0.000245313075182  2241431143  |0 1 2 4 8  |2 4 5 8 9 
  -0.000245312754208  3341421142  |2 4 5 8 9  |0 1 2 4 8 
   0.000245236414949  2341322323  |0 2 5 6 8  |1 2 4 7 9 
  -0.000245006340491  4133412421  |0 4 6 7 8  |0 2 3 4 7 
  -0.000244999841737  4122413431  |0 2 3 4 7  |0 4 6 7 8 
  -0.000244996628842  4221413431  |0 1 2 4 7  |0 4 6 7 8 
  -0.000244995883080  4331412421  |0 4 6 7 8  |0 1 2 4 7 
  -0.000244834641390  3214223413  |1 3 4 5 7  |0 3 6 7 9 
   0.000244831271375  3413221423  |1 4 5 7 8  |0 1 3 7 9 
  -0.000244825832251  2412331432  |0 1 3 7 9  |1 4 5 7 8 
   0.000244824408840  2314332412  |0 3 6 7 9  |1 3 4 5 7 
  -0.000244754087551  4311432421  |0 4 6 7 8  |0 1 4 5 7 
  -0.000244752787833  4112413432  |0 3 4 7 9  |0 4 6 7 8 
   0.000244479101763  4241311414  |0 1 2 7 9  |0 2 4 7 9 
  -0.000244339004821  1323242413  |2 4 5 6 7  |1 3 5 7 9 
   0.000244332731721  3232121434  |1 3 5 7 9  |0 2 7 8 9 
  -0.000244331494197  2323131424  |0 2 7 8 9  |1 3 5 7 9 
  -0.000244085842296  4124412313  |0 2 3 4 6  |0 3 4 7 9 
   0.000244085408002  4431421231  |0 1 4 5 7  |0 1 2 4 8 
   0.000244012452479  4123424113  |0 2 4 5 6  |0 3 4 6 9 
  -0.000243929514542  1322441431  |2 3 4 5 7  |1 4 5 7 8 
  -0.000243922830818  1233441421  |1 4 5 7 8  |2 3 4 5 7 
   0.000243921696109  4332112414  |0 3 6 7 9  |0 1 2 7 9 
   0.000243917081364  4223113414  |0 1 2 7 9  |0 3 6 7 9 
   0.000243881564417  4443212311  |0 1 2 4 6  |0 1 2 3 7 
  -0.000243850711422  3424312132  |1 2 3 6 9  |0 1 3 4 8 
   0.000243849025993  2434213123  |0 1 3 4 8  |1 2 3 6 9 
  -0.000243847137634  2434232131  |0 1 3 4 6  |1 2 3 5 8 
   0.000243845613417  3424323121  |1 2 3 5 8  |0 1 3 4 6 
  -0.000243458910201  4233131242  |0 1 7 8 9  |0 2 3 5 8 
   0.000243429190843  4234323112  |0 1 3 5 9  |0 2 3 4 6 
  -0.000243425964817  4324232113  |0 2 3 4 6  |0 1 3 5 9 
  -0.000243408991854  2423431123  |0 1 2 4 8  |1 3 4 5 9 
   0.000243407430029  3432421132  |1 3 4 5 9  |0 1 2 4 8 
   0.000243314003516  4224314311  |0 1 2 3 6  |0 3 4 6 7 
   0.000243311921965  4334214211  |0 3 4 6 7  |0 1 2 3 6 
   0.000243290677879  2433411241  |0 1 4 7 8  |1 2 3 4 8 
   0.000243289708301  3422411341  |1 2 3 4 8  |0 1 4 7 8 
   0.000242805293872  1332342412  |3 5 6 7 9  |1 2 4 5 7 
   0.000242801948696  3233121424  |1 5 7 8 9  |0 2 3 7 9 
  -0.000242800763969  2322131434  |0 2 3 7 9  |1 5 7 8 9 
  -0.000242645403431  4224311332  |0 1 2 3 9  |0 3 4 7 8 
   0.000242645249321  2433432211  |0 1 4 6 7  |1 2 3 4 5 
  -0.000242644866650  3422423311  |1 2 3 4 5  |0 1 4 6 7 
   0.000242644144110  4334211223  |0 3 4 7 8  |0 1 2 3 9 
   0.000242600697503  4343312221  |0 2 6 7 8  |0 1 2 3 4 
  -0.000242599516957  4242213331  |0 1 2 3 4  |0 2 6 7 8 
  -0.000242591199484  2242413331  |0 1 2 3 4  |2 4 6 7 8 
   0.000242590285224  3343412221  |2 4 6 7 8  |0 1 2 3 4 
   0.000242505118350  2332434112  |0 3 4 6 9  |1 2 4 5 6 
  -0.000242326387566  1441332241  |1 2 6 7 8  |1 2 4 5 8 
   0.000241988980397  3441422113  |1 2 4 5 6  |0 1 2 4 9 
   0.000241988276233  2441433112  |0 1 2 4 9  |1 2 4 5 6 
  -0.000241985237641  4144221133  |0 2 3 4 5  |0 2 3 8 9 
  -0.000241984434447  4144331122  |0 2 3 8 9  |0 2 3 4 5 
  -0.000241852851866  3421123234  |1 2 5 7 9  |0 1 6 8 9 
   0.000241600517676  1314342232  |3 5 6 7 9  |1 3 4 5 8 
  -0.000241600273582  1214243323  |1 3 4 5 8  |3 5 6 7 9 
  -0.000241598564355  2412132334  |0 1 3 6 9  |1 5 7 8 9 
   0.000241597555844  3413123224  |1 5 7 8 9  |0 1 3 6 9 
   0.000241151563090  4412314141  |0 1 3 6 8  |0 1 4 6 8 
   0.000241151069351  2314414141  |0 3 4 6 8  |1 3 4 6 8 
  -0.000240873189252  4434111142  |0 1 3 8 9  |0 1 2 3 8 
   0.000240872243301  4424111143  |0 1 2 3 8  |0 1 3 8 9 
  -0.000240862557197  1424434111  |1 2 3 4 6  |1 3 4 5 6 
   0.000240861090853  1434424111  |1 3 4 5 6  |1 2 3 4 6 
   0.000240732908875  4341111244  |0 2 7 8 9  |0 1 2 8 9 
  -0.000240720562115  4241111344  |0 1 2 8 9  |0 2 7 8 9 
  -0.000240706142797  1142444311  |2 3 4 5 6  |2 4 5 6 7 
   0.000240687250361  1143444211  |2 4 5 6 7  |2 3 4 5 6 
  -0.000240490444064  3321241243  |2 4 5 7 8  |0 1 5 8 9 
  -0.000240466186530  1333241242  |4 5 7 8 9  |1 2 3 5 8 
   0.000240271625977  3234321214  |1 3 5 7 9  |0 2 3 4 9 
  -0.000240271023999  2324231314  |0 2 3 4 9  |1 3 5 7 9 
   0.000240129583732  4124114314  |0 2 3 6 9  |0 3 6 7 9 
   0.000240123259132  1431441241  |1 4 5 7 8  |1 2 4 5 8 
  -0.000240085034515  4134114214  |0 3 6 7 9  |0 2 3 6 9 
  -0.000240080043307  1421441341  |1 2 4 5 8  |1 4 5 7 8 
  -0.000239936182493  3422412331  |1 2 3 4 6  |0 1 4 7 8 
   0.000239929164797  2433413221  |0 1 4 7 8  |1 2 3 4 6 
  -0.000239926595359  4334212231  |0 3 4 6 7  |0 1 2 3 8 
   0.000239917017175  4224313321  |0 1 2 3 8  |0 3 4 6 7 
  -0.000239779366954  3414311422  |1 3 7 8 9  |0 1 3 4 7 
  -0.000239779010418  2414211433  |0 1 3 4 7  |1 3 7 8 9 
   0.000239776356168  2414233411  |0 1 3 4 7  |1 3 5 6 7 
  -0.000239322269105  3143432212  |2 4 6 7 9  |0 2 3 4 5 
   0.000239270144085  4231411414  |0 1 4 7 9  |0 2 4 7 9 
  -0.000239269908387  4321411414  |0 2 4 7 9  |0 1 4 7 9 
  -0.000239268154966  4132441411  |0 3 4 5 7  |0 2 4 5 7 
  -0.000239135003491  3441123142  |1 2 5 8 9  |0 1 2 6 8 
  -0.000239104817100  2414311432  |0 1 3 7 9  |1 3 4 7 8 
   0.000238884442248  2144332123  |0 2 3 6 8  |2 3 4 5 9 
  -0.000238486243981  2423133142  |0 1 2 8 9  |1 3 5 6 8 
  -0.000238385352216  4322412133  |0 2 3 4 6  |0 1 4 8 9 
   0.000238384371509  4233413122  |0 1 4 8 9  |0 2 3 4 6 
  -0.000238377921217  4332422131  |0 3 4 5 6  |0 1 2 4 8 
   0.000238377041450  4223433121  |0 1 2 4 8  |0 3 4 5 6 
   0.000238257885589  2314231414  |0 3 4 7 9  |1 3 5 7 9 
   0.000238249749149  2413241413  |0 1 4 5 7  |1 3 5 7 9 
  -0.000237937255427  1412423413  |1 3 4 5 7  |1 4 6 7 9 
  -0.000237934881964  1413432412  |1 4 6 7 9  |1 3 4 5 7 
   0.000237925072473  4314121423  |0 3 5 7 8  |0 1 3 7 9 
   0.000237923828149  4214131432  |0 1 3 7 9  |0 3 5 7 8 
   0.000237871332221  4323211342  |0 2 4 8 9  |0 1 3 7 8 
  -0.000237847504774  1232434213  |1 3 4 6 7  |2 4 5 6 9 
   0.000237519530544  1333422241  |4 5 6 7 8  |1 2 3 4 8 
   0.000237294196955  3433222114  |1 4 5 6 9  |0 1 2 3 9 
   0.000237266367610  2331114424  |0 6 7 8 9  |1 2 6 7 9 
   0.000237242468484  3432421411  |1 3 4 5 7  |0 1 2 4 7 
   0.000237238112316  2423431411  |0 1 2 4 7  |1 3 4 5 7 
   0.000237236305850  4324211413  |0 2 3 4 7  |0 1 3 7 9 
   0.000237220531340  4234311412  |0 1 3 7 9  |0 2 3 4 7 
   0.000237215006986  1441121434  |1 2 5 7 9  |1 2 7 8 9 
  -0.000237190218770  1242143323  |1 2 3 5 8  |2 5 6 7 9 
   0.000237190210535  1343142232  |2 5 6 7 9  |1 2 3 5 8 
   0.000236705735912  4131214324  |0 4 6 8 9  |0 2 6 7 9 
   0.000236705198428  3143324122  |2 5 6 8 9  |0 2 3 4 6 
  -0.000236701001126  2131442341  |0 4 5 6 8  |2 4 5 7 8 
  -0.000236700126343  2142234133  |0 2 3 4 6  |2 5 6 8 9 
  -0.000236697736213  2241233143  |0 1 2 4 8  |2 5 6 8 9 
  -0.000236690695943  4143423211  |0 2 4 5 7  |0 2 3 4 6 
  -0.000236688759806  4241411323  |0 1 2 4 8  |0 2 4 7 9 
   0.000236686816260  3341322142  |2 5 6 8 9  |0 1 2 4 8 
  -0.000236685363386  4142432311  |0 2 3 4 6  |0 2 4 5 7 
  -0.000236684550087  4341411232  |0 2 4 7 9  |0 1 2 4 8 
   0.000236588662332  4232434111  |0 1 3 4 6  |0 2 4 5 6 
   0.000236585420988  4323411142  |0 2 4 8 9  |0 1 3 4 8 
   0.000236577751262  4123232413  |0 2 4 6 7  |0 3 5 7 9 
  -0.000236576910250  4132323412  |0 3 5 7 9  |0 2 4 6 7 
   0.000236562685862  2321431423  |0 2 4 7 8  |1 4 5 7 9 
  -0.000236497097798  3433122142  |1 5 6 8 9  |0 1 2 3 8 
   0.000236492623590  1224234133  |1 2 3 4 6  |3 5 6 8 9 
  -0.000236480830369  1412233432  |1 3 4 7 9  |1 5 6 7 8 
   0.000236476129630  2233412341  |0 1 4 6 8  |2 3 4 7 8 
  -0.000236325606562  4222331413  |0 1 2 3 7  |0 4 5 7 9 
   0.000236325104844  4333221412  |0 4 5 7 9  |0 1 2 3 7 
   0.000236316271742  3222431413  |1 2 3 4 7  |0 4 5 7 9 
  -0.000236160447283  3214314322  |1 3 6 8 9  |0 3 4 6 7 
   0.000236160211407  3412322341  |1 3 5 6 8  |0 1 4 7 8 
   0.000236138938983  2324411431  |0 2 3 4 7  |1 3 4 7 8 
  -0.000236133266021  4423213411  |0 1 2 4 7  |0 1 3 6 7 
   0.000235924486213  4231423132  |0 1 4 5 9  |0 2 4 6 8 
   0.000235316496575  1423322332  |1 2 5 6 9  |1 3 4 7 8 
   0.000235315090928  3324123322  |2 3 5 8 9  |0 1 3 6 7 
  -0.000235074641274  2443132132  |0 1 2 6 9  |1 2 3 5 8 
  -0.000234853295184  1432341241  |1 3 5 7 8  |1 2 4 5 8 
  -0.000234848104294  1423241341  |1 2 4 5 8  |1 3 5 7 8 
  -0.000234845165686  2324114314  |0 2 3 6 9  |1 3 6 7 9 
  -0.000234840269249  3234114214  |1 3 6 7 9  |0 2 3 6 9 
   0.000234718304981  4242113332  |0 1 2 3 9  |0 2 6 7 8 
  -0.000234718071171  4343112223  |0 2 6 7 8  |0 1 2 3 9 
  -0.000234716882589  1343432221  |2 4 6 7 8  |1 2 3 4 5 
   0.000234716617402  1242423331  |1 2 3 4 5  |2 4 6 7 8 
  -0.000234535513633  3222443131  |1 2 3 4 5  |0 4 5 6 8 
   0.000234535468322  2333442121  |0 4 5 6 8  |1 2 3 4 5 
  -0.000234535237351  4333212124  |0 4 6 8 9  |0 1 2 3 9 
   0.000234535166344  4222313134  |0 1 2 3 9  |0 4 6 8 9 
  -0.000234445415984  1424331412  |1 2 3 7 9  |1 3 4 5 7 
  -0.000234442496959  2434131412  |0 1 3 7 9  |1 2 3 5 7 
  -0.000234382137864  3342342112  |2 3 5 6 9  |0 1 2 4 5 
   0.000234370675065  2342231134  |0 2 3 4 9  |1 2 5 8 9 
  -0.000234332965584  3224421331  |1 2 3 4 5  |0 3 4 7 8 
   0.000234332334108  2334431221  |0 3 4 7 8  |1 2 3 4 5 
   0.000234329687145  4433212213  |0 1 4 6 7  |0 1 2 3 9 
  -0.000234328427046  4422313312  |0 1 2 3 9  |0 1 4 6 7 
  -0.000234014766729  4123214323  |0 2 4 6 8  |0 3 6 7 9 
   0.000234011969724  3231423241  |1 4 5 7 8  |0 2 4 6 8 
  -0.000234001973238  2321432341  |0 2 4 6 8  |1 4 5 7 8 
   0.000234000377901  4132314232  |0 3 6 7 9  |0 2 4 6 8 
   0.000233789612533  3414223312  |1 3 4 5 9  |0 1 3 6 7 
  -0.000233776522328  2334234121  |0 3 4 6 8  |1 2 3 5 6 
   0.000233774430620  3414231223  |1 3 4 7 8  |0 1 3 5 9 
  -0.000233723536657  2441321332  |0 1 2 5 9  |1 2 4 7 8 
   0.000233720782252  3441231223  |1 2 4 7 8  |0 1 2 5 9 
   0.000233715781395  3144223312  |2 3 4 5 9  |0 2 3 6 7 
  -0.000233679789537  4341412411  |0 2 4 6 7  |0 1 2 4 7 
   0.000233677099638  4142411431  |0 2 3 4 7  |0 2 4 7 8 
   0.000233675977182  4241413411  |0 1 2 4 7  |0 2 4 6 7 
  -0.000233673845357  4143411421  |0 2 4 7 8  |0 2 3 4 7 
  -0.000233587798630  2414223331  |0 1 3 4 5  |1 3 6 7 8 
  -0.000233412892183  3144432121  |2 3 4 6 8  |0 2 3 4 5 
  -0.000233409451576  2144423131  |0 2 3 4 5  |2 3 4 6 8 
  -0.000233387731191  4441213132  |0 1 2 4 9  |0 1 2 6 8 
  -0.000233384910116  4441312123  |0 1 2 6 8  |0 1 2 4 9 
   0.000233303574184  3314432221  |3 4 6 7 8  |0 1 3 4 5 
  -0.000233265931188  4431213241  |0 1 4 7 8  |0 1 2 6 8 
   0.000233258375805  3414112423  |1 3 6 7 8  |0 1 3 7 9 
  -0.000233216169671  1421333224  |1 2 7 8 9  |1 4 5 6 9 
   0.000233005765222  3441422311  |1 2 4 5 6  |0 1 2 4 7 
   0.000233002410008  4144211233  |0 2 3 4 7  |0 2 3 8 9 
   0.000233001496794  4144311322  |0 2 3 8 9  |0 2 3 4 7 
  -0.000232829693447  3432421213  |1 3 4 5 7  |0 1 2 4 9 
   0.000232824995790  2423431312  |0 1 2 4 9  |1 3 4 5 7 
  -0.000232824065360  4324221313  |0 2 3 4 5  |0 1 3 7 9 
   0.000232816387839  4234331212  |0 1 3 7 9  |0 2 3 4 5 
   0.000232299374498  4312411423  |0 3 4 7 8  |0 1 4 7 9 
   0.000232298670385  4213411432  |0 1 4 7 9  |0 3 4 7 8 
   0.000231808699745  1244332312  |1 2 3 6 9  |2 3 4 5 7 
  -0.000231807623620  1344223213  |2 3 4 5 7  |1 2 3 6 9 
   0.000231800866651  2443131232  |0 1 2 7 9  |1 2 3 5 8 
  -0.000231800817346  3442121323  |1 2 3 5 8  |0 1 2 7 9 
  -0.000231754298106  1214341432  |1 3 5 7 9  |3 4 5 7 8 
   0.000231753900730  3412123414  |1 3 5 7 9  |0 1 6 7 9 
   0.000231574887418  1234334221  |1 3 6 7 8  |2 3 4 5 6 
  -0.000231574860539  1324224331  |2 3 4 5 6  |1 3 6 7 8 
   0.000231534463033  1234424131  |1 3 4 5 6  |2 3 4 6 8 
  -0.000231509597493  3112324414  |3 5 6 7 9  |0 4 6 7 9 
  -0.000231495237355  2311241443  |0 4 5 7 8  |1 5 7 8 9 
  -0.000231492268960  3211341442  |1 5 7 8 9  |0 4 5 7 8 
   0.000231480158088  2441331232  |0 1 2 7 9  |1 2 4 5 8 
  -0.000231479312495  3441221323  |1 2 4 5 8  |0 1 2 7 9 
   0.000231474959471  2144332312  |0 2 3 6 9  |2 3 4 5 7 
  -0.000231474747442  3144223213  |2 3 4 5 7  |0 2 3 6 9 
   0.000231234740834  4231213243  |0 1 4 7 8  |0 2 6 8 9 
  -0.000231229169718  3123424321  |2 4 5 6 8  |0 3 4 6 7 
   0.000231224726774  2132434231  |0 3 4 6 7  |2 4 5 6 8 
  -0.000231221795394  4321312342  |0 2 6 8 9  |0 1 4 7 8 
   0.000230818704245  3424311232  |1 2 3 7 9  |0 1 3 4 8 
  -0.000230818430352  2434211323  |0 1 3 4 8  |1 2 3 7 9 
   0.000230337507191  1424321413  |1 2 3 5 7  |1 3 4 7 9 
   0.000230334278365  3424131412  |1 2 3 7 9  |0 1 3 5 7 
   0.000230220089682  2324213413  |0 2 3 4 7  |1 3 6 7 9 
  -0.000230219558323  3234312412  |1 3 6 7 9  |0 2 3 4 7 
   0.000230212705909  2423231431  |0 1 2 4 7  |1 3 5 7 8 
  -0.000230092534326  2443314112  |0 1 2 6 9  |1 2 3 4 6 
  -0.000230091457062  3442214113  |1 2 3 4 6  |0 1 2 6 9 
  -0.000230088773711  2244331141  |0 1 2 3 8  |2 3 4 5 8 
   0.000229874130065  1423414141  |1 2 4 6 8  |1 3 4 6 8 
   0.000229874094175  4234114141  |0 1 3 6 8  |0 2 3 6 8 
   0.000229829335074  2431232143  |0 1 4 6 8  |1 2 5 8 9 
  -0.000229826992445  3421323142  |1 2 5 8 9  |0 1 4 6 8 
  -0.000229821168007  3124324132  |2 3 5 6 9  |0 3 4 6 8 
   0.000229819307755  2134234123  |0 3 4 6 8  |2 3 5 6 9 
  -0.000229306403445  1114143424  |3 5 7 8 9  |3 5 6 7 9 
   0.000229212256364  2314341232  |0 3 5 7 9  |1 3 4 5 8 
  -0.000229026595086  4314214141  |0 3 4 6 8  |0 1 3 6 8 
   0.000228934814145  2344141141  |0 2 3 5 8  |1 2 3 5 8 
  -0.000228934515649  3244141141  |1 2 3 5 8  |0 2 3 5 8 
  -0.000228649760898  4144411141  |0 2 3 4 8  |0 2 3 4 8 
  -0.000228626305680  4441414111  |0 1 2 4 6  |0 1 2 4 6 
   0.000228556761932  3442321231  |1 2 3 5 7  |0 1 2 4 8 
  -0.000228555333935  2443231321  |0 1 2 4 8  |1 2 3 5 7 
   0.000228539695966  2344212313  |0 2 3 4 6  |1 2 3 7 9 
  -0.000228536831519  3244313212  |1 2 3 7 9  |0 2 3 4 6 
  -0.000228400157386  3133424221  |4 5 6 7 8  |0 2 3 4 6 
   0.000228399341781  4221213343  |0 1 2 4 8  |0 6 7 8 9 
   0.000228395799764  2122434331  |0 2 3 4 6  |4 5 6 7 8 
  -0.000228385933532  4331312242  |0 6 7 8 9  |0 1 2 4 8 
  -0.000228296770332  1341441412  |2 4 5 7 9  |1 2 4 5 7 
   0.000228084660995  3414322312  |1 3 5 6 9  |0 1 3 4 7 
  -0.000228081722345  2414233213  |0 1 3 4 7  |1 3 5 6 9 
   0.000228075362631  2414231233  |0 1 3 4 7  |1 3 5 8 9 
  -0.000228074383044  3414321322  |1 3 5 8 9  |0 1 3 4 7 
   0.000227570608344  2312442331  |0 3 4 5 6  |1 4 5 7 8 
  -0.000227570571390  3213443221  |1 4 5 7 8  |0 3 4 5 6 
   0.000227569484349  4213213324  |0 1 4 8 9  |0 3 6 7 9 
  -0.000227432933793  2314134214  |0 3 6 7 9  |1 3 5 6 9 
   0.000227432911268  1412341342  |1 3 5 8 9  |1 4 5 7 8 
  -0.000227432878663  3214124314  |1 3 5 6 9  |0 3 6 7 9 
   0.000227394407064  4113214243  |0 4 6 7 8  |0 3 6 8 9 
   0.000227391593791  4112314342  |0 3 6 8 9  |0 4 6 7 8 
  -0.000227389547701  2311434241  |0 4 6 7 8  |1 4 5 6 8 
   0.000226959407938  4342312141  |0 2 3 6 8  |0 1 2 4 8 
   0.000226950415668  4243213141  |0 1 2 4 8  |0 2 3 6 8 
  -0.000226947376158  4221311443  |0 1 2 7 8  |0 4 7 8 9 
  -0.000226936819477  2342414131  |0 2 3 4 6  |1 2 4 6 8 
  -0.000226925699152  3122434411  |2 3 4 6 7  |0 4 5 6 7 
  -0.000226923359576  3243414121  |1 2 4 6 8  |0 2 3 4 6 
  -0.000226707496130  1432423132  |1 3 4 5 9  |1 2 4 6 8 
   0.000226707434227  1423432123  |1 2 4 6 8  |1 3 4 5 9 
  -0.000226449862581  4321314322  |0 2 6 8 9  |0 1 4 6 7 
  -0.000226446710800  3123422341  |2 4 5 6 8  |0 3 4 7 8 
   0.000226446603904  2132433241  |0 3 4 7 8  |2 4 5 6 8 
   0.000226348628317  1414321432  |1 3 5 7 9  |1 3 4 7 8 
  -0.000226067955490  4222413133  |0 1 2 3 4  |0 4 6 8 9 
  -0.000226067653341  4333422121  |0 4 5 6 8  |0 1 2 3 4 
   0.000226066765985  4333412122  |0 4 6 8 9  |0 1 2 3 4 
   0.000226066679376  4222433131  |0 1 2 3 4  |0 4 5 6 8 
  -0.000225993159741  1241343223  |1 2 5 7 8  |2 4 5 6 9 
   0.000225989422939  2143123324  |0 2 5 8 9  |2 3 6 7 9 
  -0.000225989393661  3142132234  |2 3 6 7 9  |0 2 5 8 9 
   0.000225844406912  4114423141  |0 3 4 5 8  |0 3 4 6 8 
  -0.000225841109113  4411414123  |0 1 4 6 8  |0 1 4 6 9 
  -0.000225804330835  3414122413  |1 3 5 6 7  |0 1 3 7 9 
   0.000225710156586  1444213114  |1 2 3 4 9  |1 2 3 6 9 
   0.000225707320637  1433124124  |1 5 6 8 9  |1 2 3 6 9 
  -0.000225136155330  2124343132  |0 2 3 5 9  |3 4 5 6 8 
   0.000225136078249  3134242123  |3 4 5 6 8  |0 2 3 5 9 
  -0.000225129292997  2431332124  |0 1 6 8 9  |1 2 4 5 9 
  -0.000225113355773  3242312314  |1 2 3 6 9  |0 2 4 7 9 
   0.000225068141169  3122234413  |2 3 4 6 7  |0 5 6 7 9 
  -0.000225052716305  3412431241  |1 3 4 7 8  |0 1 4 5 8 
  -0.000224712518142  4232332132  |0 1 3 6 9  |0 2 4 5 8 
  -0.000224701734413  2323432132  |0 2 4 6 9  |1 3 4 5 8 
  -0.000224701612328  3232423123  |1 3 4 5 8  |0 2 4 6 9 
   0.000224588131038  2431232134  |0 1 4 6 9  |1 2 5 8 9 
  -0.000224319456224  1242334312  |1 2 3 6 9  |2 4 5 6 7 
   0.000224312509397  2343131242  |0 2 7 8 9  |1 2 3 5 8 
  -0.000224254195290  2122433431  |0 2 3 4 7  |4 5 6 7 8 
   0.000224253958102  3133422421  |4 5 6 7 8  |0 2 3 4 7 
  -0.000224249177271  4331312422  |0 6 7 8 9  |0 1 2 4 7 
  -0.000224173542336  4412331412  |0 1 3 7 9  |0 1 4 5 7 
  -0.000224173106840  4413221413  |0 1 4 5 7  |0 1 3 7 9 
  -0.000224105287745  3233322412  |1 5 6 7 9  |0 2 3 4 7 
  -0.000224104837923  2322233413  |0 2 3 4 7  |1 5 6 7 9 
  -0.000223696566162  4411212343  |0 1 4 6 8  |0 1 7 8 9 
  -0.000223689944675  3114424231  |3 4 5 6 7  |0 3 4 6 8 
  -0.000223688549331  4411313242  |0 1 7 8 9  |0 1 4 6 8 
  -0.000223687456121  2114434321  |0 3 4 6 8  |3 4 5 6 7 
  -0.000223083819533  2124343411  |0 2 3 5 7  |3 4 5 6 7 
   0.000223017309168  3414241312  |1 3 4 5 9  |0 1 3 5 7 
  -0.000223001346559  2414321314  |0 1 3 5 9  |1 3 4 7 9 
   0.000222819549255  1234241413  |1 3 4 5 7  |2 3 5 7 9 
   0.000222815942102  3423121414  |1 2 5 7 9  |0 1 3 7 9 
   0.000222813618872  2432131414  |0 1 3 7 9  |1 2 5 7 9 
   0.000222812497356  1324341412  |2 3 5 7 9  |1 3 4 5 7 
   0.000222585160488  4314321223  |0 3 5 7 8  |0 1 3 4 9 
  -0.000222299559760  3114342223  |3 5 6 7 8  |0 3 4 5 9 
  -0.000222150055652  3242313322  |1 2 3 8 9  |0 2 4 6 7 
  -0.000221832315045  4324312141  |0 2 3 6 8  |0 1 3 4 8 
  -0.000221829920881  4234213141  |0 1 3 4 8  |0 2 3 6 8 
   0.000221828362369  2432414131  |0 1 3 4 6  |1 2 4 6 8 
   0.000221826704491  3423414121  |1 2 4 6 8  |0 1 3 4 6 
   0.000221670201699  2323441132  |0 2 4 5 9  |1 3 4 5 8 
   0.000221370572216  4224311431  |0 1 2 3 7  |0 3 4 7 8 
  -0.000221369728483  3422413411  |1 2 3 4 7  |0 1 4 6 7 
   0.000221369014341  4334211421  |0 3 4 7 8  |0 1 2 3 7 
   0.000221327408682  2234312323  |0 1 3 6 8  |2 3 4 7 9 
  -0.000221221714614  4232232313  |0 1 3 4 6  |0 2 5 7 9 
   0.000220732549578  4414113142  |0 1 3 8 9  |0 1 3 6 8 
   0.000220710333874  2342313223  |0 2 3 7 8  |1 2 4 6 9 
  -0.000220705262835  2342323321  |0 2 3 5 8  |1 2 4 6 7 
  -0.000220704561645  3243232231  |1 2 4 6 7  |0 2 3 5 8 
   0.000220458174117  3442122133  |1 2 3 5 6  |0 1 2 8 9 
  -0.000220407968544  1424332114  |1 2 3 6 9  |1 3 4 5 9 
  -0.000220407644180  1434223114  |1 3 4 5 9  |1 2 3 6 9 
   0.000220399464160  3424141123  |1 2 3 5 8  |0 1 3 5 9 
   0.000220381160469  2143132234  |0 2 6 7 9  |2 3 5 8 9 
  -0.000220157253320  2344112323  |0 2 3 6 8  |1 2 3 7 9 
   0.000220153174047  1442323231  |1 2 3 5 7  |1 2 4 6 8 
   0.000219974507104  2243231413  |0 1 2 4 7  |2 3 5 7 9 
  -0.000219889954098  2234243113  |0 1 3 4 5  |2 3 5 6 9 
   0.000219888938215  3324342112  |2 3 5 6 9  |0 1 3 4 5 
   0.000219888493355  3423321124  |1 2 5 8 9  |0 1 3 4 9 
  -0.000219888287574  2432231134  |0 1 3 4 9  |1 2 5 8 9 
   0.000219844718503  3313424221  |4 5 6 7 8  |0 1 3 4 6 
  -0.000219844377566  2212434331  |0 1 3 4 6  |4 5 6 7 8 
   0.000219836762507  4212213343  |0 1 3 4 8  |0 6 7 8 9 
  -0.000219836498455  4313312242  |0 6 7 8 9  |0 1 3 4 8 
   0.000219812897121  3221414341  |1 2 4 6 8  |0 4 6 7 8 
   0.000219808146307  2331414241  |0 4 6 7 8  |1 2 4 6 8 
   0.000219797727888  4133214241  |0 4 6 7 8  |0 2 3 6 8 
   0.000219792260129  4122314341  |0 2 3 6 8  |0 4 6 7 8 
   0.000219780301116  3222332314  |1 2 3 6 9  |0 4 5 7 9 
  -0.000219758432885  2333241232  |0 4 5 7 9  |1 2 3 5 8 
  -0.000219729398249  1123244431  |2 4 5 6 7  |3 5 6 7 8 
   0.000219638608590  4223113423  |0 1 2 7 8  |0 3 6 7 9 
  -0.000219638477515  4332112432  |0 3 6 7 9  |0 1 2 7 8 
   0.000219637706168  1233423421  |1 4 5 7 8  |2 3 4 6 7 
  -0.000219609357237  4331413222  |0 4 7 8 9  |0 1 2 4 6 
   0.000219594414171  4133422231  |0 4 5 6 7  |0 2 3 4 8 
  -0.000219593536168  4122433321  |0 2 3 4 8  |0 4 5 6 7 
   0.000219571885731  3344224111  |2 3 4 5 6  |0 1 2 3 6 
   0.000219570608291  2244334111  |0 1 2 3 6  |2 3 4 5 6 
   0.000219570363590  3442211143  |1 2 3 4 8  |0 1 2 8 9 
   0.000219567853288  2443311142  |0 1 2 8 9  |1 2 3 4 8 
   0.000219498038666  3232421323  |1 3 4 5 8  |0 2 4 7 9 
  -0.000219490489372  4232332312  |0 1 3 6 9  |0 2 4 5 7 
  -0.000219021509339  2423311243  |0 1 2 7 8  |1 3 4 8 9 
   0.000218926664945  4244141113  |0 1 2 3 5  |0 2 3 5 9 
  -0.000218926490030  1442431114  |1 2 3 4 9  |1 2 4 5 9 
  -0.000218829599919  2342413123  |0 2 3 4 8  |1 2 4 6 9 
  -0.000218623538788  4312212433  |0 3 4 6 7  |0 1 7 8 9 
  -0.000218621210485  3312422431  |3 4 5 6 7  |0 1 4 7 8 
   0.000218613944796  4213313422  |0 1 7 8 9  |0 3 4 6 7 
   0.000218609677821  2213433421  |0 1 4 7 8  |3 4 5 6 7 
   0.000218596820722  1342342231  |2 3 5 6 7  |1 2 4 5 8 
   0.000218551578902  3412341421  |1 3 5 7 8  |0 1 4 5 7 
  -0.000218463323478  2124343321  |0 2 3 5 8  |3 4 5 6 7 
   0.000218461726447  3421212334  |1 2 4 6 9  |0 1 7 8 9 
   0.000218456189613  1412233423  |1 3 4 7 8  |1 5 6 7 9 
   0.000218119048464  3321422341  |2 4 5 6 8  |0 1 4 7 8 
  -0.000218117680702  4132214233  |0 3 4 6 7  |0 2 6 8 9 
  -0.000218108632752  2231433241  |0 1 4 7 8  |2 4 5 6 8 
   0.000218103146953  4123314322  |0 2 6 8 9  |0 3 4 6 7 
  -0.000218034345889  3441222133  |1 2 4 5 6  |0 1 2 8 9 
   0.000218032831707  2441333122  |0 1 2 8 9  |1 2 4 5 6 
  -0.000218032060070  3144222133  |2 3 4 5 6  |0 2 3 8 9 
   0.000218031571403  2144333122  |0 2 3 8 9  |2 3 4 5 6 
  -0.000217681371892  4233221413  |0 1 4 5 7  |0 2 3 7 9 
  -0.000216986065366  4321123234  |0 2 5 7 9  |0 1 6 8 9 
   0.000216901459653  2244331321  |0 1 2 3 8  |2 3 4 5 7 
  -0.000216898974266  3344221231  |2 3 4 5 7  |0 1 2 3 8 
   0.000216897809773  2443313212  |0 1 2 7 9  |1 2 3 4 6 
  -0.000216895563439  3442212313  |1 2 3 4 6  |0 1 2 7 9 
   0.000216703600370  3244121413  |1 2 3 5 7  |0 2 3 7 9 
  -0.000215874289519  4244113321  |0 1 2 3 8  |0 2 3 6 7 
   0.000215872138661  1442412331  |1 2 3 4 6  |1 2 4 7 8 
   0.000215871662341  1443413221  |1 2 4 7 8  |1 2 3 4 6 
   0.000215821795063  2334241123  |0 3 4 5 8  |1 2 3 5 9 
  -0.000215821000930  3224341132  |1 2 3 5 9  |0 3 4 5 8 
  -0.000215811564590  3422323114  |1 2 3 5 9  |0 1 4 6 9 
  -0.000215697589309  3332221432  |3 4 5 7 9  |0 1 2 7 8 
  -0.000215259708750  2323414123  |0 2 4 6 8  |1 3 4 6 9 
   0.000215259326786  3232414132  |1 3 4 6 9  |0 2 4 6 8 
   0.000215241543089  4232323141  |0 1 3 5 8  |0 2 4 6 8 
  -0.000215128093443  4231311244  |0 1 7 8 9  |0 2 4 8 9 
   0.000215122118415  4322332141  |0 2 3 6 8  |0 1 4 5 8 
  -0.000215122043540  4233223141  |0 1 4 5 8  |0 2 3 6 8 
  -0.000214905467041  4141223341  |0 2 4 5 8  |0 2 6 7 8 
  -0.000214905164810  4141332241  |0 2 6 7 8  |0 2 4 5 8 
  -0.000214857354621  1341242341  |2 4 5 6 8  |1 2 5 7 8 
  -0.000214374563574  2134243231  |0 3 4 5 7  |2 3 5 6 8 
  -0.000214364118923  3421312324  |1 2 6 8 9  |0 1 4 7 9 
   0.000214364007614  2431213234  |0 1 4 7 9  |1 2 6 8 9 
  -0.000214287703892  4141412413  |0 2 4 6 7  |0 2 4 7 9 
   0.000214286469486  4141413412  |0 2 4 7 9  |0 2 4 6 7 
   0.000214285024154  4141421431  |0 2 4 5 7  |0 2 4 7 8 
   0.000214140595459  3243121342  |1 2 5 8 9  |0 2 3 7 8 
  -0.000214140510021  2342131243  |0 2 3 7 8  |1 2 5 8 9 
   0.000214085463667  2314231432  |0 3 4 7 9  |1 3 5 7 8 
  -0.000213931056067  3422232313  |1 2 3 4 6  |0 1 5 7 9 
  -0.000213876252365  4241111434  |0 1 2 7 9  |0 2 7 8 9 
  -0.000213872041364  1142443411  |2 3 4 5 7  |2 4 5 6 7 
   0.000213870886959  1143442411  |2 4 5 6 7  |2 3 4 5 7 
  -0.000213806051082  1142343142  |2 3 5 8 9  |2 4 5 6 8 
   0.000213804917729  3241124134  |1 2 5 6 9  |0 2 6 8 9 
   0.000213804517698  2341134124  |0 2 6 8 9  |1 2 5 6 9 
   0.000213783226371  2214331414  |0 1 3 7 9  |3 4 5 7 9 
  -0.000213718003082  2144214133  |0 2 3 4 6  |2 3 6 8 9 
   0.000213714332244  3441322141  |1 2 5 6 8  |0 1 2 4 8 
   0.000213713970647  2441233141  |0 1 2 4 8  |1 2 5 6 8 
  -0.000213663932294  2414241313  |0 1 3 4 5  |1 3 5 7 9 
  -0.000213658734121  3414341212  |1 3 5 7 9  |0 1 3 4 5 
   0.000213649852203  3414321214  |1 3 5 7 9  |0 1 3 4 9 
   0.000213648693203  2414231314  |0 1 3 4 9  |1 3 5 7 9 
  -0.000213486537419  2331432142  |0 4 6 8 9  |1 2 4 5 8 
   0.000213486118756  3221423143  |1 2 4 5 8  |0 4 6 8 9 
  -0.000213215900342  1224441313  |1 2 3 4 5  |3 4 5 7 9 
  -0.000213215652074  4433121214  |0 1 5 7 9  |0 1 2 3 9 
  -0.000213214884965  4422131314  |0 1 2 3 9  |0 1 5 7 9 
   0.000213191046725  2412433141  |0 1 3 4 8  |1 4 5 6 8 
  -0.000213190991791  4314314122  |0 3 6 8 9  |0 1 3 4 6 
   0.000213190647198  3413422141  |1 4 5 6 8  |0 1 3 4 8 
  -0.000213190238131  4214214133  |0 1 3 4 6  |0 3 6 8 9 
  -0.000213158611465  2244113134  |0 1 2 3 9  |2 3 6 8 9 
  -0.000213149558916  1442243131  |1 2 3 4 5  |1 2 5 6 8 
  -0.000213042535636  4143241141  |0 2 4 5 8  |0 2 3 5 8 
  -0.000212986121350  1441221334  |1 2 4 5 9  |1 2 7 8 9 
   0.000212325317468  1414323232  |1 3 5 7 9  |1 3 4 6 8 
  -0.000212324361851  1414232323  |1 3 4 6 8  |1 3 5 7 9 
   0.000212206221412  3123414421  |2 4 6 7 8  |0 3 4 6 7 
  -0.000212194648149  4231213441  |0 1 4 7 8  |0 2 6 7 8 
  -0.000212194045099  4321312441  |0 2 6 7 8  |0 1 4 7 8 
   0.000212123155670  3332424112  |3 4 5 6 9  |0 1 2 4 6 
  -0.000212122553093  4134123232  |0 3 5 7 9  |0 2 3 6 8 
   0.000212087833596  4142341114  |0 2 3 5 9  |0 2 4 5 9 
  -0.000212087643832  4143241114  |0 2 4 5 9  |0 2 3 5 9 
   0.000211757156527  2343412321  |0 2 4 6 8  |1 2 3 4 7 
  -0.000211754532384  3242413231  |1 2 3 4 7  |0 2 4 6 8 
  -0.000211750599070  4242313231  |0 1 2 3 7  |0 2 4 6 8 
   0.000211748096528  4343212321  |0 2 4 6 8  |0 1 2 3 7 
  -0.000211644368914  3324322141  |2 3 5 6 8  |0 1 3 4 8 
   0.000211644318806  2234233141  |0 1 3 4 8  |2 3 5 6 8 
   0.000211642192091  2432214133  |0 1 3 4 6  |1 2 6 8 9 
  -0.000211641728622  3423314122  |1 2 6 8 9  |0 1 3 4 6 
  -0.000211496248041  2224333141  |0 1 2 3 8  |3 4 5 6 8 
   0.000211496207955  3334222141  |3 4 5 6 8  |0 1 2 3 8 
  -0.000211495855622  3422214133  |1 2 3 4 6  |0 1 6 8 9 
   0.000211476009012  3243221143  |1 2 4 5 8  |0 2 3 8 9 
  -0.000211474601972  2342331142  |0 2 3 8 9  |1 2 4 5 8 
   0.000211469046104  3243224113  |1 2 4 5 6  |0 2 3 6 9 
  -0.000211468363605  2342334112  |0 2 3 6 9  |1 2 4 5 6 
  -0.000211421578017  1411332442  |1 6 7 8 9  |1 4 5 7 8 
  -0.000211397182550  2443211134  |0 1 2 4 9  |1 2 3 8 9 
   0.000211389499222  2344243111  |0 2 3 4 5  |1 2 3 5 6 
   0.000211220983888  2313442321  |0 4 5 6 8  |1 3 4 5 7 
  -0.000211220923113  3212443231  |1 3 4 5 7  |0 4 5 6 8 
  -0.000211220311895  4212313234  |0 1 3 7 9  |0 4 6 8 9 
  -0.000211211113547  3414232123  |1 3 4 6 8  |0 1 3 5 9 
   0.000210906650464  4232413213  |0 1 3 4 7  |0 2 4 6 9 
  -0.000210898829914  4323421321  |0 2 4 5 8  |0 1 3 4 7 
  -0.000210897010776  4323412312  |0 2 4 6 9  |0 1 3 4 7 
   0.000210890226831  4232431231  |0 1 3 4 7  |0 2 4 5 8 
  -0.000210849717255  3432412411  |1 3 4 6 7  |0 1 2 4 7 
   0.000210848149543  4324211431  |0 2 3 4 7  |0 1 3 7 8 
  -0.000210847335320  2423413411  |0 1 2 4 7  |1 3 4 6 7 
   0.000210843208769  4234311421  |0 1 3 7 8  |0 2 3 4 7 
   0.000210778360884  2414333122  |0 1 3 8 9  |1 3 4 5 6 
  -0.000210771356586  4123212343  |0 2 4 6 8  |0 3 7 8 9 
   0.000210771143077  4132313242  |0 3 7 8 9  |0 2 4 6 8 
   0.000210770360893  3231424231  |1 4 5 6 7  |0 2 4 6 8 
  -0.000210770290415  2321434321  |0 2 4 6 8  |1 4 5 6 7 
   0.000210594799126  3423232213  |1 2 4 6 7  |0 1 3 5 9 
   0.000210445996597  4214133214  |0 1 3 7 9  |0 3 5 6 9 
   0.000210445951278  4314122314  |0 3 5 6 9  |0 1 3 7 9 
   0.000210437370892  1413441322  |1 4 5 8 9  |1 3 4 5 7 
   0.000210437120752  1412441233  |1 3 4 5 7  |1 4 5 8 9 
   0.000210339422384  4231314232  |0 1 6 7 9  |0 2 4 6 8 
  -0.000209772388857  4114232323  |0 3 4 6 8  |0 3 5 7 9 
  -0.000209374332576  3124441411  |2 3 4 5 7  |0 3 4 5 7 
   0.000209372131001  2134441411  |0 3 4 5 7  |2 3 4 5 7 
   0.000209365089108  4414231114  |0 1 3 4 9  |0 1 3 5 9 
  -0.000209357862769  4431211414  |0 1 4 7 9  |0 1 2 7 9 
  -0.000209198678931  3421311424  |1 2 7 8 9  |0 1 4 7 9 
  -0.000208925759668  4414441111  |0 1 3 4 5  |0 1 3 4 5 
  -0.000208920487750  4414411114  |0 1 3 4 9  |0 1 3 4 9 
  -0.000208736088053  2332141144  |0 3 5 8 9  |1 2 5 8 9 
  -0.000208687453158  2242323331  |0 1 2 3 5  |2 4 6 7 8 
  -0.000208686775369  3343232221  |2 4 6 7 8  |0 1 2 3 5 
  -0.000208505285585  2423432311  |0 1 2 4 6  |1 3 4 5 7 
   0.000208503233417  3432423211  |1 3 4 5 7  |0 1 2 4 6 
   0.000208503194116  2342414113  |0 2 3 4 6  |1 2 4 6 9 
   0.000208498833395  3243414112  |1 2 4 6 9  |0 2 3 4 6 
   0.000208497508802  4234311232  |0 1 3 7 9  |0 2 3 4 8 
  -0.000208494240177  4324211323  |0 2 3 4 8  |0 1 3 7 9 
   0.000208493999597  4342321141  |0 2 3 5 8  |0 1 2 4 8 
   0.000208491174214  4243231141  |0 1 2 4 8  |0 2 3 5 8 
   0.000208448732699  3214331422  |1 3 7 8 9  |0 3 4 5 7 
  -0.000208324924538  1423241323  |1 2 4 5 8  |1 3 5 7 9 
   0.000208309971797  3234123214  |1 3 5 7 9  |0 2 3 6 9 
   0.000208309548344  1432341232  |1 3 5 7 9  |1 2 4 5 8 
  -0.000208299924194  1223144314  |1 2 5 6 9  |3 5 6 7 9 
  -0.000208299024236  2324132314  |0 2 3 6 9  |1 3 5 7 9 
  -0.000208292920616  1143342412  |2 5 6 7 9  |2 3 4 5 7 
   0.000208163007016  3144314212  |2 3 6 7 9  |0 2 3 4 6 
  -0.000208157502411  2441231341  |0 1 2 4 8  |1 2 5 7 8 
  -0.000208157473362  3441321241  |1 2 5 7 8  |0 1 2 4 8 
   0.000207937958202  1421432143  |1 2 4 6 8  |1 4 5 8 9 
  -0.000207838403718  4234332121  |0 1 3 6 8  |0 2 3 4 5 
   0.000207837441794  4324223131  |0 2 3 4 5  |0 1 3 6 8 
  -0.000207832580427  2423413132  |0 1 2 4 9  |1 3 4 6 8 
   0.000207832170007  3432412123  |1 3 4 6 8  |0 1 2 4 9 
  -0.000207704834067  4341331222  |0 2 7 8 9  |0 1 2 4 5 
  -0.000207702744058  2142433312  |0 2 3 4 9  |2 4 5 6 7 
   0.000207524663959  1422332341  |1 2 3 6 8  |1 4 5 7 8 
   0.000207482281736  1232423431  |1 3 4 5 7  |2 4 6 7 8 
  -0.000207482214047  1323432421  |2 4 6 7 8  |1 3 4 5 7 
  -0.000207481559626  4232113432  |0 1 3 7 9  |0 2 6 7 8 
  -0.000207402920163  2234343112  |0 1 3 5 9  |2 3 4 5 6 
   0.000207401935112  3324242113  |2 3 4 5 6  |0 1 3 5 9 
   0.000207378208761  2423331124  |0 1 2 8 9  |1 3 4 5 9 
  -0.000207378054675  3432221134  |1 3 4 5 9  |0 1 2 8 9 
   0.000207338584076  1443324112  |1 2 5 6 9  |1 2 3 4 6 
   0.000207181839390  2143324213  |0 2 5 6 7  |2 3 4 6 9 
   0.000207117300424  4343221231  |0 2 4 5 7  |0 1 2 3 8 
  -0.000207116948094  4242331321  |0 1 2 3 8  |0 2 4 5 7 
   0.000207114915226  3242412313  |1 2 3 4 6  |0 2 4 7 9 
   0.000206831925791  1214343232  |1 3 5 7 9  |3 4 5 6 8 
  -0.000206831395172  1314242323  |3 4 5 6 8  |1 3 5 7 9 
  -0.000206793933835  2242433113  |0 1 2 3 4  |2 4 5 6 9 
   0.000206785231070  3343422112  |2 4 5 6 9  |0 1 2 3 4 
   0.000206766911354  4343321122  |0 2 5 8 9  |0 1 2 3 4 
  -0.000206759880289  4242231133  |0 1 2 3 4  |0 2 5 8 9 
   0.000206724466507  4223413114  |0 1 2 4 9  |0 3 4 6 9 
   0.000206723664611  4332412114  |0 3 4 6 9  |0 1 2 4 9 
  -0.000206720913892  4233441121  |0 1 4 5 8  |0 2 3 4 5 
  -0.000206720353501  4322441131  |0 2 3 4 5  |0 1 4 5 8 
  -0.000206220654555  4124123323  |0 2 3 5 8  |0 3 6 7 9 
   0.000206219908114  4134132232  |0 3 6 7 9  |0 2 3 5 8 
   0.000206101151891  2441113234  |0 1 2 7 9  |1 2 6 8 9 
   0.000206100036721  3441112324  |1 2 6 8 9  |0 1 2 7 9 
   0.000205928542596  3234331222  |1 3 7 8 9  |0 2 3 4 5 
  -0.000205705571980  1241444311  |1 2 4 5 6  |2 4 5 6 7 
   0.000205700348990  4143111244  |0 2 7 8 9  |0 2 3 8 9 
  -0.000205474891913  1433122342  |1 5 6 8 9  |1 2 3 7 8 
  -0.000205109597967  4124114431  |0 2 3 6 7  |0 3 6 7 8 
  -0.000205109571665  1421413441  |1 2 4 7 8  |1 4 6 7 8 
  -0.000204756124553  3234312322  |1 3 6 8 9  |0 2 3 4 7 
  -0.000204754068018  3432322321  |1 3 5 6 8  |0 1 2 4 7 
  -0.000204753807131  2423233231  |0 1 2 4 7  |1 3 5 6 8 
   0.000204612018669  4414212313  |0 1 3 4 6  |0 1 3 7 9 
   0.000204605223938  3414421231  |1 3 4 5 7  |0 1 3 4 8 
   0.000204599731855  2414431321  |0 1 3 4 8  |1 3 4 5 7 
   0.000204593706288  4414313212  |0 1 3 7 9  |0 1 3 4 6 
   0.000204502985675  3422141143  |1 2 3 5 8  |0 1 5 8 9 
  -0.000204484813483  1112444413  |3 4 5 6 7  |4 5 6 7 9 
   0.000204476524670  1113444412  |4 5 6 7 9  |3 4 5 6 7 
  -0.000204468014895  4311121444  |0 5 7 8 9  |0 1 7 8 9 
   0.000204463837601  4211131444  |0 1 7 8 9  |0 5 7 8 9 
   0.000204436368496  1233232432  |1 4 6 7 9  |2 3 5 7 8 
  -0.000204170901636  3431221243  |1 4 5 7 8  |0 1 2 8 9 
  -0.000204169189591  3124224313  |2 3 4 5 6  |0 3 6 7 9 
   0.000204165464224  2421331342  |0 1 2 8 9  |1 4 5 7 8 
   0.000204164214349  2134334212  |0 3 6 7 9  |2 3 4 5 6 
   0.000204059217702  3414232213  |1 3 4 6 7  |0 1 3 5 9 
   0.000203913025723  4214123134  |0 1 3 5 9  |0 3 6 8 9 
  -0.000203832983000  4411312432  |0 1 6 7 9  |0 1 4 7 8 
  -0.000203830205039  2114432431  |0 3 4 6 7  |3 4 5 7 8 
   0.000203661705233  3323221441  |2 4 5 7 8  |0 1 3 7 8 
  -0.000203659737729  2323314412  |0 2 6 7 9  |1 3 4 6 7 
   0.000203658941049  3232214413  |1 3 4 6 7  |0 2 6 7 9 
   0.000203313722185  3114324223  |3 5 6 7 8  |0 3 4 6 9 
  -0.000203204706094  4123421341  |0 2 4 5 8  |0 3 4 7 8 
   0.000203018658807  3422123143  |1 2 3 5 8  |0 1 6 8 9 
  -0.000203009712887  1334224123  |3 4 5 6 8  |1 2 3 6 9 
   0.000203009570858  1224334132  |1 2 3 6 9  |3 4 5 6 8 
  -0.000202947892166  4121423143  |0 2 4 5 8  |0 4 6 8 9 
   0.000202645765922  3244321321  |1 2 3 5 8  |0 2 3 4 7 
  -0.000202643452192  2344231231  |0 2 3 4 7  |1 2 3 5 8 
   0.000202635458416  2443213213  |0 1 2 4 7  |1 2 3 6 9 
  -0.000202633198257  3442312312  |1 2 3 6 9  |0 1 2 4 7 
  -0.000202521900691  1414232233  |1 3 4 6 7  |1 3 5 8 9 
  -0.000202421529580  3234212323  |1 3 4 6 8  |0 2 3 7 9 
  -0.000202406417076  2432332321  |0 1 3 6 8  |1 2 4 5 7 
  -0.000202406328472  3423223231  |1 2 4 5 7  |0 1 3 6 8 
   0.000202396442334  3443212231  |1 2 4 6 7  |0 1 2 3 8 
  -0.000202395240259  3244212331  |1 2 3 4 6  |0 2 3 7 8 
   0.000202394920460  2344313221  |0 2 3 7 8  |1 2 3 4 6 
  -0.000202375323864  2433312142  |0 1 6 8 9  |1 2 3 4 8 
   0.000202374999816  2224334131  |0 1 2 3 6  |3 4 5 6 8 
   0.000202374004352  3422213143  |1 2 3 4 8  |0 1 6 8 9 
   0.000202372831750  1234432312  |1 3 4 6 9  |2 3 4 5 7 
   0.000202371610120  4432121323  |0 1 3 5 8  |0 1 2 7 9 
   0.000202362386364  3412421323  |1 3 4 5 8  |0 1 4 7 9 
  -0.000202362368406  2413431232  |0 1 4 7 9  |1 3 4 5 8 
   0.000202361493854  4314223213  |0 3 4 5 7  |0 1 3 6 9 
  -0.000202360564916  4214332312  |0 1 3 6 9  |0 3 4 5 7 
   0.000202289599171  1444123141  |1 2 3 5 8  |1 2 3 6 8 
  -0.000202280571695  1444114123  |1 2 3 6 8  |1 2 3 6 9 
  -0.000202200119825  2224431331  |0 1 2 3 4  |3 4 5 7 8 
   0.000202199336195  3334421221  |3 4 5 7 8  |0 1 2 3 4 
   0.000202198354308  4433312212  |0 1 6 7 9  |0 1 2 3 4 
  -0.000202197071556  4422213313  |0 1 2 3 4  |0 1 6 7 9 
  -0.000202100450914  2443214113  |0 1 2 4 6  |1 2 3 6 9 
  -0.000202099423869  3442314112  |1 2 3 6 9  |0 1 2 4 6 
  -0.000202097607187  3244321141  |1 2 3 5 8  |0 2 3 4 8 
   0.000201753249251  4141213423  |0 2 4 7 8  |0 2 6 7 9 
   0.000201753118015  4141312432  |0 2 6 7 9  |0 2 4 7 8 
   0.000201678529772  1414341241  |1 3 5 7 8  |1 3 4 5 8 
  -0.000201676433002  2414114314  |0 1 3 6 9  |1 3 6 7 9 
   0.000201676177746  3414114214  |1 3 6 7 9  |0 1 3 6 9 
   0.000201671296489  4431231322  |0 1 4 8 9  |0 1 2 5 7 
  -0.000201452257888  4413213124  |0 1 4 8 9  |0 1 3 6 9 
  -0.000201227764293  1424414311  |1 2 3 4 6  |1 3 4 6 7 
   0.000201225301183  1434414211  |1 3 4 6 7  |1 2 3 4 6 
  -0.000201223219494  4434111241  |0 1 3 7 8  |0 1 2 3 8 
   0.000201219925507  4424111341  |0 1 2 3 8  |0 1 3 7 8 
   0.000201094368288  3431322142  |1 5 6 8 9  |0 1 2 4 8 
  -0.000201091800867  2421233143  |0 1 2 4 8  |1 5 6 8 9 
  -0.000201081115898  2124234133  |0 2 3 4 6  |3 5 6 8 9 
   0.000201079360212  3134324122  |3 5 6 8 9  |0 2 3 4 6 
   0.000201051494412  1141342342  |2 5 6 8 9  |2 4 5 7 8 
   0.000201048774800  2141134234  |0 2 6 7 9  |2 5 6 8 9 
   0.000201047898661  3141124324  |2 5 6 8 9  |0 2 6 7 9 
  -0.000200021572911  1424234113  |1 2 3 4 6  |1 3 5 6 9 
  -0.000200021458694  1434324112  |1 3 5 6 9  |1 2 3 4 6 
  -0.000200012320877  3434121142  |1 3 5 8 9  |0 1 2 3 8 
  -0.000200011998721  2424131143  |0 1 2 3 8  |1 3 5 8 9 
   0.000199993545760  4114441321  |0 3 4 5 8  |0 3 4 5 7 
  -0.000199871473759  3442213312  |1 2 3 4 9  |0 1 2 6 7 
   0.000199861777478  2244321331  |0 1 2 3 5  |2 3 4 7 8 
   0.000199638885332  2421433321  |0 1 2 4 8  |1 4 5 6 7 
  -0.000199638547877  3431422231  |1 4 5 6 7  |0 1 2 4 8 
  -0.000199637726709  4124212333  |0 2 3 4 6  |0 3 7 8 9 
   0.000199554952648  2243331142  |0 1 2 8 9  |2 3 4 5 8 
  -0.000199553537726  3342221143  |2 3 4 5 8  |0 1 2 8 9 
   0.000199553152030  2243334112  |0 1 2 6 9  |2 3 4 5 6 
  -0.000199552753400  3342224113  |2 3 4 5 6  |0 1 2 6 9 
  -0.000199449648208  3421321144  |1 2 5 8 9  |0 1 4 8 9 
  -0.000199449298098  2431231144  |0 1 4 8 9  |1 2 5 8 9 
   0.000199426287707  1434342211  |1 3 5 6 7  |1 2 3 4 5 
   0.000199425461452  1424243311  |1 2 3 4 5  |1 3 5 6 7 
   0.000199262750129  4223232133  |0 1 2 4 6  |0 3 5 8 9 
   0.000199255460110  2322433123  |0 2 3 4 8  |1 4 5 6 9 
   0.000199208201665  2232431413  |0 1 3 4 7  |2 4 5 7 9 
  -0.000199206849959  3323421412  |2 4 5 7 9  |0 1 3 4 7 
   0.000199192885748  4323321412  |0 2 5 7 9  |0 1 3 4 7 
  -0.000199191968821  4232231413  |0 1 3 4 7  |0 2 5 7 9 
   0.000198952255585  2414412331  |0 1 3 4 6  |1 3 4 7 8 
   0.000198950887506  3414413221  |1 3 4 7 8  |0 1 3 4 6 
  -0.000198949930342  1232441413  |1 3 4 5 7  |2 4 5 7 9 
  -0.000198949681686  4323121414  |0 2 5 7 9  |0 1 3 7 9 
  -0.000198948306343  4232131414  |0 1 3 7 9  |0 2 5 7 9 
  -0.000198883853605  1344121414  |2 3 5 7 9  |1 2 3 7 9 
  -0.000198872955915  1442141413  |1 2 3 5 7  |1 2 5 7 9 
  -0.000198861773679  1214342233  |1 3 5 6 7  |3 4 5 8 9 
   0.000198860830404  1314243322  |3 4 5 8 9  |1 3 5 6 7 
   0.000198778731293  3142324132  |2 3 5 6 9  |0 2 4 6 8 
  -0.000198773604991  2143234123  |0 2 4 6 8  |2 3 5 6 9 
  -0.000198773332332  2341232143  |0 2 4 6 8  |1 2 5 8 9 
   0.000198763389098  3241323142  |1 2 5 8 9  |0 2 4 6 8 
   0.000198751858194  1241344114  |1 2 5 6 9  |2 4 5 6 9 
  -0.000198703508595  4341221233  |0 2 4 5 7  |0 1 2 8 9 
   0.000198702624162  4241331322  |0 1 2 8 9  |0 2 4 5 7 
   0.000198698602577  2143433212  |0 2 4 7 9  |2 3 4 5 6 
  -0.000198593152671  2324114323  |0 2 3 6 8  |1 3 6 7 9 
  -0.000198589665674  1423232341  |1 2 4 6 8  |1 3 5 7 8 
   0.000198552757469  3441121243  |1 2 5 7 8  |0 1 2 8 9 
   0.000198552479133  2441131342  |0 1 2 8 9  |1 2 5 7 8 
  -0.000198552039093  1144334212  |2 3 6 7 9  |2 3 4 5 6 
  -0.000198537808622  3442211233  |1 2 3 4 7  |0 1 2 8 9 
   0.000198534133162  2443311322  |0 1 2 8 9  |1 2 3 4 7 
  -0.000198524008483  3344222311  |2 3 4 5 6  |0 1 2 3 7 
   0.000198520597604  2244333211  |0 1 2 3 7  |2 3 4 5 6 
   0.000198476987297  4413414121  |0 1 4 6 8  |0 1 3 4 6 
  -0.000198476286159  4214413141  |0 1 3 4 8  |0 3 4 6 8 
  -0.000198474121953  3411423223  |1 4 5 7 8  |0 1 4 6 9 
  -0.000198473483250  4412414131  |0 1 3 4 6  |0 1 4 6 8 
   0.000198472309631  4314412141  |0 3 4 6 8  |0 1 3 4 8 
   0.000198202028404  3242413123  |1 2 3 4 8  |0 2 4 6 9 
   0.000198178110376  4343223121  |0 2 4 5 8  |0 1 2 3 6 
   0.000197959347878  1431322342  |1 5 6 8 9  |1 2 4 7 8 
  -0.000197948206194  2124134233  |0 2 3 6 7  |3 5 6 8 9 
  -0.000197717780237  2141434132  |0 2 4 6 9  |2 4 5 6 8 
   0.000197711261408  4141223143  |0 2 4 5 8  |0 2 6 8 9 
   0.000197703808980  4141332142  |0 2 6 8 9  |0 2 4 5 8 
  -0.000197503987179  2433113242  |0 1 7 8 9  |1 2 3 6 8 
  -0.000197498297116  1334224231  |3 4 5 6 7  |1 2 3 6 8 
  -0.000197320483828  2341213144  |0 2 4 8 9  |1 2 6 8 9 
  -0.000197164313642  2432233213  |0 1 3 4 7  |1 2 5 6 9 
   0.000197158418110  2234231233  |0 1 3 4 7  |2 3 5 8 9 
   0.000197157778571  3324321322  |2 3 5 8 9  |0 1 3 4 7 
   0.000197077354130  1223344312  |1 2 5 6 9  |3 4 5 6 7 
  -0.000197076975906  1332244213  |3 4 5 6 7  |1 2 5 6 9 
  -0.000197074194378  3322121344  |2 3 5 8 9  |0 1 7 8 9 
  -0.000197014749883  3314224312  |3 4 5 6 9  |0 1 3 6 7 
  -0.000197012872264  3224213332  |1 2 3 4 9  |0 3 6 7 8 
   0.000197008983000  3412231243  |1 3 4 7 8  |0 1 5 8 9 
  -0.000196766505761  4324411132  |0 2 3 4 9  |0 1 3 4 8 
  -0.000196766045741  4234411123  |0 1 3 4 8  |0 2 3 4 9 
   0.000196760061261  4432432111  |0 1 3 4 6  |0 1 2 4 5 
  -0.000196634063820  3324421141  |2 3 4 5 8  |0 1 3 4 8 
  -0.000196629335710  4432214113  |0 1 3 4 6  |0 1 2 6 9 
  -0.000196579577377  1324324132  |2 3 5 6 9  |1 3 4 6 8 
   0.000196579265815  1234234123  |1 3 4 6 8  |2 3 5 6 9 
  -0.000196535886027  3241231432  |1 2 4 7 9  |0 2 5 7 8 
  -0.000195702656835  3224323141  |1 2 3 5 8  |0 3 4 6 8 
   0.000195700066956  2433214123  |0 1 4 6 8  |1 2 3 6 9 
  -0.000195699469314  3422314132  |1 2 3 6 9  |0 1 4 6 8 
   0.000195528559960  3433222312  |1 4 5 6 9  |0 1 2 3 7 
  -0.000195189780830  3243312322  |1 2 6 8 9  |0 2 3 4 7 
  -0.000195189422559  2342213233  |0 2 3 4 7  |1 2 6 8 9 
   0.000195185248617  3342322321  |2 3 5 6 8  |0 1 2 4 7 
   0.000195185090345  2243233231  |0 1 2 4 7  |2 3 5 6 8 
   0.000194791547295  4334211214  |0 3 4 7 9  |0 1 2 3 9 
   0.000194791373581  3422441311  |1 2 3 4 5  |0 1 4 5 7 
   0.000194791248737  4224311314  |0 1 2 3 9  |0 3 4 7 9 
   0.000194790737394  2433441211  |0 1 4 5 7  |1 2 3 4 5 
   0.000194751312463  4114223413  |0 3 4 5 7  |0 3 6 7 9 
  -0.000194750966342  3411421423  |1 4 5 7 8  |0 1 4 7 9 
  -0.000194748260067  2411431432  |0 1 4 7 9  |1 4 5 7 8 
   0.000194743386526  4114332412  |0 3 6 7 9  |0 3 4 5 7 
  -0.000194052294354  3323124214  |2 5 6 7 9  |0 1 3 6 9 
   0.000193680424891  4223313241  |0 1 2 7 8  |0 3 4 6 8 
  -0.000193662201503  2233414321  |0 1 4 6 8  |2 3 4 6 7 
   0.000193661982609  2233231441  |0 1 4 7 8  |2 3 5 7 8 
   0.000193661850581  3322414231  |2 3 4 6 7  |0 1 4 6 8 
  -0.000193376146319  3241213342  |1 2 4 8 9  |0 2 6 7 8 
   0.000193328420374  3214231423  |1 3 4 7 8  |0 3 5 7 9 
  -0.000193122090110  1431242332  |1 4 5 6 9  |1 2 5 7 8 
   0.000192876080258  1424421331  |1 2 3 4 5  |1 3 4 7 8 
  -0.000192872416675  4424113312  |0 1 2 3 9  |0 1 3 6 7 
  -0.000192872273539  4434112213  |0 1 3 6 7  |0 1 2 3 9 
  -0.000192766147293  4241314213  |0 1 2 6 7  |0 2 4 6 9 
  -0.000192364755855  3332421241  |3 4 5 7 8  |0 1 2 4 8 
   0.000192364459936  2223431341  |0 1 2 4 8  |3 4 5 7 8 
   0.000192360946239  4142213143  |0 2 3 4 8  |0 2 6 8 9 
  -0.000192358517842  4322214313  |0 2 3 4 6  |0 1 6 7 9 
   0.000192358208464  4233314212  |0 1 6 7 9  |0 2 3 4 6 
  -0.000192355041593  2241434131  |0 1 2 4 6  |2 4 5 6 8 
  -0.000192278966855  4324311124  |0 2 3 8 9  |0 1 3 4 9 
   0.000192277782612  2432443111  |0 1 3 4 5  |1 2 4 5 6 
  -0.000192048887432  4421411314  |0 1 2 4 9  |0 1 4 7 9 
   0.000192045377669  4431411214  |0 1 4 7 9  |0 1 2 4 9 
  -0.000192044285431  4134441211  |0 3 4 5 7  |0 2 3 4 5 
   0.000192041382029  4124441311  |0 2 3 4 5  |0 3 4 5 7 
  -0.000191995606267  3234142312  |1 3 5 6 9  |0 2 3 5 7 
  -0.000191956324303  1324324321  |2 3 5 6 8  |1 3 4 6 7 
   0.000191956252887  1234234231  |1 3 4 6 7  |2 3 5 6 8 
   0.000191945162638  1442131243  |1 2 3 7 8  |1 2 5 8 9 
   0.000191861705812  3243322213  |1 2 5 6 7  |0 2 3 4 9 
   0.000191860680451  2342233312  |0 2 3 4 9  |1 2 5 6 7 
   0.000191773544624  1421243332  |1 2 4 5 9  |1 5 6 7 8 
   0.000191767677162  3134132224  |3 6 7 8 9  |0 2 3 5 9 
   0.000191547025333  4311441241  |0 4 5 7 8  |0 1 4 5 8 
   0.000191190074245  1344322132  |2 3 5 6 9  |1 2 3 4 8 
  -0.000191189698231  1244233123  |1 2 3 4 8  |2 3 5 6 9 
  -0.000191187521667  3443123122  |1 2 5 8 9  |0 1 2 3 6 
   0.000191147163125  4221432331  |0 1 2 4 6  |0 4 5 7 8 
  -0.000191146753554  4331423221  |0 4 5 7 8  |0 1 2 4 6 
  -0.000191141536888  4122413323  |0 2 3 4 8  |0 4 6 7 9 
  -0.000190848177280  3214241233  |1 3 4 5 7  |0 3 5 8 9 
   0.000190847621526  2314341322  |0 3 5 8 9  |1 3 4 5 7 
  -0.000190530053680  1412434231  |1 3 4 6 7  |1 4 5 6 8 
  -0.000190529793841  1413424321  |1 4 5 6 8  |1 3 4 6 7 
  -0.000190528667923  4214113243  |0 1 3 7 8  |0 3 6 8 9 
  -0.000190528490532  4314112342  |0 3 6 8 9  |0 1 3 7 8 
  -0.000190428293889  3322223413  |2 3 4 5 7  |0 1 6 7 9 
   0.000190418544467  3332221423  |3 4 5 7 8  |0 1 2 7 9 
  -0.000190344537983  2414322313  |0 1 3 5 6  |1 3 4 7 9 
   0.000190140532947  3242323321  |1 2 3 5 8  |0 2 4 6 7 
   0.000190140492639  2343232231  |0 2 4 6 7  |1 2 3 5 8 
  -0.000190135437694  3242312332  |1 2 3 6 9  |0 2 4 7 8 
  -0.000190134891093  2343213223  |0 2 4 7 8  |1 2 3 6 9 
  -0.000190035849040  4324131412  |0 2 3 7 9  |0 1 3 5 7 
  -0.000189973258063  4441121314  |0 1 2 5 9  |0 1 2 7 9 
   0.000189857196869  1423242313  |1 2 4 5 6  |1 3 5 7 9 
  -0.000189855758825  1432343212  |1 3 5 7 9  |1 2 4 5 6 
   0.000189773881490  3144241312  |2 3 4 5 9  |0 2 3 5 7 
  -0.000189773792902  3441231214  |1 2 4 7 9  |0 1 2 5 9 
  -0.000189663096588  3422434111  |1 2 3 4 6  |0 1 4 5 6 
   0.000189646030119  4344111142  |0 2 3 8 9  |0 1 2 3 8 
  -0.000189646011544  4244111143  |0 1 2 3 8  |0 2 3 8 9 
  -0.000189644891224  2411414341  |0 1 4 6 8  |1 4 6 7 8 
   0.000189644719396  3411414241  |1 4 6 7 8  |0 1 4 6 8 
  -0.000189643024151  4114214341  |0 3 4 6 8  |0 3 6 7 8 
   0.000189642518111  4114314241  |0 3 6 7 8  |0 3 4 6 8 
   0.000189635727110  1442434111  |1 2 3 4 6  |1 2 4 5 6 
  -0.000189634359428  1443424111  |1 2 4 5 6  |1 2 3 4 6 
   0.000189305583189  3131142424  |5 6 7 8 9  |0 2 5 7 9 
   0.000189304505689  1121243434  |2 4 5 7 9  |5 6 7 8 9 
  -0.000189112422272  4223434111  |0 1 2 4 6  |0 3 4 5 6 
  -0.000189103749783  4233411142  |0 1 4 8 9  |0 2 3 4 8 
  -0.000188953296742  3322432123  |2 3 4 6 8  |0 1 4 5 9 
  -0.000188770296791  4424111134  |0 1 2 3 9  |0 1 3 8 9 
   0.000188728606678  4434111124  |0 1 3 8 9  |0 1 2 3 9 
  -0.000188699054216  1412142334  |1 3 5 6 9  |1 5 7 8 9 
   0.000188698709038  1434442111  |1 3 4 5 6  |1 2 3 4 5 
   0.000188698042394  1214143324  |1 3 5 8 9  |3 5 6 7 9 
  -0.000188667966789  1424443111  |1 2 3 4 5  |1 3 4 5 6 
   0.000188529738499  2324313412  |0 2 3 7 9  |1 3 4 6 7 
  -0.000188529272182  3234212413  |1 3 4 6 7  |0 2 3 7 9 
   0.000188524595396  3423221431  |1 2 4 5 7  |0 1 3 7 8 
  -0.000188524357869  2432331421  |0 1 3 7 8  |1 2 4 5 7 
   0.000188492110131  3232142314  |1 3 5 6 9  |0 2 5 7 9 
  -0.000188344858614  3441321124  |1 2 5 8 9  |0 1 2 4 9 
  -0.000188343443659  2441231134  |0 1 2 4 9  |1 2 5 8 9 
   0.000188340663837  2144243113  |0 2 3 4 5  |2 3 5 6 9 
   0.000188332896186  3144342112  |2 3 5 6 9  |0 2 3 4 5 
   0.000188199232715  3324421312  |2 3 4 5 9  |0 1 3 4 7 
  -0.000188199195584  4423321312  |0 1 2 5 9  |0 1 3 4 7 
  -0.000188016870219  1324123234  |2 3 5 7 9  |1 3 6 8 9 
  -0.000187707531598  2433221431  |0 1 4 5 7  |1 2 3 7 8 
   0.000187645097760  3414222331  |1 3 4 5 6  |0 1 3 7 8 
  -0.000187644372929  2414333221  |0 1 3 7 8  |1 3 4 5 6 
  -0.000187643473937  3414212233  |1 3 4 6 7  |0 1 3 8 9 
   0.000187643003721  2414313322  |0 1 3 8 9  |1 3 4 6 7 
  -0.000187240637416  4333211224  |0 4 7 8 9  |0 1 2 3 9 
  -0.000187235330489  2333442211  |0 4 5 6 7  |1 2 3 4 5 
   0.000187234920813  3222443311  |1 2 3 4 5  |0 4 5 6 7 
   0.000187200472619  1234243213  |1 3 4 5 7  |2 3 5 6 9 
  -0.000187199978271  3423121324  |1 2 5 8 9  |0 1 3 7 9 
   0.000187194623474  2432131234  |0 1 3 7 9  |1 2 5 8 9 
  -0.000187186358751  1324342312  |2 3 5 6 9  |1 3 4 5 7 
   0.000187142755276  3324121423  |2 3 5 7 8  |0 1 3 7 9 
   0.000187139230209  1423332412  |1 2 6 7 9  |1 3 4 5 7 
   0.000187077792052  3442212133  |1 2 3 4 6  |0 1 2 8 9 
  -0.000187071609295  2443313122  |0 1 2 8 9  |1 2 3 4 6 
   0.000187067436734  3344222131  |2 3 4 5 6  |0 1 2 3 8 
  -0.000187059143669  2244333121  |0 1 2 3 8  |2 3 4 5 6 
   0.000187018596613  2431133224  |0 1 7 8 9  |1 2 5 6 9 
  -0.000186926845091  1234232314  |1 3 4 6 9  |2 3 5 7 9 
   0.000186383663561  4112434231  |0 3 4 6 7  |0 4 5 6 8 
   0.000186378816851  4311412342  |0 4 6 8 9  |0 1 4 7 8 
   0.000186378204097  4211413243  |0 1 4 7 8  |0 4 6 8 9 
   0.000186331487853  2133424132  |0 4 5 6 9  |2 3 4 6 8 
   0.000186257681168  4214331322  |0 1 3 8 9  |0 3 4 5 7 
   0.000186257334504  2413433212  |0 1 4 7 9  |1 3 4 5 6 
   0.000186169328759  1244333212  |1 2 3 7 9  |2 3 4 5 6 
  -0.000186162418788  3442121233  |1 2 3 5 7  |0 1 2 8 9 
   0.000186057640938  3214434112  |1 3 4 6 9  |0 3 4 5 6 
  -0.000185987744149  4132314241  |0 3 6 7 8  |0 2 4 6 8 
  -0.000185983012339  4123214341  |0 2 4 6 8  |0 3 6 7 8 
  -0.000185972024160  2321414341  |0 2 4 6 8  |1 4 6 7 8 
  -0.000185967549848  3231414241  |1 4 6 7 8  |0 2 4 6 8 
  -0.000185939959681  3222433123  |1 2 3 4 8  |0 4 5 6 9 
   0.000185759415061  1412434141  |1 3 4 6 8  |1 4 5 6 8 
   0.000185630352860  4124213413  |0 2 3 4 7  |0 3 6 7 9 
  -0.000185626440456  3431421421  |1 4 5 7 8  |0 1 2 4 7 
  -0.000185625564045  2421431431  |0 1 2 4 7  |1 4 5 7 8 
   0.000185624016023  4134312412  |0 3 6 7 9  |0 2 3 4 7 
   0.000185554325927  3144142312  |2 3 5 6 9  |0 2 3 5 7 
   0.000185388679666  2414233321  |0 1 3 4 8  |1 3 5 6 7 
   0.000185379833488  2414212333  |0 1 3 4 6  |1 3 7 8 9 
  -0.000185026055514  1433232241  |1 4 6 7 8  |1 2 3 5 8 
   0.000185025740523  3224114332  |1 2 3 6 9  |0 3 6 7 8 
   0.000184960265610  2332334122  |0 3 6 8 9  |1 2 4 5 6 
   0.000184881338637  1422141343  |1 2 3 5 8  |1 5 7 8 9 
   0.000184880798205  1334124214  |3 5 6 7 9  |1 2 3 6 9 
   0.000184879730276  1433141242  |1 5 7 8 9  |1 2 3 5 8 
   0.000184878954202  1224134314  |1 2 3 6 9  |3 5 6 7 9 
   0.000184767089023  3413321422  |1 5 7 8 9  |0 1 3 4 7 
  -0.000184766179898  2214233413  |0 1 3 4 7  |3 5 6 7 9 
  -0.000184761654176  2412231433  |0 1 3 4 7  |1 5 7 8 9 
   0.000184754840757  3314322412  |3 5 6 7 9  |0 1 3 4 7 
   0.000184739418391  3242443111  |1 2 3 4 5  |0 2 4 5 6 
  -0.000184732874489  4242311134  |0 1 2 3 9  |0 2 4 8 9 
  -0.000184559583313  3144322114  |2 3 5 6 9  |0 2 3 4 9 
   0.000184189417982  3142324141  |2 3 5 6 8  |0 2 4 6 8 
   0.000184187194293  2143234141  |0 2 4 6 8  |2 3 5 6 8 
   0.000184173669209  2341214143  |0 2 4 6 8  |1 2 6 8 9 
   0.000184167874283  3241314142  |1 2 6 8 9  |0 2 4 6 8 
  -0.000184166566807  4143224113  |0 2 4 5 6  |0 2 3 6 9 
   0.000184062757723  1243341124  |1 2 5 8 9  |2 3 4 5 9 
   0.000183915792900  4124334112  |0 2 3 6 9  |0 3 4 5 6 
   0.000183914373559  4134224113  |0 3 4 5 6  |0 2 3 6 9 
   0.000183909830105  2431431142  |0 1 4 8 9  |1 2 4 5 8 
   0.000183909816703  3421421143  |1 2 4 5 8  |0 1 4 8 9 
   0.000183901534148  1434321232  |1 3 5 7 9  |1 2 3 4 8 
  -0.000183875315748  4413311242  |0 1 7 8 9  |0 1 3 4 8 
  -0.000183869324074  4412211343  |0 1 3 4 8  |0 1 7 8 9 
   0.000183862739019  3314424211  |3 4 5 6 7  |0 1 3 4 6 
   0.000183862165623  2214434311  |0 1 3 4 6  |3 4 5 6 7 
  -0.000183773989252  2134323412  |0 3 5 7 9  |2 3 4 6 7 
   0.000183773864608  3124232413  |2 3 4 6 7  |0 3 5 7 9 
  -0.000183681096452  3234324121  |1 3 5 6 8  |0 2 3 4 6 
   0.000183680474754  2324234131  |0 2 3 4 6  |1 3 5 6 8 
   0.000183679710101  2423213143  |0 1 2 4 8  |1 3 6 8 9 
  -0.000183678899212  3432312142  |1 3 6 8 9  |0 1 2 4 8 
   0.000183488010044  4341132142  |0 2 6 8 9  |0 1 2 5 8 
  -0.000183369144402  2332424113  |0 3 4 5 6  |1 2 4 6 9 
  -0.000183171467974  1443112144  |1 2 6 8 9  |1 2 3 8 9 
   0.000183047292644  4312311442  |0 3 7 8 9  |0 1 4 7 8 
   0.000183042390755  3213424411  |1 4 5 6 7  |0 3 4 6 7 
  -0.000182946845771  3314241232  |3 4 5 7 9  |0 1 3 5 8 
  -0.000182723895331  2134443211  |0 3 4 5 7  |2 3 4 5 6 
   0.000182721054057  4421311324  |0 1 2 8 9  |0 1 4 7 9 
  -0.000182719233089  3124442311  |2 3 4 5 6  |0 3 4 5 7 
   0.000182717055280  4431211234  |0 1 4 7 9  |0 1 2 8 9 
   0.000182711268877  1324124314  |2 3 5 6 9  |1 3 6 7 9 
   0.000182709291540  1234134214  |1 3 6 7 9  |2 3 5 6 9 
   0.000182708110810  1432141243  |1 3 5 7 8  |1 2 5 8 9 
   0.000182706562165  1423141342  |1 2 5 8 9  |1 3 5 7 8 
   0.000182629341912  3222333142  |1 2 3 8 9  |0 4 5 6 8 
   0.000182214238817  1224343141  |1 2 3 5 8  |3 4 5 6 8 
   0.000182212842191  1334242141  |3 4 5 6 8  |1 2 3 5 8 
  -0.000182210319590  2433114124  |0 1 6 8 9  |1 2 3 6 9 
   0.000182078578354  2342332321  |0 2 3 6 8  |1 2 4 5 7 
   0.000182078416162  3243223231  |1 2 4 5 7  |0 2 3 6 8 
  -0.000182072802377  3243212323  |1 2 4 6 8  |0 2 3 7 9 
  -0.000182072422175  2342313232  |0 2 3 7 9  |1 2 4 6 8 
  -0.000181955391289  3423112414  |1 2 6 7 9  |0 1 3 7 9 
   0.000181951712465  1234241431  |1 3 4 5 7  |2 3 5 7 8 
   0.000181950139899  1324341421  |2 3 5 7 8  |1 3 4 5 7 
   0.000181936044630  2121243343  |0 2 4 5 8  |5 6 7 8 9 
  -0.000181935916027  3131342242  |5 6 7 8 9  |0 2 4 5 8 
   0.000181929645457  2121234334  |0 2 4 6 9  |5 6 7 8 9 
   0.000181617937217  4122114343  |0 2 3 6 8  |0 6 7 8 9 
   0.000181616462953  4133114242  |0 6 7 8 9  |0 2 3 6 8 
   0.000181612332257  1331424241  |4 5 6 7 8  |1 2 4 6 8 
   0.000181610637451  1221434341  |1 2 4 6 8  |4 5 6 7 8 
  -0.000181556637415  2243131414  |0 1 2 7 9  |2 3 5 7 9 
   0.000181290671226  3442121143  |1 2 3 5 8  |0 1 2 8 9 
   0.000181289481850  2443131142  |0 1 2 8 9  |1 2 3 5 8 
   0.000181274564757  1344224113  |2 3 4 5 6  |1 2 3 6 9 
   0.000181267876043  1244334112  |1 2 3 6 9  |2 3 4 5 6 
   0.000180637885294  3221234143  |1 2 4 6 8  |0 5 6 8 9 
  -0.000180628015564  2122334143  |0 2 3 6 8  |4 5 6 8 9 
   0.000180604772646  1233442411  |1 4 5 6 7  |2 3 4 5 7 
   0.000180600435860  1322443411  |2 3 4 5 7  |1 4 5 6 7 
  -0.000180592474258  4332111424  |0 3 7 8 9  |0 1 2 7 9 
  -0.000180374648395  2343133222  |0 2 7 8 9  |1 2 3 5 6 
   0.000180362852960  1242333322  |1 2 3 8 9  |2 4 5 6 7 
   0.000180313109470  2432314132  |0 1 3 6 9  |1 2 4 6 8 
   0.000180313053976  3234223141  |1 3 4 5 8  |0 2 3 6 8 
  -0.000180312979755  2324332141  |0 2 3 6 8  |1 3 4 5 8 
  -0.000180277399735  4124313241  |0 2 3 7 8  |0 3 4 6 8 
  -0.000180276974237  4134212341  |0 3 4 6 8  |0 2 3 7 8 
   0.000180271632246  3421414231  |1 2 4 6 7  |0 1 4 6 8 
   0.000180178453489  4133141224  |0 5 7 8 9  |0 2 3 5 9 
  -0.000180178039416  1331442214  |4 5 6 7 9  |1 2 4 5 9 
  -0.000180050599173  4212133324  |0 1 3 8 9  |0 5 6 7 9 
  -0.000180009040437  3442311241  |1 2 3 7 8  |0 1 2 4 8 
  -0.000180007897751  2443211341  |0 1 2 4 8  |1 2 3 7 8 
   0.000179998233308  2344214311  |0 2 3 4 6  |1 2 3 6 7 
   0.000179996648490  3244314211  |1 2 3 6 7  |0 2 3 4 6 
   0.000179610630450  3423332212  |1 2 6 7 9  |0 1 3 4 5 
  -0.000179606206351  2234231332  |0 1 3 4 9  |2 3 5 7 8 
  -0.000179266008482  1234143412  |1 3 5 7 9  |2 3 5 6 7 
   0.000179265685330  1423131424  |1 2 7 8 9  |1 3 5 7 9 
  -0.000179239730210  3224411431  |1 2 3 4 7  |0 3 4 7 8 
   0.000179228722647  4422313411  |0 1 2 3 7  |0 1 4 6 7 
   0.000178976094312  3412321441  |1 3 5 7 8  |0 1 4 7 8 
   0.000178973867681  2413231441  |0 1 4 7 8  |1 3 5 7 8 
   0.000178962019674  2314214413  |0 3 4 6 7  |1 3 6 7 9 
   0.000178956036517  3214314412  |1 3 6 7 9  |0 3 4 6 7 
   0.000178697223789  2313423232  |0 4 5 7 9  |1 3 4 6 8 
   0.000178626422204  2132144134  |0 3 5 6 9  |2 5 6 8 9 
   0.000178531775743  1441323142  |1 2 5 8 9  |1 2 4 6 8 
   0.000178525047419  1441232143  |1 2 4 6 8  |1 2 5 8 9 
  -0.000178512491073  2144134123  |0 2 3 6 8  |2 3 5 6 9 
  -0.000178510721359  3144124132  |2 3 5 6 9  |0 2 3 6 8 
   0.000178499110103  4112213434  |0 3 4 7 9  |0 6 7 8 9 
  -0.000178388516344  4343122114  |0 2 5 6 9  |0 1 2 3 9 
  -0.000178387989575  4242133114  |0 1 2 3 9  |0 2 5 6 9 
   0.000178205282233  4223231143  |0 1 2 4 8  |0 3 5 8 9 
   0.000178202493993  3233424112  |1 4 5 6 9  |0 2 3 4 6 
  -0.000178186247222  1142434312  |2 3 4 6 9  |2 4 5 6 7 
   0.000178017339496  3142123234  |2 3 5 7 9  |0 2 6 8 9 
  -0.000177882447556  3214334212  |1 3 6 7 9  |0 3 4 5 6 
   0.000177882172789  2314224313  |0 3 4 5 6  |1 3 6 7 9 
   0.000177871935681  2413231342  |0 1 4 8 9  |1 3 5 7 8 
   0.000177721168805  3141414232  |2 4 6 7 9  |0 2 4 6 8 
  -0.000177686153385  2432211343  |0 1 3 4 8  |1 2 7 8 9 
  -0.000177337151743  4122412333  |0 2 3 4 6  |0 4 7 8 9 
   0.000177336820438  4133413222  |0 4 7 8 9  |0 2 3 4 6 
  -0.000177330856645  4331422231  |0 4 5 6 7  |0 1 2 4 8 
   0.000177330700197  4221433321  |0 1 2 4 8  |0 4 5 6 7 
  -0.000177164648999  1423223341  |1 2 4 5 8  |1 3 6 7 8 
  -0.000177001647419  2323214413  |0 2 4 6 7  |1 3 6 7 9 
   0.000176997012803  3412321432  |1 3 5 7 9  |0 1 4 7 8 
  -0.000176996593389  3232321441  |1 3 5 7 8  |0 2 4 7 8 
   0.000176996094506  2323231441  |0 2 4 7 8  |1 3 5 7 8 
  -0.000176991584173  2413231423  |0 1 4 7 8  |1 3 5 7 9 
  -0.000176986028405  2314232413  |0 3 4 6 7  |1 3 5 7 9 
   0.000176975691482  3214323412  |1 3 5 7 9  |0 3 4 6 7 
  -0.000176758670501  3223214314  |1 2 4 6 9  |0 3 6 7 9 
   0.000176757992055  2322341341  |0 2 3 5 8  |1 4 5 7 8 
  -0.000176757116200  3233241241  |1 4 5 7 8  |0 2 3 5 8 
  -0.000176534618636  4144321132  |0 2 3 5 9  |0 2 3 4 8 
   0.000176534486997  3441423112  |1 2 4 5 9  |0 1 2 4 6 
  -0.000176533995278  4144231123  |0 2 3 4 8  |0 2 3 5 9 
   0.000176441253833  4223331412  |0 1 2 7 9  |0 3 4 5 7 
   0.000176434346193  2233431412  |0 1 4 7 9  |2 3 4 5 7 
  -0.000176433711039  3322421413  |2 3 4 5 7  |0 1 4 7 9 
   0.000176152661364  3233121244  |1 5 7 8 9  |0 2 3 8 9 
  -0.000176020561756  1414421341  |1 3 4 5 8  |1 3 4 7 8 
  -0.000175841923598  1444321411  |1 2 3 5 7  |1 2 3 4 7 
   0.000175838856330  2121343342  |0 2 5 8 9  |4 5 6 7 8 
  -0.000175838774121  3131242243  |4 5 6 7 8  |0 2 5 8 9 
   0.000175829126636  3444111412  |1 2 3 7 9  |0 1 2 3 7 
   0.000175809757656  3131224234  |4 5 6 7 9  |0 2 6 8 9 
  -0.000175809712773  2121334324  |0 2 6 8 9  |4 5 6 7 9 
   0.000175675296037  1242232333  |1 2 3 4 6  |2 5 7 8 9 
   0.000175674876494  1343323222  |2 5 7 8 9  |1 2 3 4 6 
  -0.000175668851918  2242133323  |0 1 2 3 8  |2 5 6 7 9 
   0.000175289951945  2243134114  |0 1 2 6 9  |2 3 5 6 9 
   0.000175125651009  1223441341  |1 2 4 5 8  |3 4 5 7 8 
   0.000175125617592  1332441241  |3 4 5 7 8  |1 2 4 5 8 
   0.000175122292688  4233114214  |0 1 6 7 9  |0 2 3 6 9 
   0.000175064750058  1241442313  |1 2 4 5 6  |2 4 5 7 9 
   0.000175043066608  2131243243  |0 4 5 7 8  |2 5 6 8 9 
  -0.000175042872051  3121342342  |2 5 6 8 9  |0 4 5 7 8 
  -0.000175035806478  3121324324  |2 5 6 8 9  |0 4 6 7 9 
   0.000175028762828  4113414322  |0 4 6 8 9  |0 3 4 6 7 
   0.000175028465211  4112414233  |0 3 4 6 7  |0 4 6 8 9 
   0.000175027562123  4211433241  |0 1 4 7 8  |0 4 5 6 8 
  -0.000174912165692  4141232143  |0 2 4 6 8  |0 2 5 8 9 
  -0.000174904765415  4141323142  |0 2 5 8 9  |0 2 4 6 8 
   0.000174894020292  3141424132  |2 4 5 6 9  |0 2 4 6 8 
   0.000174892136546  2141434123  |0 2 4 6 8  |2 4 5 6 9 
  -0.000174736449827  4431321322  |0 1 5 8 9  |0 1 2 4 7 
  -0.000174732179775  3134422312  |3 4 5 6 9  |0 2 3 4 7 
   0.000174726813854  4241411233  |0 1 2 4 7  |0 2 4 8 9 
   0.000174725401590  4341411322  |0 2 4 8 9  |0 1 2 4 7 
   0.000174704138374  4142433211  |0 2 3 4 7  |0 2 4 5 6 
  -0.000174562713145  3212413441  |1 3 4 7 8  |0 4 6 7 8 
  -0.000174521894504  3134122324  |3 5 6 8 9  |0 2 3 7 9 
   0.000174521679040  2124133234  |0 2 3 7 9  |3 5 6 8 9 
  -0.000174023937373  2313441412  |0 4 5 7 9  |1 3 4 5 7 
  -0.000174022064990  3212441413  |1 3 4 5 7  |0 4 5 7 9 
   0.000173990927537  1241431441  |1 2 4 7 8  |2 4 5 7 8 
  -0.000173968498324  1441141432  |1 2 5 7 9  |1 2 5 7 8 
   0.000173893945575  1142134234  |2 3 6 7 9  |2 5 6 8 9 
   0.000173860940122  2231231443  |0 1 4 7 8  |2 5 7 8 9 
  -0.000173859715994  3321321442  |2 5 7 8 9  |0 1 4 7 8 
   0.000173855364081  3123324412  |2 5 6 7 9  |0 3 4 6 7 
  -0.000173854765706  2132234413  |0 3 4 6 7  |2 5 6 7 9 
   0.000173791207314  2143232332  |0 2 4 6 9  |2 3 5 7 8 
  -0.000173781485012  2341223323  |0 2 4 5 8  |1 2 6 7 9 
  -0.000173670637950  1124443141  |2 3 4 5 8  |3 4 5 6 8 
   0.000173667736036  4431114124  |0 1 6 8 9  |0 1 2 6 9 
   0.000173663134727  3441221134  |1 2 4 5 9  |0 1 2 8 9 
   0.000173661929088  2441331124  |0 1 2 8 9  |1 2 4 5 9 
  -0.000173657955631  3144242113  |2 3 4 5 6  |0 2 3 5 9 
  -0.000173650378581  2144343112  |0 2 3 5 9  |2 3 4 5 6 
  -0.000173619284678  2234334121  |0 1 3 6 8  |2 3 4 5 6 
   0.000173615270196  2423313142  |0 1 2 8 9  |1 3 4 6 8 
  -0.000173614580765  3432212143  |1 3 4 6 8  |0 1 2 8 9 
  -0.000173547528820  4324312411  |0 2 3 6 7  |0 1 3 4 7 
  -0.000173543140096  4234213411  |0 1 3 4 7  |0 2 3 6 7 
   0.000173535305785  2432411431  |0 1 3 4 7  |1 2 4 7 8 
   0.000173530531643  3423411421  |1 2 4 7 8  |0 1 3 4 7 
  -0.000173513228110  3132432241  |3 4 6 7 8  |0 2 4 5 8 
   0.000173463463350  4324211143  |0 2 3 4 8  |0 1 3 8 9 
   0.000173457756179  3432424111  |1 3 4 5 6  |0 1 2 4 6 
   0.000173417091491  4441311412  |0 1 2 7 9  |0 1 2 4 7 
   0.000173413907143  2144431411  |0 2 3 4 7  |2 3 4 5 7 
  -0.000173413045189  4441211413  |0 1 2 4 7  |0 1 2 7 9 
  -0.000173411034033  3144421411  |2 3 4 5 7  |0 2 3 4 7 
   0.000172807409718  3224143114  |1 2 3 5 9  |0 3 5 6 9 
  -0.000172806125911  1433241124  |1 4 5 8 9  |1 2 3 5 9 
  -0.000172805853068  1422341134  |1 2 3 5 9  |1 4 5 8 9 
   0.000172801208210  3432231322  |1 3 4 8 9  |0 1 2 5 7 
   0.000172348416928  3443212123  |1 2 4 6 8  |0 1 2 3 9 
  -0.000172342347894  2442313132  |0 1 2 3 9  |1 2 4 6 8 
   0.000172336898571  3244223131  |1 2 3 4 5  |0 2 3 6 8 
  -0.000172329468389  2344332121  |0 2 3 6 8  |1 2 3 4 5 
   0.000172289152386  2423321143  |0 1 2 5 8  |1 3 4 8 9 
  -0.000172288808752  3324234112  |2 3 4 6 9  |0 1 3 5 6 
  -0.000172000094935  4431221323  |0 1 4 5 8  |0 1 2 7 9 
   0.000171999851565  4421331232  |0 1 2 7 9  |0 1 4 5 8 
   0.000171937536891  3432411421  |1 3 4 7 8  |0 1 2 4 7 
   0.000171936007493  2423411431  |0 1 2 4 7  |1 3 4 7 8 
  -0.000171903858085  4234312411  |0 1 3 6 7  |0 2 3 4 7 
   0.000171865500920  4231432123  |0 1 4 6 8  |0 2 4 5 9 
  -0.000171865106147  4321423132  |0 2 4 5 9  |0 1 4 6 8 
  -0.000171828649671  3234121432  |1 3 5 7 9  |0 2 3 7 8 
   0.000171828535382  2324131423  |0 2 3 7 8  |1 3 5 7 9 
   0.000171826265517  1423232413  |1 2 4 6 7  |1 3 5 7 9 
  -0.000171825761148  1432323412  |1 3 5 7 9  |1 2 4 6 7 
  -0.000171571336967  3143214241  |2 4 6 7 8  |0 2 3 6 8 
  -0.000171571259354  2142314341  |0 2 3 6 8  |2 4 6 7 8 
   0.000171462931053  2144114323  |0 2 3 6 8  |2 3 6 7 9 
  -0.000171439839331  3412211443  |1 3 4 7 8  |0 1 7 8 9 
  -0.000171439290547  2413311442  |0 1 7 8 9  |1 3 4 7 8 
   0.000171427779539  4314232312  |0 3 4 6 9  |0 1 3 5 7 
   0.000171406456308  1421441323  |1 2 4 5 8  |1 4 5 7 9 
   0.000171400292465  1431441232  |1 4 5 7 9  |1 2 4 5 8 
  -0.000171386324717  4134123214  |0 3 5 7 9  |0 2 3 6 9 
  -0.000171380268598  4124132314  |0 2 3 6 9  |0 3 5 7 9 
  -0.000171055732076  2423231413  |0 1 2 4 7  |1 3 5 7 9 
  -0.000171055700007  3234321412  |1 3 5 7 9  |0 2 3 4 7 
   0.000171054953465  3432321412  |1 3 5 7 9  |0 1 2 4 7 
   0.000171053355894  2324231413  |0 2 3 4 7  |1 3 5 7 9 
   0.000171042806954  2342343121  |0 2 3 5 8  |1 2 4 5 6 
  -0.000170947109729  3244114141  |1 2 3 6 8  |0 2 3 6 8 
   0.000170916822158  3424321141  |1 2 3 5 8  |0 1 3 4 8 
   0.000170915344692  2434231141  |0 1 3 4 8  |1 2 3 5 8 
   0.000170899038124  2434214113  |0 1 3 4 6  |1 2 3 6 9 
   0.000170896887026  3424314112  |1 2 3 6 9  |0 1 3 4 6 
   0.000170888348887  2343411421  |0 2 4 7 8  |1 2 3 4 7 
  -0.000170884377814  4343212411  |0 2 4 6 7  |0 1 2 3 7 
  -0.000170883265092  4242313411  |0 1 2 3 7  |0 2 4 6 7 
   0.000170712548500  4241321413  |0 1 2 5 7  |0 2 4 7 9 
  -0.000170426765483  2331224143  |0 4 5 6 8  |1 2 6 8 9 
  -0.000170417905755  3122324143  |2 3 5 6 8  |0 4 6 8 9 
   0.000170397904592  4121414323  |0 2 4 6 8  |0 4 6 7 9 
   0.000170392275887  4131414232  |0 4 6 7 9  |0 2 4 6 8 
  -0.000170384145918  4131423241  |0 4 5 7 8  |0 2 4 6 8 
  -0.000170378610842  4121432341  |0 2 4 6 8  |0 4 5 7 8 
  -0.000170359755926  2134344112  |0 3 5 6 9  |2 3 4 5 6 
  -0.000170358767058  3124244113  |2 3 4 5 6  |0 3 5 6 9 
  -0.000170350213352  2421331144  |0 1 2 8 9  |1 4 5 8 9 
  -0.000170349787537  3431221144  |1 4 5 8 9  |0 1 2 8 9 
  -0.000170326704569  3413222233  |1 4 5 6 7  |0 1 3 8 9 
  -0.000170326127994  2412333322  |0 1 3 8 9  |1 4 5 6 7 
  -0.000170222858193  2223413341  |0 1 2 4 8  |3 4 6 7 8 
   0.000170222730000  3332412241  |3 4 6 7 8  |0 1 2 4 8 
   0.000170217225833  4233314221  |0 1 6 7 8  |0 2 3 4 6 
  -0.000170125335657  2441232133  |0 1 2 4 6  |1 2 5 8 9 
   0.000170124201422  3441323122  |1 2 5 8 9  |0 1 2 4 6 
  -0.000170114444034  3144322132  |2 3 5 6 9  |0 2 3 4 8 
  -0.000170047799573  2234231431  |0 1 3 4 7  |2 3 5 7 8 
   0.000170047124534  3324321421  |2 3 5 7 8  |0 1 3 4 7 
  -0.000170044326470  2432213413  |0 1 3 4 7  |1 2 6 7 9 
  -0.000169966641943  3212423431  |1 3 4 5 7  |0 4 6 7 8 
  -0.000169965956197  4313212423  |0 4 6 7 8  |0 1 3 7 9 
   0.000169956290334  4212313432  |0 1 3 7 9  |0 4 6 7 8 
   0.000169956103648  2313432421  |0 4 6 7 8  |1 3 4 5 7 
   0.000169785079404  1334432221  |3 4 6 7 8  |1 2 3 4 5 
  -0.000169784286077  4433112223  |0 1 6 7 8  |0 1 2 3 9 
   0.000169704964078  2441421313  |0 1 2 4 5  |1 2 4 7 9 
  -0.000169704382128  4144321213  |0 2 3 5 7  |0 2 3 4 9 
  -0.000169704000043  4144231312  |0 2 3 4 9  |0 2 3 5 7 
  -0.000169676473758  3421221343  |1 2 4 5 8  |0 1 7 8 9 
  -0.000169676425458  3134224213  |3 4 5 6 7  |0 2 3 6 9 
  -0.000169673752942  1123244143  |2 4 5 6 8  |3 5 6 8 9 
   0.000169671369548  2124334312  |0 2 3 6 9  |3 4 5 6 7 
   0.000169671252177  2431331242  |0 1 7 8 9  |1 2 4 5 8 
  -0.000169592057896  4431231232  |0 1 4 7 9  |0 1 2 5 8 
   0.000169435512088  4124331412  |0 2 3 7 9  |0 3 4 5 7 
   0.000169261816998  1243432213  |1 2 4 6 7  |2 3 4 5 9 
  -0.000169083890385  3411222343  |1 4 5 6 8  |0 1 7 8 9 
   0.000169080155391  2114334322  |0 3 6 8 9  |3 4 5 6 7 
  -0.000168686097647  3242311423  |1 2 3 7 8  |0 2 4 7 9 
   0.000168353247354  2343412123  |0 2 4 6 8  |1 2 3 4 9 
   0.000168093731347  4334211124  |0 3 4 8 9  |0 1 2 3 9 
  -0.000168092188393  2433442111  |0 1 4 5 6  |1 2 3 4 5 
  -0.000168053763760  3423222313  |1 2 4 5 6  |0 1 3 7 9 
  -0.000168053279728  2432333212  |0 1 3 7 9  |1 2 4 5 6 
   0.000168052631281  3234221233  |1 3 4 5 7  |0 2 3 8 9 
  -0.000167931228964  4124133214  |0 2 3 7 9  |0 3 5 6 9 
  -0.000167930176681  4134122314  |0 3 5 6 9  |0 2 3 7 9 
   0.000167911857085  1431441322  |1 4 5 8 9  |1 2 4 5 7 
   0.000167825661936  4223431123  |0 1 2 4 8  |0 3 4 5 9 
  -0.000167824929052  4332421132  |0 3 4 5 9  |0 1 2 4 8 
  -0.000167824708142  3232314214  |1 3 6 7 9  |0 2 4 6 9 
   0.000167824214884  2323214314  |0 2 4 6 9  |1 3 6 7 9 
   0.000167816817519  4322432113  |0 2 3 4 6  |0 1 4 5 9 
   0.000167485651227  1234432231  |1 3 4 6 7  |2 3 4 5 8 
   0.000167380454851  4223331142  |0 1 2 8 9  |0 3 4 5 8 
  -0.000167376102071  3322424113  |2 3 4 5 6  |0 1 4 6 9 
   0.000167375858650  2233434112  |0 1 4 6 9  |2 3 4 5 6 
   0.000167326009335  2323123243  |0 2 5 7 8  |1 3 6 8 9 
  -0.000167162620884  4412113324  |0 1 3 8 9  |0 1 6 7 9 
  -0.000167161611523  4413112234  |0 1 6 7 9  |0 1 3 8 9 
   0.000167149735916  1314443221  |3 4 5 7 8  |1 3 4 5 6 
   0.000167146837752  1214442331  |1 3 4 5 6  |3 4 5 7 8 
   0.000167054634638  2242123333  |0 1 2 3 5  |2 6 7 8 9 
   0.000166928083753  3243221413  |1 2 4 5 7  |0 2 3 7 9 
   0.000166913541020  3244112323  |1 2 3 6 8  |0 2 3 7 9 
  -0.000166913403315  2344113232  |0 2 3 7 9  |1 2 3 6 8 
  -0.000166781088762  3142441231  |2 3 4 5 7  |0 2 4 5 8 
  -0.000166780416809  2143441321  |0 2 4 5 8  |2 3 4 5 7 
  -0.000166773641489  4341212314  |0 2 4 6 9  |0 1 2 7 9 
  -0.000166772960441  4241313214  |0 1 2 7 9  |0 2 4 6 9 
   0.000166544802081  2114133424  |0 3 7 8 9  |3 5 6 7 9 
   0.000166533699291  4234323121  |0 1 3 5 8  |0 2 3 4 6 
   0.000166523713433  2423413123  |0 1 2 4 8  |1 3 4 6 9 
  -0.000166522927397  3432412132  |1 3 4 6 9  |0 1 2 4 8 
   0.000166487633078  3433212412  |1 4 6 7 9  |0 1 2 3 7 
   0.000166326641916  2414331232  |0 1 3 7 9  |1 3 4 5 8 
  -0.000166326012862  3414221323  |1 3 4 5 8  |0 1 3 7 9 
   0.000166323651349  2414332312  |0 1 3 6 9  |1 3 4 5 7 
  -0.000166321662939  3414223213  |1 3 4 5 7  |0 1 3 6 9 
  -0.000166316034542  1341322243  |2 5 6 7 8  |1 2 4 8 9 
   0.000166139697180  3331224142  |4 5 6 8 9  |0 1 2 6 8 
   0.000166112149705  1142144314  |2 3 5 6 9  |2 5 6 7 9 
  -0.000166103795315  1143144214  |2 5 6 7 9  |2 3 5 6 9 
  -0.000165731256595  3424212313  |1 2 3 4 6  |0 1 3 7 9 
   0.000165724984215  2434313212  |0 1 3 7 9  |1 2 3 4 6 
   0.000165698784744  3434221231  |1 3 4 5 7  |0 1 2 3 8 
  -0.000165694402712  2424331321  |0 1 2 3 8  |1 3 4 5 7 
  -0.000165639774716  1232343421  |1 3 5 7 8  |2 4 5 6 7 
  -0.000165637350546  2323113424  |0 2 7 8 9  |1 3 6 7 9 
   0.000165587398940  4314231214  |0 3 4 7 9  |0 1 3 5 9 
   0.000165417580849  2342312341  |0 2 3 6 8  |1 2 4 7 8 
  -0.000165417306868  3243213241  |1 2 4 7 8  |0 2 3 6 8 
   0.000165257945687  4412323123  |0 1 3 5 8  |0 1 4 6 9 
  -0.000165217853382  2233232143  |0 1 4 6 8  |2 3 5 8 9 
   0.000165215915514  4422113233  |0 1 2 3 7  |0 1 6 8 9 
   0.000165197908872  1342341421  |2 3 5 7 8  |1 2 4 5 7 
   0.000165126301330  1324141144  |2 3 5 8 9  |1 3 5 8 9 
  -0.000165123253973  1423144114  |1 2 5 6 9  |1 3 5 6 9 
  -0.000165061840680  1431341224  |1 5 7 8 9  |1 2 4 5 9 
  -0.000165060146226  1421241334  |1 2 4 5 9  |1 5 7 8 9 
   0.000165054588135  3134142214  |3 5 6 7 9  |0 2 3 5 9 
   0.000165028066320  3342412141  |2 3 4 6 8  |0 1 2 4 8 
   0.000165028010527  2243413141  |0 1 2 4 8  |2 3 4 6 8 
   0.000165024925382  2233432132  |0 1 4 6 9  |2 3 4 5 8 
  -0.000165021984154  4342214131  |0 2 3 4 6  |0 1 2 6 8 
  -0.000165021781166  4243314121  |0 1 2 6 8  |0 2 3 4 6 
  -0.000164917521511  1231334242  |1 6 7 8 9  |2 4 5 6 8 
  -0.000164907807297  2123134342  |0 2 6 8 9  |3 5 6 7 8 
   0.000164491776633  4314323212  |0 3 5 7 9  |0 1 3 4 6 
  -0.000164490881237  4214232313  |0 1 3 4 6  |0 3 5 7 9 
   0.000164490558672  2241133414  |0 1 2 7 9  |2 5 6 7 9 
  -0.000164462149969  2244213313  |0 1 2 3 4  |2 3 6 7 9 
   0.000164460992280  3344312212  |2 3 6 7 9  |0 1 2 3 4 
   0.000164457676114  3311422414  |4 5 6 7 9  |0 1 4 7 9 
   0.000164457662171  2211433414  |0 1 4 7 9  |4 5 6 7 9 
  -0.000164456827908  3443321221  |1 2 5 7 8  |0 1 2 3 4 
   0.000164456126531  2442231331  |0 1 2 3 4  |1 2 5 7 8 
   0.000164430638684  4421311423  |0 1 2 7 8  |0 1 4 7 9 
   0.000164428980965  4431211432  |0 1 4 7 9  |0 1 2 7 8 
  -0.000164417724374  2134423411  |0 3 4 5 7  |2 3 4 6 7 
  -0.000164415722458  3124432411  |2 3 4 6 7  |0 3 4 5 7 
  -0.000164388506552  4121433241  |0 2 4 7 8  |0 4 5 6 8 
   0.000164362461188  4131414322  |0 4 6 8 9  |0 2 4 6 7 
   0.000164361146836  4121414233  |0 2 4 6 7  |0 4 6 8 9 
  -0.000164337869428  1422233314  |1 2 3 4 9  |1 5 6 7 9 
   0.000164269293208  3424233121  |1 2 3 4 8  |0 1 3 5 6 
   0.000164265042115  3322332142  |2 3 6 8 9  |0 1 4 5 8 
   0.000164261484551  3434213122  |1 3 4 8 9  |0 1 2 3 6 
   0.000164080178615  4341422131  |0 2 4 5 6  |0 1 2 4 8 
   0.000164074975438  4142412133  |0 2 3 4 6  |0 2 4 8 9 
  -0.000163651722344  2412331243  |0 1 3 7 8  |1 4 5 8 9 
   0.000163567082735  3342223312  |2 3 4 5 9  |0 1 2 6 7 
   0.000163560927345  2243321332  |0 1 2 5 9  |2 3 4 7 8 
   0.000163354438808  4132423123  |0 3 4 5 8  |0 2 4 6 9 
  -0.000163354358705  4123432132  |0 2 4 6 9  |0 3 4 5 8 
  -0.000163347962734  4231432132  |0 1 4 6 9  |0 2 4 5 8 
  -0.000163305746356  3244234111  |1 2 3 4 6  |0 2 3 5 6 
  -0.000163303497448  2344324111  |0 2 3 5 6  |1 2 3 4 6 
  -0.000163298658054  3443211142  |1 2 4 8 9  |0 1 2 3 8 
   0.000163288520211  2331341224  |0 5 7 8 9  |1 2 4 5 9 
   0.000163165759193  1331224243  |4 5 6 7 8  |1 2 6 8 9 
   0.000163164261170  3122124343  |2 3 5 6 8  |0 6 7 8 9 
   0.000162797190117  2224323133  |0 1 2 3 5  |3 4 6 8 9 
   0.000162796209453  3334232122  |3 4 6 8 9  |0 1 2 3 5 
   0.000162792141865  1342423411  |2 3 4 5 7  |1 2 4 6 7 
  -0.000162727593626  4132413412  |0 3 4 7 9  |0 2 4 6 7 
   0.000162536526562  3221443141  |1 2 4 5 8  |0 4 5 6 8 
   0.000162536195213  2331442141  |0 4 5 6 8  |1 2 4 5 8 
  -0.000162423967869  3214214323  |1 3 4 6 8  |0 3 6 7 9 
   0.000162416177052  2412332341  |0 1 3 6 8  |1 4 5 7 8 
  -0.000162415732047  3413223241  |1 4 5 7 8  |0 1 3 6 8 
  -0.000162343122498  3334212232  |3 4 6 7 9  |0 1 2 3 8 
   0.000162292071024  3124214413  |2 3 4 6 7  |0 3 6 7 9 
   0.000162288764734  3431221441  |1 4 5 7 8  |0 1 2 7 8 
   0.000162199382902  3222233143  |1 2 3 4 8  |0 5 6 8 9 
  -0.000161927563972  2342432113  |0 2 3 4 6  |1 2 4 5 9 
   0.000161919502860  3243423112  |1 2 4 5 9  |0 2 3 4 6 
   0.000161909382136  4342321132  |0 2 3 5 9  |0 1 2 4 8 
  -0.000161902601399  4243231123  |0 1 2 4 8  |0 2 3 5 9 
  -0.000161559567716  2134223413  |0 3 4 5 7  |2 3 6 7 9 
   0.000161544334667  3421321423  |1 2 5 7 8  |0 1 4 7 9 
  -0.000161544033905  2431231432  |0 1 4 7 9  |1 2 5 7 8 
   0.000161478392084  3144432112  |2 3 4 6 9  |0 2 3 4 5 
   0.000161431647881  1342223233  |2 3 4 5 7  |1 2 6 8 9 
  -0.000161427321276  3342122323  |2 3 5 6 8  |0 1 2 7 9 
  -0.000161334606243  3221321443  |1 2 5 7 8  |0 4 7 8 9 
   0.000161320443730  4134321412  |0 3 5 7 9  |0 2 3 4 7 
  -0.000161308753824  4142143114  |0 2 3 5 9  |0 2 5 6 9 
   0.000161308707866  4421421313  |0 1 2 4 5  |0 1 4 7 9 
   0.000161308305744  3431421412  |1 4 5 7 9  |0 1 2 4 7 
  -0.000161284479859  4443213211  |0 1 2 4 7  |0 1 2 3 6 
  -0.000161283967535  4442312311  |0 1 2 3 6  |0 1 2 4 7 
  -0.000161269062783  2344411231  |0 2 3 4 7  |1 2 3 4 8 
   0.000160972811693  3441321412  |1 2 5 7 9  |0 1 2 4 7 
   0.000160972721206  2144231413  |0 2 3 4 7  |2 3 5 7 9 
   0.000160972699447  2441231413  |0 1 2 4 7  |1 2 5 7 9 
  -0.000160830655135  4232331124  |0 1 3 8 9  |0 2 4 5 9 
  -0.000160754641425  3422231341  |1 2 3 4 8  |0 1 5 7 8 
  -0.000160633345625  1422341143  |1 2 3 5 8  |1 4 5 8 9 
  -0.000160630109639  1433241142  |1 4 5 8 9  |1 2 3 5 8 
  -0.000160604260731  2334124114  |0 3 5 6 9  |1 2 3 6 9 
  -0.000160601115512  3224134114  |1 2 3 6 9  |0 3 5 6 9 
  -0.000160574894673  4314211342  |0 3 4 8 9  |0 1 3 7 8 
  -0.000160508712728  1141344322  |2 5 6 8 9  |2 4 5 6 7 
  -0.000160505389225  1141244233  |2 4 5 6 7  |2 5 6 8 9 
  -0.000160486851675  4134212413  |0 3 4 6 7  |0 2 3 7 9 
   0.000160484794271  3421421431  |1 2 4 5 7  |0 1 4 7 8 
   0.000160483901424  2431431421  |0 1 4 7 8  |1 2 4 5 7 
  -0.000160480391430  4124313412  |0 2 3 7 9  |0 3 4 6 7 
  -0.000160339570573  3242233312  |1 2 3 4 9  |0 2 5 6 7 
  -0.000160185675841  4322111434  |0 2 3 7 9  |0 1 7 8 9 
   0.000160179403553  1332442411  |3 4 5 6 7  |1 2 4 5 7 
  -0.000160178943315  4233111424  |0 1 7 8 9  |0 2 3 7 9 
   0.000160174767013  1223443411  |1 2 4 5 7  |3 4 5 6 7 
   0.000160098171029  2144241133  |0 2 3 4 5  |2 3 5 8 9 
  -0.000160091737031  3441322114  |1 2 5 6 9  |0 1 2 4 9 
   0.000160074636819  4323312241  |0 2 6 7 8  |0 1 3 4 8 
  -0.000160072611096  4232213341  |0 1 3 4 8  |0 2 6 7 8 
  -0.000160057459203  2232414331  |0 1 3 4 6  |2 4 6 7 8 
   0.000160020329023  1412141434  |1 3 5 7 9  |1 5 7 8 9 
  -0.000160013424331  1144234213  |2 3 4 6 7  |2 3 5 6 9 
  -0.000160010159569  1314142414  |3 5 6 7 9  |1 3 5 7 9 
   0.000159996720121  1214143414  |1 3 5 7 9  |3 5 6 7 9 
  -0.000159994030313  1413141424  |1 5 7 8 9  |1 3 5 7 9 
  -0.000159919462710  1424334112  |1 2 3 6 9  |1 3 4 5 6 
  -0.000159919372041  1434224113  |1 3 4 5 6  |1 2 3 6 9 
  -0.000159916031551  2434131142  |0 1 3 8 9  |1 2 3 5 8 
  -0.000159915769550  3424121143  |1 2 3 5 8  |0 1 3 8 9 
   0.000159822396457  4221114343  |0 1 2 6 8  |0 6 7 8 9 
   0.000159822172842  4331114242  |0 6 7 8 9  |0 1 2 6 8 
   0.000159815740654  1414323412  |1 3 5 7 9  |1 3 4 6 7 
   0.000159808955788  1414232413  |1 3 4 6 7  |1 3 5 7 9 
  -0.000159808083260  2414131423  |0 1 3 7 8  |1 3 5 7 9 
  -0.000159806097497  3414121432  |1 3 5 7 9  |0 1 3 7 8 
  -0.000159574093339  4232332141  |0 1 3 6 8  |0 2 4 5 8 
   0.000159565303432  2323414132  |0 2 4 6 9  |1 3 4 6 8 
   0.000159556337854  4114142314  |0 3 5 6 9  |0 3 5 7 9 
   0.000159537724857  1414243213  |1 3 4 5 7  |1 3 5 6 9 
   0.000159537697119  3414121324  |1 3 5 8 9  |0 1 3 7 9 
   0.000159535635526  2414131234  |0 1 3 7 9  |1 3 5 8 9 
   0.000159529764533  1414342312  |1 3 5 6 9  |1 3 4 5 7 
   0.000159523232365  3243423211  |1 2 4 5 7  |0 2 3 4 6 
  -0.000159514468359  2342432311  |0 2 3 4 6  |1 2 4 5 7 
   0.000159494805719  4243211323  |0 1 2 4 8  |0 2 3 7 9 
  -0.000159485631882  4342311232  |0 2 3 7 9  |0 1 2 4 8 
   0.000159249191311  2431241332  |0 1 4 5 9  |1 2 5 7 8 
  -0.000159177698268  4134341212  |0 3 5 7 9  |0 2 3 4 5 
  -0.000159177593888  4124241313  |0 2 3 4 5  |0 3 5 7 9 
  -0.000159174965029  2421431314  |0 1 2 4 9  |1 4 5 7 9 
  -0.000159174954610  3431421214  |1 4 5 7 9  |0 1 2 4 9 
  -0.000158760848046  3142214143  |2 3 4 6 8  |0 2 6 8 9 
   0.000158735101774  2144233321  |0 2 3 4 8  |2 3 5 6 7 
   0.000158676857737  1321424341  |2 4 5 6 8  |1 4 6 7 8 
   0.000158675226046  1231434241  |1 4 6 7 8  |2 4 5 6 8 
   0.000158668849848  4132114243  |0 3 6 7 8  |0 2 6 8 9 
   0.000158667440134  4123114342  |0 2 6 8 9  |0 3 6 7 8 
   0.000158056955616  1214443231  |1 3 4 5 7  |3 4 5 6 8 
   0.000158052533313  1314442321  |3 4 5 6 8  |1 3 4 5 7 
  -0.000158049447685  4413112324  |0 1 6 8 9  |0 1 3 7 9 
  -0.000158042115786  4412113234  |0 1 3 7 9  |0 1 6 8 9 
   0.000158038745681  1422433411  |1 2 3 4 7  |1 4 5 6 7 
  -0.000158031915232  4334111422  |0 3 7 8 9  |0 1 2 3 7 
   0.000157952395819  3421133224  |1 2 7 8 9  |0 1 5 6 9 
   0.000157809076790  2414331142  |0 1 3 8 9  |1 3 4 5 8 
   0.000157807456451  3414224113  |1 3 4 5 6  |0 1 3 6 9 
   0.000157807323665  2414334112  |0 1 3 6 9  |1 3 4 5 6 
  -0.000157800495878  2323431412  |0 2 4 7 9  |1 3 4 5 7 
   0.000157799990343  4323221413  |0 2 4 5 7  |0 1 3 7 9 
  -0.000157745082247  1423223134  |1 2 4 5 9  |1 3 6 8 9 
  -0.000157711000935  3443121142  |1 2 5 8 9  |0 1 2 3 8 
  -0.000157710081473  2442131143  |0 1 2 3 8  |1 2 5 8 9 
  -0.000157704155549  1244234113  |1 2 3 4 6  |2 3 5 6 9 
  -0.000157697199471  1344324112  |2 3 5 6 9  |1 2 3 4 6 
  -0.000157522495138  1243424311  |1 2 4 5 6  |2 3 4 6 7 
   0.000157520499825  4243111243  |0 1 2 7 8  |0 2 3 8 9 
  -0.000157500170819  4124341312  |0 2 3 5 9  |0 3 4 5 7 
  -0.000157497911459  3421421314  |1 2 4 5 9  |0 1 4 7 9 
  -0.000157497822042  2431431214  |0 1 4 7 9  |1 2 4 5 9 
  -0.000157126006286  1231234243  |1 4 6 7 8  |2 5 6 8 9 
  -0.000156964968524  3424211413  |1 2 3 4 7  |0 1 3 7 9 
  -0.000156959770055  2434311412  |0 1 3 7 9  |1 2 3 4 7 
  -0.000156952909488  3434221411  |1 3 4 5 7  |0 1 2 3 7 
  -0.000156950965410  2424331411  |0 1 2 3 7  |1 3 4 5 7 
  -0.000156751954233  4321323142  |0 2 5 8 9  |0 1 4 6 8 
   0.000156751784698  2132434123  |0 3 4 6 8  |2 4 5 6 9 
   0.000156621312767  2144331412  |0 2 3 7 9  |2 3 4 5 7 
   0.000156621193669  3144221413  |2 3 4 5 7  |0 2 3 7 9 
   0.000156620016355  3441221413  |1 2 4 5 7  |0 1 2 7 9 
   0.000156619995164  2441331412  |0 1 2 7 9  |1 2 4 5 7 
  -0.000156568443518  2323134214  |0 2 6 7 9  |1 3 5 6 9 
  -0.000156427306800  4422312331  |0 1 2 3 6  |0 1 4 7 8 
   0.000156418562455  3224413321  |1 2 3 4 8  |0 3 4 6 7 
  -0.000156417825927  2334412231  |0 3 4 6 7  |1 2 3 4 8 
  -0.000156342261187  1342323223  |2 3 5 7 8  |1 2 4 6 9 
   0.000156239682966  3144132124  |2 3 6 8 9  |0 2 3 5 9 
   0.000156040065534  3442312141  |1 2 3 6 8  |0 1 2 4 8 
   0.000156037863857  2443213141  |0 1 2 4 8  |1 2 3 6 8 
  -0.000156035252509  2344214131  |0 2 3 4 6  |1 2 3 6 8 
  -0.000156030958636  3244314121  |1 2 3 6 8  |0 2 3 4 6 
   0.000155887248789  4112114434  |0 3 6 7 9  |0 6 7 8 9 
  -0.000155877903374  1311442441  |4 5 6 7 8  |1 4 5 7 8 
  -0.000155874796368  2413134124  |0 1 6 8 9  |1 3 5 6 9 
   0.000155864913918  1211443441  |1 4 5 7 8  |4 5 6 7 8 
  -0.000155862482807  4113114424  |0 6 7 8 9  |0 3 6 7 9 
   0.000155694646915  4332121234  |0 3 5 7 9  |0 1 2 8 9 
  -0.000155692985663  1322442313  |2 3 4 5 6  |1 4 5 7 9 
  -0.000155690665650  4223131324  |0 1 2 8 9  |0 3 5 7 9 
   0.000155688890071  1233443212  |1 4 5 7 9  |2 3 4 5 6 
  -0.000155239651976  1443221314  |1 2 4 5 9  |1 2 3 7 9 
  -0.000155239342977  1442331214  |1 2 3 7 9  |1 2 4 5 9 
   0.000155191867283  4234314211  |0 1 3 6 7  |0 2 3 4 6 
   0.000155191678126  4324214311  |0 2 3 4 6  |0 1 3 6 7 
   0.000155180950072  2423411341  |0 1 2 4 8  |1 3 4 7 8 
   0.000155180602456  3432411241  |1 3 4 7 8  |0 1 2 4 8 
  -0.000155145836490  1313442232  |4 5 6 7 9  |1 3 4 5 8 
   0.000154795401844  3332324122  |3 5 6 8 9  |0 1 2 4 6 
  -0.000154746585459  2143131424  |0 2 7 8 9  |2 3 5 7 9 
   0.000154670477321  4313323222  |0 5 7 8 9  |0 1 3 4 6 
  -0.000154660378071  2212433323  |0 1 3 4 8  |4 5 6 7 9 
  -0.000154659996828  3313422232  |4 5 6 7 9  |0 1 3 4 8 
   0.000154579173720  1132442431  |3 4 5 6 7  |2 4 5 7 8 
   0.000154577411056  4321112434  |0 2 6 7 9  |0 1 7 8 9 
   0.000154576768409  4231113424  |0 1 7 8 9  |0 2 6 7 9 
  -0.000154445684821  1222443313  |1 2 3 4 5  |4 5 6 7 9 
   0.000154442589241  4333121224  |0 5 7 8 9  |0 1 2 3 9 
   0.000154441388064  1333442212  |4 5 6 7 9  |1 2 3 4 5 
  -0.000154438716796  4222131334  |0 1 2 3 9  |0 5 7 8 9 
  -0.000154293741226  4343211241  |0 2 4 7 8  |0 1 2 3 8 
   0.000154292705896  3242414311  |1 2 3 4 6  |0 2 4 6 7 
  -0.000154289888110  4242311341  |0 1 2 3 8  |0 2 4 7 8 
   0.000154288483330  2343414211  |0 2 4 6 7  |1 2 3 4 6 
  -0.000154272007352  2142432313  |0 2 3 4 6  |2 4 5 7 9 
  -0.000154271691297  4341321232  |0 2 5 7 9  |0 1 2 4 8 
   0.000154271607565  3143423212  |2 4 5 7 9  |0 2 3 4 6 
   0.000154270812220  4241231323  |0 1 2 4 8  |0 2 5 7 9 
   0.000154234766071  4332111244  |0 3 7 8 9  |0 1 2 8 9 
   0.000154233424878  1322444311  |2 3 4 5 6  |1 4 5 6 7 
   0.000154233018178  1233444211  |1 4 5 6 7  |2 3 4 5 6 
   0.000154154223048  4312223233  |0 3 4 5 7  |0 1 6 8 9 
  -0.000154147217283  2213433232  |0 1 4 7 9  |3 4 5 6 8 
  -0.000154136911116  3412324123  |1 3 5 6 8  |0 1 4 6 9 
  -0.000154136460730  3214332142  |1 3 6 8 9  |0 3 4 5 8 
   0.000154121502883  1243122334  |1 2 5 6 9  |2 3 7 8 9 
  -0.000154019356958  4131132244  |0 6 7 8 9  |0 2 5 8 9 
  -0.000154016611869  4121123344  |0 2 5 8 9  |0 6 7 8 9 
   0.000154009019791  1121444332  |2 4 5 6 9  |4 5 6 7 8 
   0.000153996196957  3412443211  |1 3 4 5 7  |0 1 4 5 6 
   0.000153988811222  3414324112  |1 3 5 6 9  |0 1 3 4 6 
   0.000153988640275  2414234113  |0 1 3 4 6  |1 3 5 6 9 
   0.000153977697065  2414231143  |0 1 3 4 8  |1 3 5 8 9 
   0.000153977627276  3414321142  |1 3 5 8 9  |0 1 3 4 8 
   0.000153940320775  3114342322  |3 5 6 8 9  |0 3 4 5 7 
  -0.000153855171208  2224433131  |0 1 2 3 4  |3 4 5 6 8 
   0.000153846373841  3334422121  |3 4 5 6 8  |0 1 2 3 4 
  -0.000153838728681  4433312122  |0 1 6 8 9  |0 1 2 3 4 
   0.000153828944404  4422213133  |0 1 2 3 4  |0 1 6 8 9 
  -0.000153791227732  2332141243  |0 3 5 7 8  |1 2 5 8 9 
   0.000153789196086  1233234214  |1 4 6 7 9  |2 3 5 6 9 
  -0.000153787382133  1333241422  |4 5 7 8 9  |1 2 3 5 7 
   0.000153786197936  2341323232  |0 2 5 7 9  |1 2 4 6 8 
   0.000153782945391  3241232323  |1 2 4 6 8  |0 2 5 7 9 
   0.000153567317590  3323222134  |2 4 5 6 9  |0 1 3 8 9 
   0.000153566868829  2232333124  |0 1 3 8 9  |2 4 5 6 9 
   0.000153566830525  3232242133  |1 3 4 5 6  |0 2 5 8 9 
   0.000153566308449  2323343122  |0 2 5 8 9  |1 3 4 5 6 
   0.000153429460612  2341413223  |0 2 4 7 8  |1 2 4 6 9 
  -0.000153426024150  4142323321  |0 2 3 5 8  |0 2 4 6 7 
   0.000153425741697  4143232231  |0 2 4 6 7  |0 2 3 5 8 
   0.000153404628628  1344431221  |2 3 4 7 8  |1 2 3 4 5 
   0.000153402113356  4442113312  |0 1 2 3 9  |0 1 2 6 7 
  -0.000153157126889  4324321411  |0 2 3 5 7  |0 1 3 4 7 
  -0.000153155830116  4234231411  |0 1 3 4 7  |0 2 3 5 7 
  -0.000153152558275  2432411413  |0 1 3 4 7  |1 2 4 7 9 
   0.000153126843928  4322311324  |0 2 3 8 9  |0 1 4 7 9 
  -0.000153112856271  1433421223  |1 4 5 7 8  |1 2 3 4 9 
  -0.000153050985191  3421432312  |1 2 4 6 9  |0 1 4 5 7 
  -0.000152924887145  2311421443  |0 4 5 7 8  |1 4 7 8 9 
  -0.000152879732975  4133121424  |0 5 7 8 9  |0 2 3 7 9 
  -0.000152879467692  4122131434  |0 2 3 7 9  |0 5 7 8 9 
   0.000152871557843  1213134244  |1 6 7 8 9  |3 5 6 8 9 
   0.000152832622250  4343132122  |0 2 6 8 9  |0 1 2 3 5 
  -0.000152695059534  4113134224  |0 6 7 8 9  |0 3 5 6 9 
  -0.000152694691033  4112124334  |0 3 5 6 9  |0 6 7 8 9 
  -0.000152693865606  1211443342  |1 4 5 8 9  |4 5 6 7 8 
  -0.000152637730031  4431131224  |0 1 7 8 9  |0 1 2 5 9 
   0.000152561302202  3422421133  |1 2 3 4 5  |0 1 4 8 9 
  -0.000152560674781  2433431122  |0 1 4 8 9  |1 2 3 4 5 
  -0.000152553845925  4334222113  |0 3 4 5 6  |0 1 2 3 9 
   0.000152552733464  4224333112  |0 1 2 3 9  |0 3 4 5 6 
   0.000152544161027  4132431412  |0 3 4 7 9  |0 2 4 5 7 
   0.000152487368322  4421413123  |0 1 2 4 8  |0 1 4 6 9 
   0.000152483575078  4431412132  |0 1 4 6 9  |0 1 2 4 8 
   0.000152466746787  4134423121  |0 3 4 5 8  |0 2 3 4 6 
   0.000152461844264  4124432131  |0 2 3 4 6  |0 3 4 5 8 
   0.000152171295055  1422114334  |1 2 3 6 9  |1 6 7 8 9 
  -0.000152149402898  2144232133  |0 2 3 4 6  |2 3 5 8 9 
   0.000152023398873  2413414411  |0 1 4 6 7  |1 3 4 6 7 
  -0.000152023233874  3412414411  |1 3 4 6 7  |0 1 4 6 7 
  -0.000152021663173  4314211441  |0 3 4 7 8  |0 1 3 7 8 
   0.000152021266136  4214311441  |0 1 3 7 8  |0 3 4 7 8 
  -0.000151748586311  3233222134  |1 4 5 6 9  |0 2 3 8 9 
  -0.000151324474562  3241332214  |1 2 6 7 9  |0 2 4 5 9 
   0.000151324202805  2341223314  |0 2 4 5 9  |1 2 6 7 9 
  -0.000151302800907  4243141114  |0 1 2 5 9  |0 2 3 5 9 
  -0.000151060026009  1441432411  |1 2 4 6 7  |1 2 4 5 7 
  -0.000151057793230  4144111423  |0 2 3 7 8  |0 2 3 7 9 
   0.000150984335873  4322112334  |0 2 3 6 9  |0 1 7 8 9 
   0.000150982019964  1332442231  |3 4 5 6 7  |1 2 4 5 8 
  -0.000150971025407  4233113224  |0 1 7 8 9  |0 2 3 6 9 
  -0.000150967596162  1223443321  |1 2 4 5 8  |3 4 5 6 7 
  -0.000150756699643  3414312232  |1 3 6 7 9  |0 1 3 4 8 
   0.000150756421679  2414213323  |0 1 3 4 8  |1 3 6 7 9 
  -0.000150748159977  3414323221  |1 3 5 7 8  |0 1 3 4 6 
  -0.000150207890274  4133424112  |0 4 5 6 9  |0 2 3 4 6 
  -0.000150202527751  4331421142  |0 4 5 8 9  |0 1 2 4 8 
  -0.000150183468148  1344421321  |2 3 4 5 8  |1 2 3 4 7 
  -0.000150122948503  3343123222  |2 5 7 8 9  |0 1 2 3 6 
  -0.000150067137834  3322432411  |2 3 4 6 7  |0 1 4 5 7 
  -0.000150056469188  4223311423  |0 1 2 7 8  |0 3 4 7 9 
   0.000149909127099  2341414411  |0 2 4 6 7  |1 2 4 6 7 
   0.000149879644745  2233223413  |0 1 4 5 7  |2 3 6 7 9 
  -0.000149855598723  2434211233  |0 1 3 4 7  |1 2 3 8 9 
   0.000149854328296  3424311322  |1 2 3 8 9  |0 1 3 4 7 
   0.000149847602894  3424322311  |1 2 3 5 6  |0 1 3 4 7 
  -0.000149846548740  2434233211  |0 1 3 4 7  |1 2 3 5 6 
  -0.000149697569055  2143432411  |0 2 4 6 7  |2 3 4 5 7 
  -0.000149697016573  3142423411  |2 3 4 5 7  |0 2 4 6 7 
   0.000149696053056  4241311432  |0 1 2 7 9  |0 2 4 7 8 
   0.000149695519334  4341211423  |0 2 4 7 8  |0 1 2 7 9 
  -0.000149339458360  2144333221  |0 2 3 7 8  |2 3 4 5 6 
   0.000149339292583  3144222331  |2 3 4 5 6  |0 2 3 7 8 
  -0.000149338541390  3441212233  |1 2 4 6 7  |0 1 2 8 9 
   0.000149338002246  2441313322  |0 1 2 8 9  |1 2 4 6 7 
  -0.000149334006587  2423332312  |0 1 2 6 9  |1 3 4 5 7 
  -0.000149333641158  3432223213  |1 3 4 5 7  |0 1 2 6 9 
  -0.000149333007105  4412314213  |0 1 3 6 7  |0 1 4 6 9 
   0.000149323890800  2234331232  |0 1 3 7 9  |2 3 4 5 8 
  -0.000149045638687  2434112413  |0 1 3 6 7  |1 2 3 7 9 
  -0.000148903639640  1342432231  |2 3 4 6 7  |1 2 4 5 8 
   0.000148903200477  1243423321  |1 2 4 5 8  |2 3 4 6 7 
   0.000148897977968  4342112332  |0 2 3 6 9  |0 1 2 7 8 
  -0.000148897511853  4243113223  |0 1 2 7 8  |0 2 3 6 9 
   0.000148848177994  4232432113  |0 1 3 4 6  |0 2 4 5 9 
  -0.000148847531037  4323423112  |0 2 4 5 9  |0 1 3 4 6 
  -0.000148843625347  4323421132  |0 2 4 5 9  |0 1 3 4 8 
   0.000148843446598  4232431123  |0 1 3 4 8  |0 2 4 5 9 
  -0.000148547225680  2343312214  |0 2 6 7 9  |1 2 3 4 9 
   0.000148546771541  3242213314  |1 2 3 4 9  |0 2 6 7 9 
  -0.000148431927925  1444413112  |1 2 3 4 9  |1 2 3 4 6 
   0.000148275040273  4134211414  |0 3 4 7 9  |0 2 3 7 9 
   0.000148132635736  3243413212  |1 2 4 7 9  |0 2 3 4 6 
  -0.000148123012676  3124134412  |2 3 6 7 9  |0 3 5 6 7 
  -0.000147781094700  3242314231  |1 2 3 6 7  |0 2 4 6 8 
  -0.000147779146554  2343212341  |0 2 4 6 8  |1 2 3 7 8 
  -0.000147768510065  3413322232  |1 5 6 7 9  |0 1 3 4 8 
  -0.000147767969745  2412233323  |0 1 3 4 8  |1 5 6 7 9 
   0.000147748681235  2214232333  |0 1 3 4 6  |3 5 7 8 9 
   0.000147738485807  4413421231  |0 1 4 5 7  |0 1 3 4 8 
   0.000147715840103  4314413212  |0 3 4 7 9  |0 1 3 4 6 
   0.000147712219893  4214412313  |0 1 3 4 6  |0 3 4 7 9 
   0.000147638376769  3223341412  |1 2 5 7 9  |0 3 4 5 7 
   0.000147632920869  2233231414  |0 1 4 7 9  |2 3 5 7 9 
  -0.000147632779084  3322321414  |2 3 5 7 9  |0 1 4 7 9 
   0.000147442239367  2314132144  |0 3 6 8 9  |1 3 5 8 9 
   0.000147385212400  4134421141  |0 3 4 5 8  |0 2 3 4 8 
   0.000147153158818  1214334322  |1 3 6 8 9  |3 4 5 6 7 
  -0.000146910869910  1212134443  |1 3 6 7 8  |5 6 7 8 9 
  -0.000146910824818  1313124442  |5 6 7 8 9  |1 3 6 7 8 
  -0.000146499498920  2331434221  |0 4 6 7 8  |1 2 4 5 6 
  -0.000146498349537  4133212243  |0 4 6 7 8  |0 2 3 8 9 
   0.000146497492435  4122313342  |0 2 3 8 9  |0 4 6 7 8 
   0.000146349717747  3233221414  |1 4 5 7 9  |0 2 3 7 9 
   0.000146259446110  3321124144  |2 5 6 8 9  |0 1 6 8 9 
   0.000145678404180  1412343142  |1 3 5 8 9  |1 4 5 6 8 
  -0.000145678070253  3214124134  |1 3 5 6 9  |0 3 6 8 9 
   0.000145667414733  4324133212  |0 2 3 7 9  |0 1 3 5 6 
  -0.000145573674511  1233242431  |1 4 5 6 7  |2 3 5 7 8 
  -0.000145565630381  1441343122  |1 2 5 8 9  |1 2 4 5 6 
  -0.000145562863766  1441242133  |1 2 4 5 6  |1 2 5 8 9 
  -0.000145469045851  4132121434  |0 3 5 7 9  |0 2 7 8 9 
  -0.000145373074421  3214441141  |1 3 4 5 8  |0 3 4 5 8 
   0.000145370315366  4412314114  |0 1 3 6 9  |0 1 4 6 9 
   0.000145280129187  3422111434  |1 2 3 7 9  |0 1 7 8 9 
   0.000145277826340  2433111424  |0 1 7 8 9  |1 2 3 7 9 
  -0.000145268502466  1334242411  |3 4 5 6 7  |1 2 3 5 7 
  -0.000145266569877  1224343411  |1 2 3 5 7  |3 4 5 6 7 
   0.000145262102248  4441331122  |0 1 2 8 9  |0 1 2 4 5 
  -0.000145255352211  2144433112  |0 2 3 4 9  |2 3 4 5 6 
  -0.000145253848902  3144422113  |2 3 4 5 6  |0 2 3 4 9 
  -0.000145250479073  3143422411  |2 4 5 6 7  |0 2 3 4 7 
  -0.000145249786111  2142433411  |0 2 3 4 7  |2 4 5 6 7 
   0.000145241606073  4241211433  |0 1 2 4 7  |0 2 7 8 9 
   0.000145241051535  4341311422  |0 2 7 8 9  |0 1 2 4 7 
  -0.000145197105217  1324341241  |2 3 5 7 8  |1 3 4 5 8 
   0.000145196471538  4421431141  |0 1 2 4 8  |0 1 4 5 8 
  -0.000145184705270  4431421141  |0 1 4 5 8  |0 1 2 4 8 
   0.000145138976504  4134414112  |0 3 4 6 9  |0 2 3 4 6 
  -0.000145120939014  4124414113  |0 2 3 4 6  |0 3 4 6 9 
   0.000145029588413  4241314231  |0 1 2 6 7  |0 2 4 6 8 
  -0.000144996979433  2143214233  |0 2 4 6 7  |2 3 6 8 9 
   0.000144832850631  4341311224  |0 2 7 8 9  |0 1 2 4 9 
   0.000144831929735  4241211334  |0 1 2 4 9  |0 2 7 8 9 
   0.000144828509099  2142443311  |0 2 3 4 5  |2 4 5 6 7 
   0.000144825863826  3143442211  |2 4 5 6 7  |0 2 3 4 5 
   0.000144660426887  3434321221  |1 3 5 7 8  |0 1 2 3 4 
  -0.000144656077672  2424231331  |0 1 2 3 4  |1 3 5 7 8 
  -0.000144639179527  2424213313  |0 1 2 3 4  |1 3 6 7 9 
   0.000144632615567  3434312212  |1 3 6 7 9  |0 1 2 3 4 
   0.000144631949605  3132422431  |3 4 5 6 7  |0 2 4 7 8 
  -0.000144627531464  3241321342  |1 2 5 8 9  |0 2 4 7 8 
   0.000144625162376  2341231243  |0 2 4 7 8  |1 2 5 8 9 
  -0.000144624041227  4231313422  |0 1 7 8 9  |0 2 4 6 7 
   0.000144623818374  4321212433  |0 2 4 6 7  |0 1 7 8 9 
   0.000144611191694  2143234213  |0 2 4 6 7  |2 3 5 6 9 
  -0.000144609443114  3142324312  |2 3 5 6 9  |0 2 4 6 7 
  -0.000144584157386  1343242123  |2 4 5 6 8  |1 2 3 5 9 
  -0.000144578488728  3242123134  |1 2 3 5 9  |0 2 6 8 9 
   0.000144573673524  1242343132  |1 2 3 5 9  |2 4 5 6 8 
   0.000144567462520  2343132124  |0 2 6 8 9  |1 2 3 5 9 
   0.000144549046021  4342113241  |0 2 3 7 8  |0 1 2 6 8 
   0.000144511237374  3412331242  |1 3 7 8 9  |0 1 4 5 8 
   0.000144368745220  2344321411  |0 2 3 5 7  |1 2 3 4 7 
   0.000144136504815  2412141334  |0 1 3 5 9  |1 5 7 8 9 
   0.000143980701093  1413342142  |1 5 6 8 9  |1 3 4 5 8 
   0.000143980250833  1412243143  |1 3 4 5 8  |1 5 6 8 9 
  -0.000143979179176  2214134134  |0 1 3 6 9  |3 5 6 8 9 
   0.000143814622332  2134143223  |0 3 5 7 8  |2 3 5 6 9 
  -0.000143754132071  4312312441  |0 3 6 7 8  |0 1 4 7 8 
  -0.000143750142935  4213213441  |0 1 4 7 8  |0 3 6 7 8 
   0.000143741178428  2312414431  |0 3 4 6 7  |1 4 6 7 8 
   0.000143735420795  3213414421  |1 4 6 7 8  |0 3 4 6 7 
  -0.000143716005086  2324343121  |0 2 3 5 8  |1 3 4 5 6 
  -0.000143596586739  3124241413  |2 3 4 5 7  |0 3 5 7 9 
   0.000143579540935  4232314231  |0 1 3 6 7  |0 2 4 6 8 
  -0.000143578906403  4323214321  |0 2 4 6 8  |0 1 3 6 7 
  -0.000143578264702  2323412341  |0 2 4 6 8  |1 3 4 7 8 
  -0.000143540705299  1143241423  |2 4 5 7 8  |2 3 5 7 9 
  -0.000143489318279  3411211444  |1 4 7 8 9  |0 1 7 8 9 
  -0.000143482697083  3413422312  |1 4 5 6 9  |0 1 3 4 7 
  -0.000143481749498  4214231233  |0 1 3 4 7  |0 3 5 8 9 
   0.000143474193775  3431123224  |1 5 7 8 9  |0 1 2 6 9 
  -0.000143368067060  4314321232  |0 3 5 7 9  |0 1 3 4 8 
   0.000143367652555  4214231323  |0 1 3 4 8  |0 3 5 7 9 
  -0.000143350835367  3414322132  |1 3 5 6 9  |0 1 3 4 8 
   0.000143350625715  2414233123  |0 1 3 4 8  |1 3 5 6 9 
  -0.000143346850141  2414232133  |0 1 3 4 6  |1 3 5 8 9 
   0.000143346682860  3414323122  |1 3 5 8 9  |0 1 3 4 6 
   0.000142952036791  3123344122  |2 5 6 8 9  |0 3 4 5 6 
  -0.000142951314697  2231233144  |0 1 4 8 9  |2 5 6 8 9 
   0.000142951308394  3321322144  |2 5 6 8 9  |0 1 4 8 9 
   0.000142819733105  4342314211  |0 2 3 6 7  |0 1 2 4 6 
  -0.000142684003446  4431421312  |0 1 4 5 9  |0 1 2 4 7 
   0.000142410747436  2213134144  |0 1 6 8 9  |3 5 6 8 9 
  -0.000142334469003  2134132414  |0 3 6 7 9  |2 3 5 7 9 
  -0.000142334371242  3124123414  |2 3 5 7 9  |0 3 6 7 9 
   0.000142332075326  1431241423  |1 4 5 7 8  |1 2 5 7 9 
   0.000142123780289  4313223223  |0 4 5 7 8  |0 1 3 6 9 
   0.000142123559916  4212332332  |0 1 3 6 9  |0 4 5 7 8 
   0.000142091700881  4133224141  |0 4 5 6 8  |0 2 3 6 8 
  -0.000142058629756  2431423411  |0 1 4 5 7  |1 2 4 6 7 
  -0.000142044579482  2331243142  |0 4 5 8 9  |1 2 5 6 8 
   0.000142018205063  2142233332  |0 2 3 4 9  |2 5 6 7 8 
  -0.000142003467106  1331242243  |4 5 6 7 8  |1 2 5 8 9 
   0.000141999925931  3122124334  |2 3 5 6 9  |0 6 7 8 9 
  -0.000141998038221  2133134224  |0 6 7 8 9  |2 3 5 6 9 
   0.000141997288638  1221343342  |1 2 5 8 9  |4 5 6 7 8 
   0.000141943718183  1242332332  |1 2 3 6 9  |2 4 5 7 8 
   0.000141885396330  2413414321  |0 1 4 6 8  |1 3 4 6 7 
   0.000141885061917  3412414231  |1 3 4 6 7  |0 1 4 6 8 
   0.000141881298828  4214313241  |0 1 3 7 8  |0 3 4 6 8 
   0.000141880766861  4314212341  |0 3 4 6 8  |0 1 3 7 8 
   0.000141784317265  4321411342  |0 2 4 8 9  |0 1 4 7 8 
   0.000141784118203  4231411243  |0 1 4 7 8  |0 2 4 8 9 
   0.000141783445181  4123424311  |0 2 4 5 6  |0 3 4 6 7 
   0.000141555994900  4414323211  |0 1 3 5 7  |0 1 3 4 6 
   0.000141555926941  4414232311  |0 1 3 4 6  |0 1 3 5 7 
   0.000141442239575  2223233134  |0 1 2 4 9  |3 5 6 8 9 
   0.000141441735859  3332322124  |3 5 6 8 9  |0 1 2 4 9 
   0.000141441732702  3233342122  |1 5 6 8 9  |0 2 3 4 5 
  -0.000141401947777  3412212433  |1 3 4 6 7  |0 1 7 8 9 
  -0.000141401393775  3314222431  |3 4 5 6 7  |0 1 3 7 8 
   0.000141399475823  2413313422  |0 1 7 8 9  |1 3 4 6 7 
   0.000141397921394  2214333421  |0 1 3 7 8  |3 4 5 6 7 
   0.000141397293674  4131212443  |0 4 6 7 8  |0 2 7 8 9 
  -0.000141394918394  3121424431  |2 4 5 6 7  |0 4 6 7 8 
   0.000141394592301  4121313442  |0 2 7 8 9  |0 4 6 7 8 
  -0.000141394528690  2131434421  |0 4 6 7 8  |2 4 5 6 7 
  -0.000141200672826  2314213432  |0 3 4 7 9  |1 3 6 7 8 
   0.000141123305119  2144141134  |0 2 3 5 9  |2 3 5 8 9 
  -0.000141065563791  3412423312  |1 3 4 5 9  |0 1 4 6 7 
   0.000140790356891  3311222443  |4 5 6 7 8  |0 1 7 8 9 
  -0.000140786753285  3112224433  |3 4 5 6 7  |0 6 7 8 9 
  -0.000140785512850  2211333442  |0 1 7 8 9  |4 5 6 7 8 
   0.000140784511336  2113334422  |0 6 7 8 9  |3 4 5 6 7 
   0.000140577631680  3332224123  |3 4 5 6 8  |0 1 2 6 9 
  -0.000140550490547  4244341111  |0 1 2 3 5  |0 2 3 4 5 
   0.000140550026392  4344241111  |0 2 3 4 5  |0 1 2 3 5 
   0.000140548143546  3442411114  |1 2 3 4 9  |0 1 2 4 9 
  -0.000140548061942  2443411114  |0 1 2 4 9  |1 2 3 4 9 
   0.000140467253191  1441411441  |1 2 4 7 8  |1 2 4 7 8 
  -0.000140311083615  4233213124  |0 1 4 8 9  |0 2 3 6 9 
   0.000140310745201  4322312134  |0 2 3 6 9  |0 1 4 8 9 
  -0.000140308188770  3223443121  |1 2 4 5 8  |0 3 4 5 6 
   0.000140307984237  2332442131  |0 3 4 5 6  |1 2 4 5 8 
   0.000140097235377  3322241134  |2 3 4 5 9  |0 1 5 8 9 
   0.000139516175197  1332441412  |3 4 5 7 9  |1 2 4 5 7 
   0.000139372926752  3223223134  |1 2 4 5 9  |0 3 6 8 9 
   0.000139368307295  3233242123  |1 4 5 6 8  |0 2 3 5 9 
  -0.000139322810154  1434314212  |1 3 6 7 9  |1 2 3 4 6 
   0.000139322264700  1334124223  |3 5 6 7 8  |1 2 3 6 9 
  -0.000139321749001  2424131341  |0 1 2 3 8  |1 3 5 7 8 
  -0.000139319494088  1422123343  |1 2 3 5 8  |1 6 7 8 9 
  -0.000139298514971  2421413143  |0 1 2 4 8  |1 4 6 8 9 
  -0.000139298458686  3431412142  |1 4 6 8 9  |0 1 2 4 8 
   0.000139298010067  4124234131  |0 2 3 4 6  |0 3 5 6 8 
   0.000139297851106  4134324121  |0 3 5 6 8  |0 2 3 4 6 
   0.000139205934882  3423212413  |1 2 4 6 7  |0 1 3 7 9 
  -0.000139205345628  2432313412  |0 1 3 7 9  |1 2 4 6 7 
  -0.000138689605159  2314233214  |0 3 4 7 9  |1 3 5 6 9 
   0.000138687810510  2413241233  |0 1 4 5 7  |1 3 5 8 9 
   0.000138676015110  4131214423  |0 4 6 7 8  |0 2 6 7 9 
   0.000138673374740  4121314432  |0 2 6 7 9  |0 4 6 7 8 
  -0.000138669975775  3121423441  |2 4 5 7 8  |0 4 6 7 8 
   0.000138668629098  2243234113  |0 1 2 4 6  |2 3 5 6 9 
   0.000138664143128  3243321142  |1 2 5 8 9  |0 2 3 4 8 
  -0.000138662845980  2342231143  |0 2 3 4 8  |1 2 5 8 9 
  -0.000138647624868  4421433121  |0 1 2 4 8  |0 1 4 5 6 
  -0.000138628689264  4232331142  |0 1 3 8 9  |0 2 4 5 8 
   0.000138622176680  3232424113  |1 3 4 5 6  |0 2 4 6 9 
  -0.000138621717268  2323434112  |0 2 4 6 9  |1 3 4 5 6 
  -0.000138567971466  4142114134  |0 2 3 6 9  |0 2 6 8 9 
   0.000138561038625  1341442141  |2 4 5 6 8  |1 2 4 5 8 
  -0.000138530805168  1241443141  |1 2 4 5 8  |2 4 5 6 8 
   0.000138514139494  3231221443  |1 4 5 7 8  |0 2 7 8 9 
   0.000138510696524  4143114124  |0 2 6 8 9  |0 2 3 6 9 
   0.000138509252795  3123224413  |2 4 5 6 7  |0 3 6 7 9 
  -0.000138508782109  2132334412  |0 3 6 7 9  |2 4 5 6 7 
  -0.000138223169470  2142333322  |0 2 3 8 9  |2 4 5 6 7 
   0.000137838602931  1322442331  |2 3 4 5 6  |1 4 5 7 8 
   0.000137837469266  4332112234  |0 3 6 7 9  |0 1 2 8 9 
  -0.000137825353142  1233443221  |1 4 5 7 8  |2 3 4 5 6 
  -0.000137823051106  4223113324  |0 1 2 8 9  |0 3 6 7 9 
  -0.000137799601437  1342341241  |2 3 5 7 8  |1 2 4 5 8 
   0.000137779847409  2342114314  |0 2 3 6 9  |1 2 6 7 9 
   0.000137774548747  4414312321  |0 1 3 6 8  |0 1 3 4 7 
  -0.000137769405383  2414413231  |0 1 3 4 7  |1 3 4 6 8 
   0.000137769117280  4414213231  |0 1 3 4 7  |0 1 3 6 8 
  -0.000137767105172  3414412321  |1 3 4 6 8  |0 1 3 4 7 
  -0.000137592192562  2241331342  |0 1 2 8 9  |2 4 5 7 8 
   0.000137589611846  2143334212  |0 2 6 7 9  |2 3 4 5 6 
   0.000137589598242  3341221243  |2 4 5 7 8  |0 1 2 8 9 
  -0.000137587899410  3142224313  |2 3 4 5 6  |0 2 6 7 9 
   0.000137558335446  3231224143  |1 4 5 6 8  |0 2 6 8 9 
   0.000137555186522  3123224143  |2 4 5 6 8  |0 3 6 8 9 
  -0.000137554615094  2132334142  |0 3 6 8 9  |2 4 5 6 8 
  -0.000137526568718  3421231423  |1 2 4 7 8  |0 1 5 7 9 
  -0.000137508289552  3412412341  |1 3 4 6 8  |0 1 4 7 8 
  -0.000137507691716  2413413241  |0 1 4 7 8  |1 3 4 6 8 
   0.000137498033472  2424331141  |0 1 2 3 8  |1 3 4 5 8 
  -0.000137496615984  4314214231  |0 3 4 6 7  |0 1 3 6 8 
   0.000137496547420  3434221141  |1 3 4 5 8  |0 1 2 3 8 
  -0.000137494944002  4214314321  |0 1 3 6 8  |0 3 4 6 7 
   0.000137479240609  2434314112  |0 1 3 6 9  |1 2 3 4 6 
   0.000137477057543  3424214113  |1 2 3 4 6  |0 1 3 6 9 
   0.000137385949437  2121443341  |0 2 4 5 8  |4 5 6 7 8 
  -0.000137385334038  4131314224  |0 6 7 8 9  |0 2 4 6 9 
   0.000137383990336  3131442241  |4 5 6 7 8  |0 2 4 5 8 
  -0.000137383771459  4121214334  |0 2 4 6 9  |0 6 7 8 9 
  -0.000137311733020  3311222344  |4 5 6 8 9  |0 1 7 8 9 
   0.000137306086860  1232424331  |1 3 4 5 6  |2 4 6 7 8 
  -0.000137299973285  4323112243  |0 2 6 7 8  |0 1 3 8 9 
   0.000137298943023  2332414123  |0 3 4 6 8  |1 2 4 6 9 
  -0.000137186008882  4342132123  |0 2 3 6 8  |0 1 2 5 9 
   0.000137079857881  3413412241  |1 4 6 7 8  |0 1 3 4 8 
   0.000137079562994  2412413341  |0 1 3 4 8  |1 4 6 7 8 
   0.000137067927076  4214214331  |0 1 3 4 6  |0 3 6 7 8 
   0.000137065845459  4314314221  |0 3 6 7 8  |0 1 3 4 6 
  -0.000136955565257  4322433211  |0 2 3 4 7  |0 1 4 5 6 
   0.000136955004297  4233422311  |0 1 4 5 6  |0 2 3 4 7 
   0.000136948690022  4332411322  |0 3 4 8 9  |0 1 2 4 7 
   0.000136874011389  2411441413  |0 1 4 5 7  |1 4 5 7 9 
  -0.000136873847223  3411441412  |1 4 5 7 9  |0 1 4 5 7 
  -0.000136863566394  4114231414  |0 3 4 7 9  |0 3 5 7 9 
  -0.000136803225500  2323442311  |0 2 4 5 6  |1 3 4 5 7 
   0.000136802733193  3232443211  |1 3 4 5 7  |0 2 4 5 6 
   0.000136657655801  2313434221  |0 4 6 7 8  |1 3 4 5 6 
  -0.000136657238780  3212424331  |1 3 4 5 6  |0 4 6 7 8 
   0.000136651663498  4212313342  |0 1 3 8 9  |0 4 6 7 8 
  -0.000136651548786  4313212243  |0 4 6 7 8  |0 1 3 8 9 
  -0.000136409202051  1234143241  |1 3 5 7 8  |2 3 5 6 8 
  -0.000136409181751  1324142341  |2 3 5 6 8  |1 3 5 7 8 
   0.000136214923004  1423431412  |1 2 4 7 9  |1 3 4 5 7 
   0.000136208019267  4324121413  |0 2 3 5 7  |0 1 3 7 9 
   0.000136207179991  4234131412  |0 1 3 7 9  |0 2 3 5 7 
  -0.000136202093598  4233113422  |0 1 7 8 9  |0 2 3 6 7 
  -0.000136198237883  1223433421  |1 2 4 7 8  |3 4 5 6 7 
   0.000135993390347  4312213441  |0 3 4 7 8  |0 1 6 7 8 
  -0.000135971395600  2213414431  |0 1 4 6 7  |3 4 6 7 8 
  -0.000135970385139  3312414421  |3 4 6 7 8  |0 1 4 6 7 
  -0.000135955717277  3421412431  |1 2 4 6 7  |0 1 4 7 8 
  -0.000135955368139  2431413421  |0 1 4 7 8  |1 2 4 6 7 
  -0.000135946099288  4134212431  |0 3 4 6 7  |0 2 3 7 8 
  -0.000135944189549  4124313421  |0 2 3 7 8  |0 3 4 6 7 
   0.000135815248303  4124323141  |0 2 3 5 8  |0 3 4 6 8 
  -0.000135566263191  2212233334  |0 1 3 4 9  |5 6 7 8 9 
  -0.000135553528390  4312414231  |0 3 4 6 7  |0 1 4 6 8 
  -0.000135547817398  4312412341  |0 3 4 6 8  |0 1 4 7 8 
  -0.000135547199469  4213414321  |0 1 4 6 8  |0 3 4 6 7 
  -0.000135546481438  4213413241  |0 1 4 7 8  |0 3 4 6 8 
   0.000135438432251  3221341324  |1 2 5 8 9  |0 4 5 7 9 
  -0.000135403789467  4141224133  |0 2 4 5 6  |0 2 6 8 9 
   0.000135366805859  1332243322  |3 4 5 8 9  |1 2 5 6 7 
  -0.000135305183256  2322431413  |0 2 3 4 7  |1 4 5 7 9 
  -0.000135301355571  4332321412  |0 3 5 7 9  |0 1 2 4 7 
   0.000135226892553  2414132332  |0 1 3 6 9  |1 3 5 7 8 
  -0.000135226813027  1414332232  |1 3 6 7 9  |1 3 4 5 8 
   0.000135225987142  1414223323  |1 3 4 5 8  |1 3 6 7 9 
  -0.000135044898088  3144132223  |2 3 6 7 8  |0 2 3 5 9 
   0.000134845458255  3133224412  |4 5 6 7 9  |0 2 3 6 7 
   0.000134842441400  3221231443  |1 2 4 7 8  |0 5 7 8 9 
   0.000134707204890  3122424313  |2 3 4 5 6  |0 4 6 7 9 
  -0.000134705435784  2133434212  |0 4 6 7 9  |2 3 4 5 6 
   0.000134704631179  4331221243  |0 4 5 7 8  |0 1 2 8 9 
  -0.000134701404432  4221331342  |0 1 2 8 9  |0 4 5 7 8 
   0.000134603072099  2312441323  |0 3 4 5 8  |1 4 5 7 9 
  -0.000134449906900  2244413113  |0 1 2 3 4  |2 3 4 6 9 
   0.000134449347732  4443321121  |0 1 2 5 8  |0 1 2 3 4 
  -0.000134449304916  3344412112  |2 3 4 6 9  |0 1 2 3 4 
   0.000134448164843  4442231131  |0 1 2 3 4  |0 1 2 5 8 
  -0.000134422802811  2124334132  |0 2 3 6 9  |3 4 5 6 8 
   0.000134421046755  3134224123  |3 4 5 6 8  |0 2 3 6 9 
   0.000134412097490  2431332142  |0 1 6 8 9  |1 2 4 5 8 
  -0.000134409776123  3421223143  |1 2 4 5 8  |0 1 6 8 9 
  -0.000134109866671  1424344111  |1 2 3 5 6  |1 3 4 5 6 
   0.000134053689026  4134114142  |0 3 6 8 9  |0 2 3 6 8 
  -0.000134053337344  4124114143  |0 2 3 6 8  |0 3 6 8 9 
   0.000134047660569  1421434141  |1 2 4 6 8  |1 4 5 6 8 
   0.000133993565544  3243423121  |1 2 4 5 8  |0 2 3 4 6 
   0.000133985674070  4243213123  |0 1 2 4 8  |0 2 3 6 9 
   0.000133982459934  4123312324  |0 2 6 8 9  |0 3 4 7 9 
  -0.000133981299207  3321442321  |2 4 5 6 8  |0 1 4 5 7 
  -0.000133968688954  2342432131  |0 2 3 4 6  |1 2 4 5 8 
  -0.000133962479933  4342312132  |0 2 3 6 9  |0 1 2 4 8 
  -0.000133937161039  1211144443  |1 5 6 7 8  |5 6 7 8 9 
  -0.000133513543436  3342213232  |2 3 4 7 9  |0 1 2 6 8 
  -0.000133511724789  1412341144  |1 3 5 8 9  |1 4 5 8 9 
  -0.000133458173010  1344422113  |2 3 4 5 6  |1 2 3 4 9 
  -0.000133457048934  1244433112  |1 2 3 4 9  |2 3 4 5 6 
   0.000133445221492  2433421114  |0 1 4 5 9  |1 2 3 4 9 
   0.000133444891846  3422431114  |1 2 3 4 9  |0 1 4 5 9 
   0.000133423768552  2231133442  |0 1 7 8 9  |2 5 6 7 8 
   0.000133374379135  2123243413  |0 2 4 5 7  |3 5 6 7 9 
   0.000133281741764  4312414123  |0 3 4 6 8  |0 1 4 6 9 
   0.000133281411712  3231324142  |1 5 6 8 9  |0 2 4 6 8 
  -0.000133281143056  2321234143  |0 2 4 6 8  |1 5 6 8 9 
   0.000133273346029  2123334142  |0 2 6 8 9  |3 4 5 6 8 
  -0.000133273135200  3132224143  |3 4 5 6 8  |0 2 6 8 9 
  -0.000133272471348  3321224143  |2 4 5 6 8  |0 1 6 8 9 
   0.000133272396680  2231334142  |0 1 6 8 9  |2 4 5 6 8 
  -0.000133272384528  3132324142  |3 5 6 8 9  |0 2 4 6 8 
   0.000133207883440  4234111441  |0 1 3 7 8  |0 2 3 7 8 
  -0.000133206086834  1432414411  |1 3 4 6 7  |1 2 4 6 7 
  -0.000133178226266  2234331421  |0 1 3 7 8  |2 3 4 5 7 
   0.000133177147963  3324221431  |2 3 4 5 7  |0 1 3 7 8 
   0.000133175319648  2423313412  |0 1 2 7 9  |1 3 4 6 7 
  -0.000133174835279  3432212413  |1 3 4 6 7  |0 1 2 7 9 
  -0.000133144279016  1421434231  |1 2 4 6 7  |1 4 5 6 8 
  -0.000133036924001  2241433312  |0 1 2 4 9  |2 4 5 6 7 
   0.000133036727757  3341422213  |2 4 5 6 7  |0 1 2 4 9 
   0.000133034249103  4142221333  |0 2 3 4 5  |0 2 7 8 9 
  -0.000133034033762  4143331222  |0 2 7 8 9  |0 2 3 4 5 
   0.000132933888380  2341131424  |0 2 7 8 9  |1 2 5 7 9 
   0.000132836862067  2434113412  |0 1 3 7 9  |1 2 3 6 7 
  -0.000132836376956  4412113432  |0 1 3 7 9  |0 1 6 7 8 
  -0.000132777316358  2141443114  |0 2 4 5 9  |2 4 5 6 9 
   0.000132728063584  2221333441  |0 1 2 7 8  |4 5 6 7 8 
   0.000132726252704  3122214433  |2 3 4 6 7  |0 6 7 8 9 
  -0.000132492685874  1431234142  |1 4 6 8 9  |1 2 5 6 8 
   0.000132364593837  3431222341  |1 4 5 6 8  |0 1 2 7 8 
  -0.000132364498132  2421333241  |0 1 2 7 8  |1 4 5 6 8 
   0.000132284981995  4421211433  |0 1 2 4 7  |0 1 7 8 9 
   0.000132279138932  4431311422  |0 1 7 8 9  |0 1 2 4 7 
  -0.000132276870774  2124433411  |0 2 3 4 7  |3 4 5 6 7 
  -0.000132276272359  3134422411  |3 4 5 6 7  |0 2 3 4 7 
  -0.000132158265846  1442141134  |1 2 3 5 9  |1 2 5 8 9 
   0.000132145940229  1344142114  |2 3 5 6 9  |1 2 3 5 9 
  -0.000132113163827  1244143114  |1 2 3 5 9  |2 3 5 6 9 
   0.000132097984656  1443141124  |1 2 5 8 9  |1 2 3 5 9 
   0.000132093425488  4332421213  |0 3 4 5 7  |0 1 2 4 9 
  -0.000132090540238  4223431312  |0 1 2 4 9  |0 3 4 5 7 
   0.000132088139475  4322421313  |0 2 3 4 5  |0 1 4 7 9 
  -0.000132085478460  4233431212  |0 1 4 7 9  |0 2 3 4 5 
   0.000132083830372  4214413213  |0 1 3 4 7  |0 3 4 6 9 
   0.000132079606318  4314412312  |0 3 4 6 9  |0 1 3 4 7 
   0.000132068293203  4413421321  |0 1 4 5 8  |0 1 3 4 7 
   0.000132067411802  4422313321  |0 1 2 3 8  |0 1 4 6 7 
  -0.000132067188766  4433212231  |0 1 4 6 7  |0 1 2 3 8 
   0.000132062773429  4412431231  |0 1 3 4 7  |0 1 4 5 8 
   0.000132062021250  2334413221  |0 3 4 7 8  |1 2 3 4 6 
   0.000132024941787  1441414321  |1 2 4 6 8  |1 2 4 6 7 
   0.000132009699047  3343322221  |2 5 6 7 8  |0 1 2 3 4 
   0.000132009362942  2242233331  |0 1 2 3 4  |2 5 6 7 8 
   0.000132009140541  3433322212  |1 5 6 7 9  |0 1 2 3 4 
   0.000132008907416  2422233313  |0 1 2 3 4  |1 5 6 7 9 
  -0.000132003001223  2242213333  |0 1 2 3 4  |2 6 7 8 9 
  -0.000132002543973  3343312222  |2 6 7 8 9  |0 1 2 3 4 
  -0.000132001122888  2224231333  |0 1 2 3 4  |3 5 7 8 9 
  -0.000132000920187  3334321222  |3 5 7 8 9  |0 1 2 3 4 
   0.000131986773566  1314442213  |3 4 5 6 7  |1 3 4 5 9 
  -0.000131909031464  3242414113  |1 2 3 4 6  |0 2 4 6 9 
  -0.000131908011890  4343221141  |0 2 4 5 8  |0 1 2 3 8 
  -0.000131905593000  4242331141  |0 1 2 3 8  |0 2 4 5 8 
  -0.000131904261622  2343414112  |0 2 4 6 9  |1 2 3 4 6 
  -0.000131879129269  4214431231  |0 1 3 4 7  |0 3 4 5 8 
  -0.000131876194358  4314421321  |0 3 4 5 8  |0 1 3 4 7 
  -0.000131869449494  4413412312  |0 1 4 6 9  |0 1 3 4 7 
  -0.000131864957913  4412413213  |0 1 3 4 7  |0 1 4 6 9 
  -0.000131664681185  2434213411  |0 1 3 4 7  |1 2 3 6 7 
   0.000131656123644  2434211431  |0 1 3 4 7  |1 2 3 7 8 
   0.000131654856917  3424311421  |1 2 3 7 8  |0 1 3 4 7 
   0.000131588087546  2341323412  |0 2 5 7 9  |1 2 4 6 7 
   0.000131530658455  2432413123  |0 1 3 4 8  |1 2 4 6 9 
  -0.000131514544322  4234232131  |0 1 3 4 6  |0 2 3 5 8 
   0.000131514217052  4324323121  |0 2 3 5 8  |0 1 3 4 6 
   0.000131269755582  3424232311  |1 2 3 4 6  |0 1 3 5 7 
   0.000131216414424  1244233213  |1 2 3 4 7  |2 3 5 6 9 
   0.000131205437890  3443121322  |1 2 5 8 9  |0 1 2 3 7 
  -0.000131205434037  2442131233  |0 1 2 3 7  |1 2 5 8 9 
  -0.000131139256728  4132324114  |0 3 5 6 9  |0 2 4 6 9 
  -0.000131003279093  4241314132  |0 1 2 6 9  |0 2 4 6 8 
  -0.000130998649980  4341214123  |0 2 4 6 8  |0 1 2 6 9 
   0.000130992108202  2143432141  |0 2 4 6 8  |2 3 4 5 8 
   0.000130991504406  3142423141  |2 3 4 5 8  |0 2 4 6 8 
   0.000130948185762  3433241221  |1 4 5 7 8  |0 1 2 3 5 
  -0.000130734223158  2244313312  |0 1 2 3 9  |2 3 4 6 7 
   0.000130733169481  3344212213  |2 3 4 6 7  |0 1 2 3 9 
  -0.000130722160312  2443331221  |0 1 2 7 8  |1 2 3 4 5 
   0.000130721474946  3442221331  |1 2 3 4 5  |0 1 2 7 8 
   0.000130600600083  4132112434  |0 3 6 7 9  |0 2 7 8 9 
   0.000130597612843  4123113424  |0 2 7 8 9  |0 3 6 7 9 
   0.000130597173383  1321442431  |2 4 5 6 7  |1 4 5 7 8 
  -0.000130502132362  3432121414  |1 3 5 7 9  |0 1 2 7 9 
  -0.000130500173230  2423131414  |0 1 2 7 9  |1 3 5 7 9 
  -0.000130497151556  1324241413  |2 3 4 5 7  |1 3 5 7 9 
   0.000130491320542  1124142334  |2 3 5 6 9  |3 5 7 8 9 
  -0.000130490085175  1234341412  |1 3 5 7 9  |2 3 4 5 7 
  -0.000130341560843  1413314422  |1 6 7 8 9  |1 3 4 6 7 
   0.000130337211953  3314122441  |3 5 6 7 8  |0 1 3 7 8 
   0.000130158848103  2133432421  |0 4 6 7 8  |2 3 4 5 7 
  -0.000130158777749  3122423431  |2 3 4 5 7  |0 4 6 7 8 
  -0.000130154538717  4331212423  |0 4 6 7 8  |0 1 2 7 9 
   0.000130154509450  4221313432  |0 1 2 7 9  |0 4 6 7 8 
   0.000130136147570  2114234323  |0 3 4 6 8  |3 5 6 7 9 
  -0.000130133540692  2411232343  |0 1 4 6 8  |1 5 7 8 9 
   0.000130132627410  3411323242  |1 5 7 8 9  |0 1 4 6 8 
   0.000130123956332  2443211431  |0 1 2 4 7  |1 2 3 7 8 
   0.000130123613668  3442311421  |1 2 3 7 8  |0 1 2 4 7 
   0.000130011991485  2141233243  |0 2 4 7 8  |2 5 6 8 9 
  -0.000130011847799  3141322342  |2 5 6 8 9  |0 2 4 7 8 
   0.000130008802954  3141324322  |2 5 6 8 9  |0 2 4 6 7 
   0.000129937940178  1422131434  |1 2 3 7 9  |1 5 7 8 9 
  -0.000129933183618  1233341224  |1 5 7 8 9  |2 3 4 5 9 
   0.000129888981279  2114314414  |0 3 6 7 9  |3 4 6 7 9 
  -0.000129882676377  4343121232  |0 2 5 7 9  |0 1 2 3 8 
   0.000129815930420  4411413142  |0 1 4 8 9  |0 1 4 6 8 
   0.000129648382849  2423414113  |0 1 2 4 6  |1 3 4 6 9 
   0.000129636832546  4234321141  |0 1 3 5 8  |0 2 3 4 8 
   0.000129599877312  3443211241  |1 2 4 7 8  |0 1 2 3 8 
   0.000129598498883  2442311341  |0 1 2 3 8  |1 2 4 7 8 
  -0.000129524487846  4243131232  |0 1 2 7 9  |0 2 3 5 8 
   0.000129446089295  4241231341  |0 1 2 4 8  |0 2 5 7 8 
  -0.000129444917539  2142414313  |0 2 3 4 6  |2 4 6 7 9 
   0.000129237930915  1314244213  |3 4 5 6 7  |1 3 5 6 9 
   0.000129234937771  1214344312  |1 3 5 6 9  |3 4 5 6 7 
  -0.000129234121758  3412121344  |1 3 5 8 9  |0 1 7 8 9 
  -0.000129233624088  2413131244  |0 1 7 8 9  |1 3 5 8 9 
  -0.000129190475336  4231321414  |0 1 5 7 9  |0 2 4 7 9 
  -0.000129190067542  4321231414  |0 2 4 7 9  |0 1 5 7 9 
  -0.000129058864523  4124332141  |0 2 3 6 8  |0 3 4 5 8 
  -0.000128921402278  1414241143  |1 3 4 5 8  |1 3 5 8 9 
  -0.000128917122552  3414124114  |1 3 5 6 9  |0 1 3 6 9 
   0.000128915848577  2414134114  |0 1 3 6 9  |1 3 5 6 9 
  -0.000128906806856  1341442213  |2 4 5 6 7  |1 2 4 5 9 
  -0.000128905942365  1241443312  |1 2 4 5 9  |2 4 5 6 7 
  -0.000128772543653  1443142123  |1 2 5 6 8  |1 2 3 5 9 
  -0.000128723865634  2434214311  |0 1 3 4 6  |1 2 3 6 7 
   0.000128654412248  4221314323  |0 1 2 6 8  |0 4 6 7 9 
   0.000128613434880  2134442131  |0 3 4 5 6  |2 3 4 5 8 
   0.000128612952869  3124443121  |2 3 4 5 8  |0 3 4 5 6 
  -0.000128546958957  2441332114  |0 1 2 6 9  |1 2 4 5 9 
  -0.000128506071190  4231424131  |0 1 4 5 6  |0 2 4 6 8 
   0.000128428943883  4443111214  |0 1 2 7 9  |0 1 2 3 9 
   0.000128427678389  1433234122  |1 4 6 8 9  |1 2 3 5 6 
  -0.000128385018781  4442111314  |0 1 2 3 9  |0 1 2 7 9 
  -0.000128360102939  1244441311  |1 2 3 4 5  |2 3 4 5 7 
   0.000128330387992  1344441211  |2 3 4 5 7  |1 2 3 4 5 
  -0.000128298598266  2114234314  |0 3 4 6 9  |3 5 6 7 9 
  -0.000128269413679  3124341412  |2 3 5 7 9  |0 3 4 5 7 
  -0.000128263634613  3421321414  |1 2 5 7 9  |0 1 4 7 9 
  -0.000128263297556  2431231414  |0 1 4 7 9  |1 2 5 7 9 
  -0.000128070155203  2434131241  |0 1 3 7 8  |1 2 3 5 8 
  -0.000128070122822  3424121341  |1 2 3 5 8  |0 1 3 7 8 
  -0.000128062474333  1424314312  |1 2 3 6 9  |1 3 4 6 7 
  -0.000128062382600  1434214213  |1 3 4 6 7  |1 2 3 6 9 
  -0.000128046404962  4431213214  |0 1 4 7 9  |0 1 2 6 9 
   0.000128042430823  2134441231  |0 3 4 5 7  |2 3 4 5 8 
   0.000127980344815  3224321323  |1 2 3 5 8  |0 3 4 7 9 
  -0.000127934303243  1232141434  |1 3 5 7 9  |2 5 7 8 9 
  -0.000127804915129  1234421431  |1 3 4 5 7  |2 3 4 7 8 
   0.000127675672218  2324341141  |0 2 3 5 8  |1 3 4 5 8 
   0.000127675450687  3234241141  |1 3 4 5 8  |0 2 3 5 8 
  -0.000127639751322  2334124123  |0 3 5 6 8  |1 2 3 6 9 
  -0.000127563706292  3233442112  |1 4 5 6 9  |0 2 3 4 5 
   0.000127436244281  3312424231  |3 4 5 6 7  |0 1 4 6 8 
  -0.000127436128115  2213434321  |0 1 4 6 8  |3 4 5 6 7 
   0.000127428486928  4312212343  |0 3 4 6 8  |0 1 7 8 9 
  -0.000127413523422  3414341221  |1 3 5 7 8  |0 1 3 4 5 
   0.000127078499179  1444123312  |1 2 3 5 9  |1 2 3 6 7 
   0.000127071518589  1444121332  |1 2 3 5 9  |1 2 3 7 8 
   0.000127071036067  1444131223  |1 2 3 7 8  |1 2 3 5 9 
   0.000127069100927  4331213224  |0 4 7 8 9  |0 1 2 6 9 
   0.000127059612496  3122443321  |2 3 4 5 8  |0 4 5 6 7 
   0.000126702213650  3412411432  |1 3 4 7 9  |0 1 4 7 8 
  -0.000126688546393  4243311241  |0 1 2 7 8  |0 2 3 4 8 
  -0.000126686612681  4342211341  |0 2 3 4 8  |0 1 2 7 8 
   0.000126671579037  2243414311  |0 1 2 4 6  |2 3 4 6 7 
   0.000126670640325  3342414211  |2 3 4 6 7  |0 1 2 4 6 
   0.000126633440431  4132224313  |0 3 4 5 6  |0 2 6 7 9 
  -0.000126503593734  4212223333  |0 1 3 4 5  |0 6 7 8 9 
   0.000126366962813  1144144231  |2 3 5 6 7  |2 3 5 6 8 
   0.000126318626603  3342412321  |2 3 4 6 8  |0 1 2 4 7 
  -0.000126318495927  2243413231  |0 1 2 4 7  |2 3 4 6 8 
  -0.000126311035167  4342213231  |0 2 3 4 7  |0 1 2 6 8 
   0.000126309719052  4243312321  |0 1 2 6 8  |0 2 3 4 7 
  -0.000126185025823  4241311234  |0 1 2 7 9  |0 2 4 8 9 
  -0.000126077233226  2244343111  |0 1 2 3 5  |2 3 4 5 6 
   0.000126068469805  3442211134  |1 2 3 4 9  |0 1 2 8 9 
   0.000126066377939  4241311441  |0 1 2 7 8  |0 2 4 7 8 
  -0.000126066322648  4341211441  |0 2 4 7 8  |0 1 2 7 8 
  -0.000126022085854  4341231223  |0 2 4 7 8  |0 1 2 5 9 
   0.000125804941651  4322311342  |0 2 3 8 9  |0 1 4 7 8 
  -0.000125802571343  3223424311  |1 2 4 5 6  |0 3 4 6 7 
   0.000125802545729  2332434211  |0 3 4 6 7  |1 2 4 5 6 
  -0.000125704525428  3344213221  |2 3 4 7 8  |0 1 2 3 6 
  -0.000125561525843  4223114323  |0 1 2 6 8  |0 3 6 7 9 
  -0.000125326782095  2133344122  |0 5 6 8 9  |2 3 4 5 6 
   0.000125320856044  1122244333  |2 3 4 5 6  |5 6 7 8 9 
   0.000125318324276  2221133344  |0 1 2 8 9  |5 6 7 8 9 
  -0.000125314037352  1133344222  |5 6 7 8 9  |2 3 4 5 6 
   0.000125186133789  2324321332  |0 2 3 5 9  |1 3 4 7 8 
   0.000125083116741  3242414131  |1 2 3 4 6  |0 2 4 6 8 
   0.000125069553914  2343414121  |0 2 4 6 8  |1 2 3 4 6 
  -0.000125059376211  4343212141  |0 2 4 6 8  |0 1 2 3 8 
  -0.000125054601471  4331211244  |0 4 7 8 9  |0 1 2 8 9 
  -0.000125050509803  4242313141  |0 1 2 3 8  |0 2 4 6 8 
  -0.000124969662086  2311444141  |0 4 5 6 8  |1 4 5 6 8 
  -0.000124882894782  3213423232  |1 4 5 7 9  |0 3 4 6 8 
   0.000124882370118  4312323232  |0 3 5 7 9  |0 1 4 6 8 
   0.000124882135912  4213232323  |0 1 4 6 8  |0 3 5 7 9 
  -0.000124815766715  2134233232  |0 3 4 7 9  |2 3 5 6 8 
  -0.000124815731982  3141224233  |2 4 5 6 7  |0 2 6 8 9 
  -0.000124814718784  2431223233  |0 1 4 5 7  |1 2 6 8 9 
  -0.000124727704323  3241214143  |1 2 4 6 8  |0 2 6 8 9 
  -0.000124722126013  2341314142  |0 2 6 8 9  |1 2 4 6 8 
  -0.000124711100528  3143224141  |2 4 5 6 8  |0 2 3 6 8 
  -0.000124709365479  2142334141  |0 2 3 6 8  |2 4 5 6 8 
  -0.000124581586817  4341421411  |0 2 4 5 7  |0 1 2 4 7 
   0.000124574108005  4143411412  |0 2 4 7 9  |0 2 3 4 7 
   0.000124404907319  1123142434  |2 5 6 7 9  |3 5 7 8 9 
   0.000124404787270  1132143424  |3 5 7 8 9  |2 5 6 7 9 
  -0.000124195428607  4334322112  |0 3 5 6 9  |0 1 2 3 4 
   0.000124194325223  4224233113  |0 1 2 3 4  |0 3 5 6 9 
   0.000124188996325  2422431133  |0 1 2 3 4  |1 4 5 8 9 
  -0.000124188358993  3433421122  |1 4 5 8 9  |0 1 2 3 4 
  -0.000124093811127  3323342122  |2 5 6 8 9  |0 1 3 4 5 
  -0.000124083391357  3323322124  |2 5 6 8 9  |0 1 3 4 9 
   0.000123888308692  3223441123  |1 2 4 5 8  |0 3 4 5 9 
  -0.000123813244146  2143414312  |0 2 4 6 9  |2 3 4 6 7 
   0.000123809076980  4241331241  |0 1 2 7 8  |0 2 4 5 8 
   0.000123623286078  4431212314  |0 1 4 6 9  |0 1 2 7 9 
  -0.000123619759516  2134441321  |0 3 4 5 8  |2 3 4 5 7 
  -0.000123618820534  3124441231  |2 3 4 5 7  |0 3 4 5 8 
   0.000123596425405  2344212331  |0 2 3 4 6  |1 2 3 7 8 
  -0.000123595681613  3244313221  |1 2 3 7 8  |0 2 3 4 6 
  -0.000123588996802  3442312231  |1 2 3 6 7  |0 1 2 4 8 
  -0.000123471286125  2423232313  |0 1 2 4 6  |1 3 5 7 9 
   0.000123463004630  2324231323  |0 2 3 4 8  |1 3 5 7 9 
   0.000123151769189  1414144123  |1 3 5 6 8  |1 3 5 6 9 
   0.000123053782772  4114234213  |0 3 4 6 7  |0 3 5 6 9 
   0.000123052928713  4114324312  |0 3 5 6 9  |0 3 4 6 7 
  -0.000123047071961  2411431243  |0 1 4 7 8  |1 4 5 8 9 
   0.000123038065741  4411312243  |0 1 6 7 8  |0 1 4 8 9 
   0.000123036859059  4411213342  |0 1 4 8 9  |0 1 6 7 8 
   0.000123017401254  3114434221  |3 4 6 7 8  |0 3 4 5 6 
  -0.000122988998989  1144342411  |2 3 5 6 7  |2 3 4 5 7 
  -0.000122718168941  4321414114  |0 2 4 6 9  |0 1 4 6 9 
  -0.000122668962820  3423223213  |1 2 4 5 7  |0 1 3 6 9 
  -0.000122668809005  2432332312  |0 1 3 6 9  |1 2 4 5 7 
   0.000122663958925  2324331232  |0 2 3 7 9  |1 3 4 5 8 
   0.000122663737720  3234221323  |1 3 4 5 8  |0 2 3 7 9 
   0.000122654354043  3313222234  |4 5 6 7 9  |0 1 3 8 9 
  -0.000122650502988  3143422312  |2 4 5 6 9  |0 2 3 4 7 
  -0.000122650474612  4241231233  |0 1 2 4 7  |0 2 5 8 9 
   0.000122650228444  4341321322  |0 2 5 8 9  |0 1 2 4 7 
   0.000122628317596  3421423321  |1 2 4 5 8  |0 1 4 6 7 
  -0.000122627852634  2431432231  |0 1 4 6 7  |1 2 4 5 8 
   0.000122627727305  4134213223  |0 3 4 7 8  |0 2 3 6 9 
  -0.000122627049352  4124312332  |0 2 3 6 9  |0 3 4 7 8 
  -0.000122557636101  2213333224  |0 1 7 8 9  |3 4 5 6 9 
  -0.000122455553936  4124233312  |0 2 3 4 9  |0 3 5 6 7 
  -0.000122342821555  4114232413  |0 3 4 6 7  |0 3 5 7 9 
  -0.000122334975509  4114323412  |0 3 5 7 9  |0 3 4 6 7 
   0.000122327256279  3411421432  |1 4 5 7 9  |0 1 4 7 8 
   0.000122326542251  2432311243  |0 1 3 7 8  |1 2 4 8 9 
   0.000122324938235  2411431423  |0 1 4 7 8  |1 4 5 7 9 
  -0.000122225593305  2424411313  |0 1 2 3 4  |1 3 4 7 9 
  -0.000122225145812  4434321211  |0 1 3 5 7  |0 1 2 3 4 
  -0.000122224687940  3434411212  |1 3 4 7 9  |0 1 2 3 4 
  -0.000122224086314  4424231311  |0 1 2 3 4  |0 1 3 5 7 
  -0.000122101556709  2323422133  |0 2 4 5 6  |1 3 4 8 9 
  -0.000122083816118  4323233122  |0 2 4 8 9  |0 1 3 5 6 
  -0.000122079666142  1342222333  |2 3 4 5 6  |1 2 7 8 9 
  -0.000122079485629  1243333222  |1 2 7 8 9  |2 3 4 5 6 
   0.000122063554090  3424321411  |1 2 3 5 7  |0 1 3 4 7 
   0.000122061163987  2434231411  |0 1 3 4 7  |1 2 3 5 7 
   0.000122056617258  2434211413  |0 1 3 4 7  |1 2 3 7 9 
   0.000122051406499  3424311412  |1 2 3 7 9  |0 1 3 4 7 
   0.000121946159203  1442413231  |1 2 3 4 7  |1 2 4 6 8 
  -0.000121944757667  4244113231  |0 1 2 3 7  |0 2 3 6 8 
  -0.000121944025019  4344112321  |0 2 3 6 8  |0 1 2 3 7 
  -0.000121942375154  2132434132  |0 3 4 6 9  |2 4 5 6 8 
  -0.000121937210606  4231223143  |0 1 4 5 8  |0 2 6 8 9 
   0.000121935837251  4321332142  |0 2 6 8 9  |0 1 4 5 8 
  -0.000121912310281  4134432121  |0 3 4 6 8  |0 2 3 4 5 
  -0.000121907001793  4124423131  |0 2 3 4 5  |0 3 4 6 8 
  -0.000121906504121  4421413132  |0 1 2 4 9  |0 1 4 6 8 
  -0.000121901841763  4431412123  |0 1 4 6 8  |0 1 2 4 9 
  -0.000121896680493  2134223323  |0 3 4 5 8  |2 3 6 7 9 
   0.000121632799571  2412414331  |0 1 3 4 6  |1 4 6 7 8 
   0.000121631488819  4314312241  |0 3 6 7 8  |0 1 3 4 8 
   0.000121630836723  4214213341  |0 1 3 4 8  |0 3 6 7 8 
   0.000121486702903  2214332314  |0 1 3 6 9  |3 4 5 7 9 
   0.000121416029973  1122443431  |2 3 4 5 7  |4 5 6 7 8 
   0.000121415093732  4221113434  |0 1 2 7 9  |0 6 7 8 9 
   0.000121414651907  4331112424  |0 6 7 8 9  |0 1 2 7 9 
   0.000121279800611  2323232134  |0 2 4 6 9  |1 3 5 8 9 
   0.000121279176954  3232323124  |1 3 5 8 9  |0 2 4 6 9 
   0.000121275152447  2323243123  |0 2 4 5 8  |1 3 5 6 9 
  -0.000121202758723  4423213231  |0 1 2 4 7  |0 1 3 6 8 
  -0.000121200941202  3234412321  |1 3 4 6 8  |0 2 3 4 7 
   0.000121199415618  4432312321  |0 1 3 6 8  |0 1 2 4 7 
   0.000121198430029  2324413231  |0 2 3 4 7  |1 3 4 6 8 
   0.000120796418226  4314411214  |0 3 4 7 9  |0 1 3 4 9 
   0.000120686647414  1213244431  |1 4 5 6 7  |3 5 6 7 8 
  -0.000120686057829  4333322122  |0 5 6 8 9  |0 1 2 3 4 
  -0.000120685593419  4222233133  |0 1 2 3 4  |0 5 6 8 9 
  -0.000120679388664  2222433133  |0 1 2 3 4  |4 5 6 8 9 
  -0.000120679105431  3333422122  |4 5 6 8 9  |0 1 2 3 4 
   0.000120678329901  2144421331  |0 2 3 4 5  |2 3 4 7 8 
   0.000120446141411  3233221342  |1 4 5 8 9  |0 2 3 7 8 
  -0.000120435494455  1434124114  |1 3 5 6 9  |1 2 3 6 9 
   0.000120435220147  1434141142  |1 3 5 8 9  |1 2 3 5 8 
  -0.000120268402411  2412133243  |0 1 3 7 8  |1 5 6 8 9 
  -0.000120087631283  2142334321  |0 2 3 6 8  |2 4 5 6 7 
   0.000119986467464  4312321243  |0 3 5 7 8  |0 1 4 8 9 
   0.000119984440298  3213434212  |1 4 6 7 9  |0 3 4 5 6 
   0.000119976698792  2333221243  |0 4 5 7 8  |1 2 3 8 9 
  -0.000119965110359  2144431321  |0 2 3 4 8  |2 3 4 5 7 
  -0.000119962867616  4441313212  |0 1 2 7 9  |0 1 2 4 6 
  -0.000119961783729  4441212313  |0 1 2 4 6  |0 1 2 7 9 
   0.000119938335688  4144221313  |0 2 3 4 5  |0 2 3 7 9 
  -0.000119937245960  3441421213  |1 2 4 5 7  |0 1 2 4 9 
   0.000119937016048  4144331212  |0 2 3 7 9  |0 2 3 4 5 
  -0.000119936279100  2441431312  |0 1 2 4 9  |1 2 4 5 7 
  -0.000119693062630  3113224423  |4 5 6 7 8  |0 3 6 7 9 
   0.000119691092280  3211223443  |1 4 5 7 8  |0 6 7 8 9 
   0.000119690759437  2112334432  |0 3 6 7 9  |4 5 6 7 8 
  -0.000119686762597  2311332442  |0 6 7 8 9  |1 4 5 7 8 
   0.000119571033776  2132243413  |0 3 4 5 7  |2 5 6 7 9 
   0.000119569478053  2231231434  |0 1 4 7 9  |2 5 7 8 9 
   0.000119483549044  2411434141  |0 1 4 6 8  |1 4 5 6 8 
   0.000119447667198  3142414132  |2 3 4 6 9  |0 2 4 6 8 
   0.000119408873317  4133112424  |0 6 7 8 9  |0 2 3 7 9 
   0.000119404636321  1331442421  |4 5 6 7 8  |1 2 4 5 7 
  -0.000119370434395  4432321141  |0 1 3 5 8  |0 1 2 4 8 
  -0.000119368780084  4423231141  |0 1 2 4 8  |0 1 3 5 8 
  -0.000119362033220  3234414112  |1 3 4 6 9  |0 2 3 4 6 
  -0.000119309150671  2314233142  |0 3 4 8 9  |1 3 5 6 8 
  -0.000119286936876  4321223143  |0 2 4 5 8  |0 1 6 8 9 
   0.000119071287688  4323321142  |0 2 5 8 9  |0 1 3 4 8 
  -0.000119070760644  4232231143  |0 1 3 4 8  |0 2 5 8 9 
  -0.000119066368644  3323424112  |2 4 5 6 9  |0 1 3 4 6 
  -0.000118850900058  2331232144  |0 4 6 8 9  |1 2 5 8 9 
  -0.000118795947672  3413212423  |1 4 6 7 8  |0 1 3 7 9 
  -0.000118794982314  3214223431  |1 3 4 5 7  |0 3 6 7 8 
   0.000118793552946  2412313432  |0 1 3 7 9  |1 4 6 7 8 
   0.000118791799498  2314332421  |0 3 6 7 8  |1 3 4 5 7 
   0.000118784467934  2231234143  |0 1 4 6 8  |2 5 6 8 9 
   0.000118781796780  3123324142  |2 5 6 8 9  |0 3 4 6 8 
  -0.000118781287877  2132234143  |0 3 4 6 8  |2 5 6 8 9 
  -0.000118749153946  3243124114  |1 2 5 6 9  |0 2 3 6 9 
  -0.000118748451609  1243241143  |1 2 4 5 8  |2 3 5 8 9 
  -0.000118660062579  1312424431  |3 4 5 6 7  |1 4 6 7 8 
   0.000118657663097  4312112443  |0 3 6 7 8  |0 1 7 8 9 
  -0.000118657303629  1213434421  |1 4 6 7 8  |3 4 5 6 7 
   0.000118656872409  4213113442  |0 1 7 8 9  |0 3 6 7 8 
  -0.000118610755210  1431141244  |1 5 7 8 9  |1 2 5 8 9 
  -0.000118610506375  1124144314  |2 3 5 6 9  |3 5 6 7 9 
   0.000118590793956  1421141344  |1 2 5 8 9  |1 5 7 8 9 
   0.000118589978976  1134144214  |3 5 6 7 9  |2 3 5 6 9 
   0.000118443498624  3324414112  |2 3 4 6 9  |0 1 3 4 6 
  -0.000118423540516  3113244223  |4 5 6 7 8  |0 3 5 6 9 
  -0.000118169817354  1432241431  |1 3 4 5 7  |1 2 5 7 8 
   0.000118138122799  3224123134  |1 2 3 5 9  |0 3 6 8 9 
  -0.000118134500297  2334132124  |0 3 6 8 9  |1 2 3 5 9 
   0.000118133059113  1433242123  |1 4 5 6 8  |1 2 3 5 9 
  -0.000118128824181  1422343132  |1 2 3 5 9  |1 4 5 6 8 
  -0.000118117163021  2423233213  |0 1 2 4 7  |1 3 5 6 9 
  -0.000118116846653  3432322312  |1 3 5 6 9  |0 1 2 4 7 
   0.000118052990877  4134124123  |0 3 5 6 8  |0 2 3 6 9 
  -0.000118023954827  3232232143  |1 3 4 6 8  |0 2 5 8 9 
   0.000118019432595  2232334123  |0 1 3 6 8  |2 4 5 6 9 
  -0.000117865958048  3443211223  |1 2 4 7 8  |0 1 2 3 9 
   0.000117862378226  2442311332  |0 1 2 3 9  |1 2 4 7 8 
  -0.000117855232267  3244223311  |1 2 3 4 5  |0 2 3 6 7 
   0.000117852465825  2344332211  |0 2 3 6 7  |1 2 3 4 5 
   0.000117742094577  1143224233  |2 4 5 6 7  |2 3 6 8 9 
  -0.000117502808599  1332442213  |3 4 5 6 7  |1 2 4 5 9 
   0.000117501358766  4322121334  |0 2 3 5 9  |0 1 7 8 9 
   0.000117498251362  1223443312  |1 2 4 5 9  |3 4 5 6 7 
  -0.000117497543568  4233131224  |0 1 7 8 9  |0 2 3 5 9 
  -0.000117434021207  4112224333  |0 3 4 5 6  |0 6 7 8 9 
  -0.000117425489164  2344213321  |0 2 3 4 8  |1 2 3 6 7 
   0.000117412334540  1333322422  |5 6 7 8 9  |1 2 3 4 7 
  -0.000117186551314  2114243413  |0 3 4 5 7  |3 5 6 7 9 
  -0.000117183049039  3114342412  |3 5 6 7 9  |0 3 4 5 7 
   0.000117181277196  3411321424  |1 5 7 8 9  |0 1 4 7 9 
   0.000117180632098  2411231434  |0 1 4 7 9  |1 5 7 8 9 
   0.000117138474128  1243434211  |1 2 4 6 7  |2 3 4 5 6 
  -0.000117138312552  4342111243  |0 2 3 7 8  |0 1 2 8 9 
  -0.000117137466352  4243111342  |0 1 2 8 9  |0 2 3 7 8 
  -0.000117062576960  3414213223  |1 3 4 7 8  |0 1 3 6 9 
  -0.000116837964953  1243343221  |1 2 5 7 8  |2 3 4 5 6 
   0.000116837483577  1342242331  |2 3 4 5 6  |1 2 5 7 8 
   0.000116830114024  2243113324  |0 1 2 8 9  |2 3 6 7 9 
  -0.000116829743406  3342112234  |2 3 6 7 9  |0 1 2 8 9 
   0.000116516230608  2333242132  |0 4 5 6 9  |1 2 3 5 8 
  -0.000116438108228  3433122214  |1 5 6 7 9  |0 1 2 3 9 
   0.000116437789390  2422133314  |0 1 2 3 9  |1 5 6 7 9 
   0.000116408602613  4422113143  |0 1 2 3 8  |0 1 6 8 9 
   0.000116407807990  4433112142  |0 1 6 8 9  |0 1 2 3 8 
  -0.000116403158960  1224434131  |1 2 3 4 6  |3 4 5 6 8 
  -0.000116383917152  3322442113  |2 3 4 5 6  |0 1 4 5 9 
  -0.000116342654734  3323122432  |2 5 6 7 9  |0 1 3 7 8 
  -0.000116325306047  1321342414  |2 5 6 7 9  |1 4 5 7 9 
  -0.000116095729418  3221123344  |1 2 5 8 9  |0 6 7 8 9 
   0.000116092322603  1133244223  |4 5 6 7 8  |2 3 5 6 9 
   0.000116091343751  2331132244  |0 6 7 8 9  |1 2 5 8 9 
  -0.000116085533958  1122344332  |2 3 5 6 9  |4 5 6 7 8 
   0.000116043533006  4142423113  |0 2 3 4 5  |0 2 4 6 9 
   0.000116037927478  4143432112  |0 2 4 6 9  |0 2 3 4 5 
  -0.000116031140868  4341421123  |0 2 4 5 8  |0 1 2 4 9 
  -0.000116028005847  4241431132  |0 1 2 4 9  |0 2 4 5 8 
  -0.000115926690082  1343322322  |2 5 6 8 9  |1 2 3 4 7 
   0.000115913114158  4321231441  |0 2 4 7 8  |0 1 5 7 8 
  -0.000115640565611  1314244312  |3 4 5 6 9  |1 3 5 6 7 
   0.000115635524765  3412131244  |1 3 7 8 9  |0 1 5 8 9 
   0.000115510547679  4342233112  |0 2 3 4 9  |0 1 2 5 6 
   0.000115375440485  2131424413  |0 4 5 6 7  |2 4 6 7 9 
   0.000115196711300  3424211341  |1 2 3 4 8  |0 1 3 7 8 
   0.000115195705354  2424314311  |0 1 2 3 6  |1 3 4 6 7 
   0.000115195606524  3434214211  |1 3 4 6 7  |0 1 2 3 6 
   0.000115187897558  3312422413  |3 4 5 6 7  |0 1 4 7 9 
  -0.000115184065033  2213433412  |0 1 4 7 9  |3 4 5 6 7 
  -0.000115179584037  4312221433  |0 3 4 5 7  |0 1 7 8 9 
   0.000115176673889  4213331422  |0 1 7 8 9  |0 3 4 5 7 
  -0.000115131600803  1324424131  |2 3 4 5 6  |1 3 4 6 8 
  -0.000115129641349  1234434121  |1 3 4 6 8  |2 3 4 5 6 
   0.000115128658857  4432112143  |0 1 3 6 8  |0 1 2 8 9 
   0.000115127818028  4423113142  |0 1 2 8 9  |0 1 3 6 8 
   0.000115078962697  2333141242  |0 5 7 8 9  |1 2 3 5 8 
   0.000115011270007  4214131423  |0 1 3 7 8  |0 3 5 7 9 
   0.000115010233747  4314121432  |0 3 5 7 9  |0 1 3 7 8 
  -0.000115003876437  1412432413  |1 3 4 6 7  |1 4 5 7 9 
   0.000114957717728  2243333221  |0 1 2 7 8  |2 3 4 5 6 
   0.000114957458751  3342222331  |2 3 4 5 6  |0 1 2 7 8 
  -0.000114956695605  2243313322  |0 1 2 8 9  |2 3 4 6 7 
  -0.000114956248441  3342212233  |2 3 4 6 7  |0 1 2 8 9 
  -0.000114887256620  4312232233  |0 3 4 6 7  |0 1 5 8 9 
   0.000114884977480  2213433223  |0 1 4 7 8  |3 4 5 6 9 
   0.000114884763627  3312422332  |3 4 5 6 9  |0 1 4 7 8 
  -0.000114852732373  3413212414  |1 4 6 7 9  |0 1 3 7 9 
   0.000114809459094  4322114332  |0 2 3 6 9  |0 1 6 7 8 
  -0.000114710063634  3123124414  |2 5 6 7 9  |0 3 6 7 9 
   0.000114471658676  4214413132  |0 1 3 4 9  |0 3 4 6 8 
   0.000114470375363  4314412123  |0 3 4 6 8  |0 1 3 4 9 
   0.000114467116987  4412423131  |0 1 3 4 5  |0 1 4 6 8 
  -0.000114031449086  3221443321  |1 2 4 5 8  |0 4 5 6 7 
   0.000113997110530  1412124334  |1 3 5 6 9  |1 6 7 8 9 
   0.000113996220517  1214143342  |1 3 5 8 9  |3 5 6 7 8 
  -0.000113971884426  1223423431  |1 2 4 5 7  |3 4 6 7 8 
   0.000113966567745  4322113432  |0 2 3 7 9  |0 1 6 7 8 
  -0.000113918971657  1433432122  |1 4 6 8 9  |1 2 3 4 5 
  -0.000113879313749  4212314134  |0 1 3 6 9  |0 4 6 8 9 
   0.000113878950381  2313442141  |0 4 5 6 8  |1 3 4 5 8 
   0.000113795131062  4414321123  |0 1 3 5 8  |0 1 3 4 9 
   0.000113793353513  2342133223  |0 2 3 7 8  |1 2 5 6 9 
  -0.000113666227959  1241432323  |1 2 4 6 8  |2 4 5 7 9 
   0.000113661928349  4143123232  |0 2 5 7 9  |0 2 3 6 8 
  -0.000113653405171  1223434123  |1 2 4 6 8  |3 4 5 6 9 
  -0.000113650130741  4341231322  |0 2 4 8 9  |0 1 2 5 7 
   0.000113641298912  2214414331  |0 1 3 4 6  |3 4 6 7 8 
   0.000113635739291  4412213341  |0 1 3 4 8  |0 1 6 7 8 
  -0.000113553711623  2324243131  |0 2 3 4 5  |1 3 5 6 8 
   0.000113544089531  2423213134  |0 1 2 4 9  |1 3 6 8 9 
  -0.000113543863737  3432312124  |1 3 6 8 9  |0 1 2 4 9 
  -0.000113483044413  3224414131  |1 2 3 4 6  |0 3 4 6 8 
  -0.000113478658801  2334414121  |0 3 4 6 8  |1 2 3 4 6 
   0.000113451798830  4433212141  |0 1 4 6 8  |0 1 2 3 8 
   0.000113448089769  4422313141  |0 1 2 3 8  |0 1 4 6 8 
   0.000113332750366  4311412423  |0 4 6 7 8  |0 1 4 7 9 
   0.000113328101639  4211413432  |0 1 4 7 9  |0 4 6 7 8 
   0.000113324851669  4112423431  |0 3 4 5 7  |0 4 6 7 8 
  -0.000113308390221  4332222133  |0 3 4 5 6  |0 1 2 8 9 
  -0.000113307855569  4223333122  |0 1 2 8 9  |0 3 4 5 6 
  -0.000113297382301  3322422133  |2 3 4 5 6  |0 1 4 8 9 
  -0.000113297043219  2233433122  |0 1 4 8 9  |2 3 4 5 6 
  -0.000113238176435  1321242343  |2 4 5 6 8  |1 5 7 8 9 
   0.000113234606976  3132124234  |3 5 6 7 9  |0 2 6 8 9 
  -0.000113232619226  2123134324  |0 2 6 8 9  |3 5 6 7 9 
   0.000113232305030  1231343242  |1 5 7 8 9  |2 4 5 6 8 
  -0.000113180892856  2143233232  |0 2 4 7 9  |2 3 5 6 8 
   0.000113179477698  3241332322  |1 2 6 8 9  |0 2 4 5 7 
   0.000113118703774  2432314141  |0 1 3 6 8  |1 2 4 6 8 
  -0.000113037054862  4432321411  |0 1 3 5 7  |0 1 2 4 7 
   0.000112898822033  1323224413  |2 4 5 6 7  |1 3 6 7 9 
  -0.000112881544902  4112433421  |0 3 4 7 8  |0 4 5 6 7 
   0.000112868568267  3143242321  |2 4 5 6 8  |0 2 3 5 7 
   0.000112813793373  2414131243  |0 1 3 7 8  |1 3 5 8 9 
   0.000112813702208  3414121342  |1 3 5 8 9  |0 1 3 7 8 
  -0.000112812510004  1414324312  |1 3 5 6 9  |1 3 4 6 7 
  -0.000112739814927  1342242133  |2 3 4 5 6  |1 2 5 8 9 
  -0.000112730922254  3342122134  |2 3 5 6 9  |0 1 2 8 9 
   0.000112729437995  1243343122  |1 2 5 8 9  |2 3 4 5 6 
   0.000112718761194  2243133124  |0 1 2 8 9  |2 3 5 6 9 
  -0.000112643272099  1231243243  |1 4 5 7 8  |2 5 6 8 9 
   0.000112640688482  3123124324  |2 5 6 8 9  |0 3 6 7 9 
  -0.000112638727098  2132134234  |0 3 6 7 9  |2 5 6 8 9 
  -0.000112636843696  3222113344  |1 2 3 8 9  |0 6 7 8 9 
  -0.000112466359786  4311312424  |0 6 7 8 9  |0 1 4 7 9 
  -0.000112465319946  4211213434  |0 1 4 7 9  |0 6 7 8 9 
  -0.000112464220472  2112443431  |0 3 4 5 7  |4 5 6 7 8 
  -0.000112461052269  3113442421  |4 5 6 7 8  |0 3 4 5 7 
  -0.000112409100128  2241414331  |0 1 2 4 6  |2 4 6 7 8 
   0.000112407215344  3433222213  |1 4 5 6 7  |0 1 2 3 9 
   0.000112406989590  2422333312  |0 1 2 3 9  |1 4 5 6 7 
  -0.000112206865226  3243121414  |1 2 5 7 9  |0 2 3 7 9 
  -0.000112200590266  1243241413  |1 2 4 5 7  |2 3 5 7 9 
  -0.000112199520394  1342341412  |2 3 5 7 9  |1 2 4 5 7 
  -0.000112192160233  3224124133  |1 2 3 5 6  |0 3 6 8 9 
  -0.000112188963500  2312343232  |0 3 5 7 9  |1 4 5 6 8 
   0.000112185704034  3213223234  |1 4 5 7 9  |0 3 6 8 9 
   0.000112100551640  4144211413  |0 2 3 4 7  |0 2 3 7 9 
   0.000112099212540  3441421411  |1 2 4 5 7  |0 1 2 4 7 
  -0.000112097440733  2441431411  |0 1 2 4 7  |1 2 4 5 7 
  -0.000112096896536  4144311412  |0 2 3 7 9  |0 2 3 4 7 
   0.000112087707355  2224343311  |0 1 2 3 5  |3 4 5 6 7 
  -0.000112087310068  3334242211  |3 4 5 6 7  |0 1 2 3 5 
   0.000112026223147  2231331442  |0 1 7 8 9  |2 4 5 7 8 
  -0.000112025060498  3321221443  |2 4 5 7 8  |0 1 7 8 9 
   0.000112022519200  2123334412  |0 2 6 7 9  |3 4 5 6 7 
  -0.000112022127710  3132224413  |3 4 5 6 7  |0 2 6 7 9 
  -0.000112004415999  3314232223  |3 4 6 7 8  |0 1 3 5 9 
   0.000111888869757  3223324114  |1 2 5 6 9  |0 3 4 6 9 
  -0.000111888560455  2332234114  |0 3 4 6 9  |1 2 5 6 9 
   0.000111871839138  2423321413  |0 1 2 5 7  |1 3 4 7 9 
  -0.000111869357366  1134434221  |3 4 6 7 8  |2 3 4 5 6 
   0.000111746112645  1342424131  |2 3 4 5 6  |1 2 4 6 8 
  -0.000111743056418  4342112143  |0 2 3 6 8  |0 1 2 8 9 
  -0.000111740915695  4243113142  |0 1 2 8 9  |0 2 3 6 8 
   0.000111739499531  1243434121  |1 2 4 6 8  |2 3 4 5 6 
   0.000111721016466  1244232331  |1 2 3 4 6  |2 3 5 7 8 
   0.000111546841429  4131413242  |0 4 7 8 9  |0 2 4 6 8 
  -0.000111500074498  3222423133  |1 2 3 4 5  |0 4 6 8 9 
  -0.000111499825535  2333432122  |0 4 6 8 9  |1 2 3 4 5 
  -0.000111496416441  4333222123  |0 4 5 6 8  |0 1 2 3 9 
  -0.000111472615491  2423214133  |0 1 2 4 6  |1 3 6 8 9 
   0.000111467232950  3234322141  |1 3 5 6 8  |0 2 3 4 8 
   0.000111319335124  4421431123  |0 1 2 4 8  |0 1 4 5 9 
   0.000111317879656  4431421132  |0 1 4 5 9  |0 1 2 4 8 
  -0.000111309664481  4134423112  |0 3 4 5 9  |0 2 3 4 6 
  -0.000111307488199  4124432113  |0 2 3 4 6  |0 3 4 5 9 
   0.000111217915006  4113442411  |0 4 5 6 7  |0 3 4 5 7 
  -0.000110934212727  1341141424  |2 5 7 8 9  |1 2 5 7 9 
   0.000110931193823  1343222332  |2 4 5 6 9  |1 2 3 7 8 
  -0.000110812367625  1221243343  |1 2 4 5 8  |5 6 7 8 9 
   0.000110812252423  3133124224  |5 6 7 8 9  |0 2 3 6 9 
  -0.000110810307469  2122134334  |0 2 3 6 9  |5 6 7 8 9 
   0.000110806203282  1331342242  |5 6 7 8 9  |1 2 4 5 8 
   0.000110786339080  3422412313  |1 2 3 4 6  |0 1 4 7 9 
  -0.000110784506760  2433413212  |0 1 4 7 9  |1 2 3 4 6 
   0.000110780765219  4223433211  |0 1 2 4 7  |0 3 4 5 6 
  -0.000110780529396  4332422311  |0 3 4 5 6  |0 1 2 4 7 
  -0.000110778817049  4334221231  |0 3 4 5 7  |0 1 2 3 8 
   0.000110776594810  4224331321  |0 1 2 3 8  |0 3 4 5 7 
  -0.000110771749813  4233411322  |0 1 4 8 9  |0 2 3 4 7 
   0.000110771735591  4322411233  |0 2 3 4 7  |0 1 4 8 9 
   0.000110556282878  4342211233  |0 2 3 4 7  |0 1 2 8 9 
  -0.000110547118050  4243311322  |0 1 2 8 9  |0 2 3 4 7 
   0.000110541320113  4321214314  |0 2 4 6 9  |0 1 6 7 9 
   0.000110537173907  2123441341  |0 2 4 5 8  |3 4 5 7 8 
   0.000110529993158  3342422311  |2 3 4 5 6  |0 1 2 4 7 
  -0.000110520571723  2243433211  |0 1 2 4 7  |2 3 4 5 6 
  -0.000110500473344  2242313332  |0 1 2 3 9  |2 4 6 7 8 
  -0.000110500046187  3343212223  |2 4 6 7 8  |0 1 2 3 9 
   0.000110495778391  2343332221  |0 2 6 7 8  |1 2 3 4 5 
   0.000110495594668  3242223331  |1 2 3 4 5  |0 2 6 7 8 
  -0.000110465666622  2114234233  |0 3 4 6 7  |3 5 6 8 9 
   0.000110465507944  2411233243  |0 1 4 7 8  |1 5 6 8 9 
   0.000110465245605  3114324322  |3 5 6 8 9  |0 3 4 6 7 
  -0.000110409885570  4112324332  |0 3 5 6 9  |0 4 6 7 8 
   0.000110406488251  3211423342  |1 4 5 8 9  |0 4 6 7 8 
  -0.000110398169533  2344411312  |0 2 3 4 9  |1 2 3 4 7 
  -0.000110302787421  2243213323  |0 1 2 4 8  |2 3 6 7 9 
  -0.000110302283426  3342312232  |2 3 6 7 9  |0 1 2 4 8 
   0.000110301034994  3243323221  |1 2 5 7 8  |0 2 3 4 6 
   0.000110300769199  2342232331  |0 2 3 4 6  |1 2 5 7 8 
  -0.000110192101241  2312232334  |0 3 4 6 9  |1 5 7 8 9 
   0.000110191778989  2213243323  |0 1 4 5 8  |3 5 6 7 9 
  -0.000110163098173  1323241342  |2 4 5 8 9  |1 3 5 7 8 
  -0.000110161349089  3232134214  |1 3 6 7 9  |0 2 5 6 9 
  -0.000110132713784  4322312431  |0 2 3 6 7  |0 1 4 7 8 
   0.000110132664182  4233213421  |0 1 4 7 8  |0 2 3 6 7 
  -0.000110131700221  2332412431  |0 3 4 6 7  |1 2 4 7 8 
   0.000110028320928  4114334212  |0 3 6 7 9  |0 3 4 5 6 
   0.000110027467812  4114224313  |0 3 4 5 6  |0 3 6 7 9 
  -0.000110025102157  2411431342  |0 1 4 8 9  |1 4 5 7 8 
   0.000109996951596  4313211424  |0 4 7 8 9  |0 1 3 7 9 
   0.000109990632987  4311414214  |0 4 6 7 9  |0 1 4 6 9 
  -0.000109957119000  2144332132  |0 2 3 6 9  |2 3 4 5 8 
   0.000109956696672  3144223123  |2 3 4 5 8  |0 2 3 6 9 
  -0.000109949591654  2441332132  |0 1 2 6 9  |1 2 4 5 8 
   0.000109913502132  3144322321  |2 3 5 6 8  |0 2 3 4 7 
  -0.000109913396489  2144233231  |0 2 3 4 7  |2 3 5 6 8 
  -0.000109903141789  2441213233  |0 1 2 4 7  |1 2 6 8 9 
   0.000109902858150  3441312322  |1 2 6 8 9  |0 1 2 4 7 
  -0.000109837135366  3341422312  |2 4 5 6 9  |0 1 2 4 7 
   0.000109837048248  4143321322  |0 2 5 8 9  |0 2 3 4 7 
   0.000109836785786  2241433213  |0 1 2 4 7  |2 4 5 6 9 
  -0.000109782064732  1434324121  |1 3 5 6 8  |1 2 3 4 6 
   0.000109647502994  3434212411  |1 3 4 6 7  |0 1 2 3 7 
   0.000109646652599  2424313411  |0 1 2 3 7  |1 3 4 6 7 
  -0.000109642256554  1224344311  |1 2 3 5 6  |3 4 5 6 7 
  -0.000109641362991  1334244211  |3 4 5 6 7  |1 2 3 5 6 
  -0.000109608287754  4423231312  |0 1 2 4 9  |0 1 3 5 7 
   0.000109595443449  2144214331  |0 2 3 4 6  |2 3 6 7 8 
   0.000109592553507  2441213341  |0 1 2 4 8  |1 2 6 7 8 
   0.000109527290647  2441432311  |0 1 2 4 6  |1 2 4 5 7 
   0.000109526713775  3441423211  |1 2 4 5 7  |0 1 2 4 6 
   0.000109526442084  4144311232  |0 2 3 7 9  |0 2 3 4 8 
   0.000109525626744  4144211323  |0 2 3 4 8  |0 2 3 7 9 
  -0.000109512696354  1343222323  |2 4 5 6 8  |1 2 3 7 9 
  -0.000109512514982  1242333232  |1 2 3 7 9  |2 4 5 6 8 
   0.000109431314347  3234124123  |1 3 5 6 8  |0 2 3 6 9 
  -0.000109430905613  2324134132  |0 2 3 6 9  |1 3 5 6 8 
  -0.000109413469742  2413232233  |0 1 4 6 7  |1 3 5 8 9 
   0.000109400887509  2314233223  |0 3 4 7 8  |1 3 5 6 9 
  -0.000109386608372  4121234143  |0 2 4 6 8  |0 5 6 8 9 
   0.000109312692370  2314242313  |0 3 4 5 6  |1 3 5 7 9 
  -0.000109312631908  3214343212  |1 3 5 7 9  |0 3 4 5 6 
   0.000109311340499  3412321234  |1 3 5 7 9  |0 1 4 8 9 
  -0.000109311226561  2413231324  |0 1 4 8 9  |1 3 5 7 9 
   0.000109269991144  2441341132  |0 1 2 5 9  |1 2 4 5 8 
  -0.000109255363436  4314321214  |0 3 5 7 9  |0 1 3 4 9 
  -0.000109254603054  4214231314  |0 1 3 4 9  |0 3 5 7 9 
  -0.000109231328079  2342213134  |0 2 3 4 9  |1 2 6 8 9 
  -0.000109162574351  2141234332  |0 2 4 6 9  |2 5 6 7 8 
  -0.000109161005403  3141332242  |2 6 7 8 9  |0 2 4 5 8 
  -0.000109122006241  4142432113  |0 2 3 4 6  |0 2 4 5 9 
  -0.000109116325509  4143423112  |0 2 4 5 9  |0 2 3 4 6 
   0.000109115033400  2241232333  |0 1 2 4 6  |2 5 7 8 9 
   0.000109114300852  3341323222  |2 5 7 8 9  |0 1 2 4 6 
   0.000109109483442  4341421132  |0 2 4 5 9  |0 1 2 4 8 
   0.000109106573247  4241431123  |0 1 2 4 8  |0 2 4 5 9 
   0.000109080484637  2144232331  |0 2 3 4 6  |2 3 5 7 8 
  -0.000109080442715  3441312232  |1 2 6 7 9  |0 1 2 4 8 
  -0.000109024424104  4132424311  |0 3 4 5 6  |0 2 4 6 7 
  -0.000109023037662  4321411243  |0 2 4 7 8  |0 1 4 8 9 
  -0.000109022971924  4231411342  |0 1 4 8 9  |0 2 4 7 8 
   0.000109009130453  3411432412  |1 4 6 7 9  |0 1 4 5 7 
   0.000108931367237  1113442423  |4 5 6 7 8  |3 4 5 7 9 
   0.000108899153035  3212423332  |1 3 4 5 9  |0 4 6 7 8 
   0.000108802240862  3422213431  |1 2 3 4 7  |0 1 6 7 8 
   0.000108798453109  2411332324  |0 1 6 8 9  |1 4 5 7 9 
   0.000108798211250  3114242323  |3 4 5 6 8  |0 3 5 7 9 
   0.000108672355286  4142321332  |0 2 3 5 9  |0 2 4 7 8 
  -0.000108671621881  3241423312  |1 2 4 5 9  |0 2 4 6 7 
   0.000108671400137  2341432213  |0 2 4 6 7  |1 2 4 5 9 
  -0.000108584037362  3243211432  |1 2 4 7 9  |0 2 3 7 8 
   0.000108485103971  3121143244  |2 5 7 8 9  |0 5 6 8 9 
  -0.000108450269833  4344322111  |0 2 3 5 6  |0 1 2 3 4 
  -0.000108449753752  4244233111  |0 1 2 3 4  |0 2 3 5 6 
   0.000108443416740  2442411133  |0 1 2 3 4  |1 2 4 8 9 
   0.000108442396557  3443411122  |1 2 4 8 9  |0 1 2 3 4 
  -0.000108434709382  3322242133  |2 3 4 5 6  |0 1 5 8 9 
  -0.000108427833373  4124331232  |0 2 3 7 9  |0 3 4 5 8 
  -0.000108422130154  3421423213  |1 2 4 5 7  |0 1 4 6 9 
   0.000108421920682  2431432312  |0 1 4 6 9  |1 2 4 5 7 
   0.000108346786327  1134124234  |3 5 6 7 9  |2 3 6 8 9 
   0.000108337809311  1123244323  |2 4 5 6 8  |3 5 6 7 9 
  -0.000108332005790  3231123244  |1 5 7 8 9  |0 2 6 8 9 
  -0.000108331247193  1132344232  |3 5 6 7 9  |2 4 5 6 8 
   0.000108327369420  2321132344  |0 2 6 8 9  |1 5 7 8 9 
  -0.000108315220741  1421443123  |1 2 4 5 8  |1 4 5 6 9 
   0.000108134343208  2242113334  |0 1 2 3 9  |2 6 7 8 9 
  -0.000108133934532  3343112224  |2 6 7 8 9  |0 1 2 3 9 
  -0.000107867489568  4312411342  |0 3 4 8 9  |0 1 4 7 8 
  -0.000107839543470  2141243143  |0 2 4 5 8  |2 5 6 8 9 
  -0.000107837487001  2134323421  |0 3 5 7 8  |2 3 4 6 7 
   0.000107837258989  3124232431  |2 3 4 6 7  |0 3 5 7 8 
   0.000107837211527  3141324124  |2 5 6 8 9  |0 2 4 6 9 
   0.000107836628032  2141234134  |0 2 4 6 9  |2 5 6 8 9 
  -0.000107836200280  3141342142  |2 5 6 8 9  |0 2 4 5 8 
  -0.000107833410176  2421313423  |0 1 2 7 8  |1 4 6 7 9 
   0.000107785155527  1423214233  |1 2 4 6 7  |1 3 6 8 9 
  -0.000107546689431  4323321124  |0 2 5 8 9  |0 1 3 4 9 
   0.000107546429512  4232231134  |0 1 3 4 9  |0 2 5 8 9 
  -0.000107476988014  3412121443  |1 3 5 7 8  |0 1 7 8 9 
  -0.000107476553471  2413131442  |0 1 7 8 9  |1 3 5 7 8 
  -0.000107470900356  1314224413  |3 4 5 6 7  |1 3 6 7 9 
  -0.000107359337657  2233243123  |0 1 4 5 8  |2 3 5 6 9 
  -0.000107351693749  2332232134  |0 3 4 6 9  |1 2 5 8 9 
  -0.000107345325957  1412433241  |1 3 4 7 8  |1 4 5 6 8 
   0.000107285003107  1322442133  |2 3 4 5 6  |1 4 5 8 9 
  -0.000107284546208  1233443122  |1 4 5 8 9  |2 3 4 5 6 
  -0.000107214349438  4323311224  |0 2 7 8 9  |0 1 3 4 9 
   0.000107213984355  4232211334  |0 1 3 4 9  |0 2 7 8 9 
   0.000107206736395  2113114444  |0 6 7 8 9  |3 6 7 8 9 
  -0.000107204157628  1311244441  |4 5 6 7 8  |1 5 6 7 8 
  -0.000107180868749  1324232413  |2 3 4 6 7  |1 3 5 7 9 
  -0.000107179259994  2423131423  |0 1 2 7 8  |1 3 5 7 9 
   0.000107179205742  3432121432  |1 3 5 7 9  |0 1 2 7 8 
   0.000107079961558  3122314432  |2 3 6 7 9  |0 4 6 7 8 
  -0.000106821270405  3214243213  |1 3 4 5 7  |0 3 5 6 9 
   0.000106790021380  4341214213  |0 2 4 6 7  |0 1 2 6 9 
   0.000106706014660  3432212134  |1 3 4 6 9  |0 1 2 8 9 
  -0.000106649782057  2141314342  |0 2 6 8 9  |2 4 6 7 8 
  -0.000106566293789  3141214144  |2 4 6 8 9  |0 2 6 8 9 
  -0.000106336671928  2321331424  |0 2 7 8 9  |1 4 5 7 9 
  -0.000106172630988  3123443221  |2 4 5 7 8  |0 3 4 5 6 
  -0.000106168711772  4231213324  |0 1 4 8 9  |0 2 6 7 9 
  -0.000106063436721  1333144222  |5 6 7 8 9  |1 2 3 5 6 
   0.000105986046399  2133214414  |0 4 6 7 9  |2 3 6 7 9 
  -0.000105948304771  2423331241  |0 1 2 7 8  |1 3 4 5 8 
   0.000105947384269  3432221341  |1 3 4 5 8  |0 1 2 7 8 
  -0.000105922794927  2234314312  |0 1 3 6 9  |2 3 4 6 7 
   0.000105921927130  3324214213  |2 3 4 6 7  |0 1 3 6 9 
   0.000105901239131  2423113414  |0 1 2 7 9  |1 3 6 7 9 
  -0.000105894010955  1234341421  |1 3 5 7 8  |2 3 4 5 7 
   0.000105882772008  3232231243  |1 3 4 7 8  |0 2 5 8 9 
  -0.000105718681231  1242143332  |1 2 3 5 9  |2 5 6 7 8 
  -0.000105714974616  3343122214  |2 5 6 7 9  |0 1 2 3 9 
  -0.000105713773345  1242241333  |1 2 3 4 5  |2 5 7 8 9 
   0.000105710945549  2242133314  |0 1 2 3 9  |2 5 6 7 9 
   0.000105709646778  1343341222  |2 5 7 8 9  |1 2 3 4 5 
  -0.000105480016464  2412132343  |0 1 3 6 8  |1 5 7 8 9 
   0.000105479929889  3413123242  |1 5 7 8 9  |0 1 3 6 8 
   0.000105345510896  1432143142  |1 3 5 8 9  |1 2 5 6 8 
   0.000105094762854  4323121324  |0 2 5 8 9  |0 1 3 7 9 
  -0.000105091445428  1232443213  |1 3 4 5 7  |2 4 5 6 9 
  -0.000105090855175  4232131234  |0 1 3 7 9  |0 2 5 8 9 
   0.000105087121000  1323442312  |2 4 5 6 9  |1 3 4 5 7 
  -0.000105045575341  4241113414  |0 1 2 7 9  |0 2 6 7 9 
   0.000105044523879  1143441421  |2 4 5 7 8  |2 3 4 5 7 
   0.000104921193062  1222333432  |1 2 3 7 9  |4 5 6 7 8 
  -0.000104907654194  2244321133  |0 1 2 3 5  |2 3 4 8 9 
   0.000104906151584  3344231122  |2 3 4 8 9  |0 1 2 3 5 
   0.000104905952622  4432321321  |0 1 3 5 8  |0 1 2 4 7 
  -0.000104891413720  4131213442  |0 4 7 8 9  |0 2 6 7 8 
  -0.000104861145198  3442233112  |1 2 3 4 9  |0 1 2 5 6 
  -0.000104859381898  1424414131  |1 2 3 4 6  |1 3 4 6 8 
   0.000104858378525  1434414121  |1 3 4 6 8  |1 2 3 4 6 
   0.000104857184949  1243234321  |1 2 4 6 8  |2 3 5 6 7 
   0.000104856611938  4434112141  |0 1 3 6 8  |0 1 2 3 8 
  -0.000104855392059  4424113141  |0 1 2 3 8  |0 1 3 6 8 
  -0.000104853641184  1222343134  |1 2 3 5 9  |4 5 6 8 9 
  -0.000104739699409  4214331232  |0 1 3 7 9  |0 3 4 5 8 
   0.000104739686540  1442232331  |1 2 3 4 6  |1 2 5 7 8 
   0.000104739390396  4314221323  |0 3 4 5 8  |0 1 3 7 9 
  -0.000104732556302  2413432312  |0 1 4 6 9  |1 3 4 5 7 
   0.000104732019189  3412423213  |1 3 4 5 7  |0 1 4 6 9 
  -0.000104619362180  2434411132  |0 1 3 4 9  |1 2 3 4 8 
   0.000104564531534  4342121233  |0 2 3 5 7  |0 1 2 8 9 
  -0.000104487929739  4413422131  |0 1 4 5 6  |0 1 3 4 8 
  -0.000104487897548  4412433121  |0 1 3 4 8  |0 1 4 5 6 
  -0.000104487802136  4214412133  |0 1 3 4 6  |0 3 4 8 9 
  -0.000104408058272  3423321241  |1 2 5 7 8  |0 1 3 4 8 
   0.000104406969175  2432231341  |0 1 3 4 8  |1 2 5 7 8 
  -0.000104371382116  2234214313  |0 1 3 4 6  |2 3 6 7 9 
   0.000104370441036  3324314212  |2 3 6 7 9  |0 1 3 4 6 
  -0.000104323034116  3441311224  |1 2 7 8 9  |0 1 2 4 9 
   0.000104205250705  1142234332  |2 3 4 6 9  |2 5 6 7 8 
   0.000103944863458  3422123314  |1 2 3 5 9  |0 1 6 7 9 
  -0.000103889708834  4322411413  |0 2 3 4 7  |0 1 4 7 9 
  -0.000103885296875  4233411412  |0 1 4 7 9  |0 2 3 4 7 
  -0.000103881775549  4332421411  |0 3 4 5 7  |0 1 2 4 7 
  -0.000103878559845  4223431411  |0 1 2 4 7  |0 3 4 5 7 
  -0.000103844685974  2211433243  |0 1 4 7 8  |4 5 6 8 9 
   0.000103842780956  4112234233  |0 3 4 6 7  |0 5 6 8 9 
  -0.000103842713208  4113324322  |0 5 6 8 9  |0 3 4 6 7 
   0.000103836023789  1332224413  |3 4 5 6 7  |1 2 6 7 9 
   0.000103835162054  3322121443  |2 3 5 7 8  |0 1 7 8 9 
   0.000103745542460  1242343231  |1 2 3 5 7  |2 4 5 6 8 
  -0.000103744755502  4222133134  |0 1 2 3 9  |0 5 6 8 9 
  -0.000103744406636  1343242321  |2 4 5 6 8  |1 2 3 5 7 
  -0.000103544669525  4211214343  |0 1 4 6 8  |0 6 7 8 9 
  -0.000103509067873  2132214433  |0 3 4 6 7  |2 6 7 8 9 
  -0.000103486655780  3444111142  |1 2 3 8 9  |0 1 2 3 8 
   0.000103469588856  1444324111  |1 2 3 5 6  |1 2 3 4 6 
  -0.000103454532510  2313234142  |0 4 6 8 9  |1 3 5 6 8 
  -0.000103418705282  3144341212  |2 3 5 7 9  |0 2 3 4 5 
  -0.000103418388651  2144241313  |0 2 3 4 5  |2 3 5 7 9 
   0.000103412770721  2441231314  |0 1 2 4 9  |1 2 5 7 9 
   0.000103400113769  4321413322  |0 2 4 8 9  |0 1 4 6 7 
  -0.000103356751681  1213243324  |1 4 5 8 9  |3 5 6 7 9 
  -0.000103117167999  4423213312  |0 1 2 4 9  |0 1 3 6 7 
   0.000103116022253  4432312213  |0 1 3 6 7  |0 1 2 4 9 
   0.000103112702191  3234431221  |1 3 4 7 8  |0 2 3 4 5 
  -0.000103111370693  2324421331  |0 2 3 4 5  |1 3 4 7 8 
   0.000103062992625  3334221214  |3 4 5 7 9  |0 1 2 3 9 
   0.000103061497406  3422241313  |1 2 3 4 5  |0 1 5 7 9 
  -0.000102772835927  1243243123  |1 2 4 5 8  |2 3 5 6 9 
  -0.000102770701996  3243123124  |1 2 5 8 9  |0 2 3 6 9 
   0.000102762372401  1342342132  |2 3 5 6 9  |1 2 4 5 8 
   0.000102759549424  2342132134  |0 2 3 6 9  |1 2 5 8 9 
   0.000102670536686  2411323342  |0 1 5 8 9  |1 4 6 7 8 
   0.000102670294172  2114334223  |0 3 6 7 8  |3 4 5 6 9 
  -0.000102668424678  3411232243  |1 4 6 7 8  |0 1 5 8 9 
  -0.000102662198240  1112344342  |3 5 6 8 9  |4 5 6 7 8 
   0.000102642380802  2432131432  |0 1 3 7 9  |1 2 5 7 8 
   0.000102639611350  1234223413  |1 3 4 5 7  |2 3 6 7 9 
  -0.000102553595222  2414213233  |0 1 3 4 7  |1 3 6 8 9 
   0.000102552966748  3414312322  |1 3 6 8 9  |0 1 3 4 7 
  -0.000102548299495  2414233231  |0 1 3 4 7  |1 3 5 6 8 
   0.000102523269442  1444323211  |1 2 3 5 7  |1 2 3 4 6 
   0.000102520666893  1444232311  |1 2 3 4 6  |1 2 3 5 7 
   0.000102507887324  2444111323  |0 1 2 3 8  |1 2 3 7 9 
   0.000102506628829  3444111232  |1 2 3 7 9  |0 1 2 3 8 
   0.000102460838676  4411413412  |0 1 4 7 9  |0 1 4 6 7 
  -0.000102247662582  3142124143  |2 3 5 6 8  |0 2 6 8 9 
  -0.000102247415717  1341224143  |2 4 5 6 8  |1 2 6 8 9 
  -0.000102247226217  2143134142  |0 2 6 8 9  |2 3 5 6 8 
  -0.000102244548018  1241334142  |1 2 6 8 9  |2 4 5 6 8 
   0.000102194921341  4432113232  |0 1 3 7 9  |0 1 2 6 8 
  -0.000102193973718  1234423231  |1 3 4 5 7  |2 3 4 6 8 
   0.000102193444686  1324432321  |2 3 4 6 8  |1 3 4 5 7 
  -0.000102038155086  2433214141  |0 1 4 6 8  |1 2 3 6 8 
  -0.000102032594658  4322411332  |0 2 3 4 9  |0 1 4 7 8 
   0.000102031636309  4233411223  |0 1 4 7 8  |0 2 3 4 9 
  -0.000102025757666  4223423311  |0 1 2 4 5  |0 3 4 6 7 
   0.000101996870469  1414441114  |1 3 4 5 9  |1 3 4 5 9 
   0.000101951252320  3422112334  |1 2 3 6 9  |0 1 7 8 9 
  -0.000101948064582  2433113224  |0 1 7 8 9  |1 2 3 6 9 
   0.000101942376066  1334242231  |3 4 5 6 7  |1 2 3 5 8 
  -0.000101914822404  4311214144  |0 4 6 8 9  |0 1 6 8 9 
  -0.000101905194946  4243312141  |0 1 2 6 8  |0 2 3 4 8 
  -0.000101902509013  4342213141  |0 2 3 4 8  |0 1 2 6 8 
   0.000101859645433  4221411433  |0 1 2 4 7  |0 4 7 8 9 
   0.000101856605339  2243414131  |0 1 2 4 6  |2 3 4 6 8 
   0.000101854789329  3342414121  |2 3 4 6 8  |0 1 2 4 6 
  -0.000101843184717  4142433121  |0 2 3 4 8  |0 2 4 5 6 
  -0.000101798686539  4341413122  |0 2 4 8 9  |0 1 2 4 6 
   0.000101709793846  2423223331  |0 1 2 4 5  |1 3 6 7 8 
   0.000101709733898  3432332221  |1 3 6 7 8  |0 1 2 4 5 
  -0.000101485327863  2241431314  |0 1 2 4 9  |2 4 5 7 9 
  -0.000101449809784  1221243433  |1 2 4 5 7  |5 6 7 8 9 
  -0.000101421303223  4142111443  |0 2 3 7 8  |0 2 7 8 9 
  -0.000101399043127  3234312421  |1 3 6 7 8  |0 2 3 4 7 
  -0.000101357859062  4232441131  |0 1 3 4 5  |0 2 4 5 8 
  -0.000101357351803  4323441121  |0 2 4 5 8  |0 1 3 4 5 
   0.000101353203895  4323412114  |0 2 4 6 9  |0 1 3 4 9 
   0.000101352547779  4232413114  |0 1 3 4 9  |0 2 4 6 9 
   0.000101288036895  4123413322  |0 2 4 8 9  |0 3 4 6 7 
  -0.000101213927828  2323132432  |0 2 6 7 9  |1 3 5 7 8 
  -0.000101200960090  1232332432  |1 3 6 7 9  |2 4 5 7 8 
  -0.000101199158190  3344211412  |2 3 4 7 9  |0 1 2 3 7 
   0.000101184510119  3433221124  |1 4 5 8 9  |0 1 2 3 9 
  -0.000101184477079  2422331134  |0 1 2 3 9  |1 4 5 8 9 
   0.000101171706743  2334342112  |0 3 5 6 9  |1 2 3 4 5 
   0.000101052473574  4342113142  |0 2 3 8 9  |0 1 2 6 8 
   0.000101052375702  4243112143  |0 1 2 6 8  |0 2 3 8 9 
  -0.000101038109310  1243424131  |1 2 4 5 6  |2 3 4 6 8 
  -0.000101038009620  1342434121  |2 3 4 6 8  |1 2 4 5 6 
   0.000100872373881  3441212341  |1 2 4 6 8  |0 1 2 7 8 
  -0.000100837713013  2214441331  |0 1 3 4 5  |3 4 5 7 8 
  -0.000100837052367  3314441221  |3 4 5 7 8  |0 1 3 4 5 
  -0.000100834175735  4413312214  |0 1 6 7 9  |0 1 3 4 9 
   0.000100820347976  3421433212  |1 2 4 7 9  |0 1 4 5 6 
   0.000100712598779  4433221213  |0 1 4 5 7  |0 1 2 3 9 
  -0.000100712016359  4422331312  |0 1 2 3 9  |0 1 4 5 7 
   0.000100710091882  3224421313  |1 2 3 4 5  |0 3 4 7 9 
  -0.000100709817975  2334431212  |0 3 4 7 9  |1 2 3 4 5 
   0.000100669903935  4411213243  |0 1 4 7 8  |0 1 6 8 9 
   0.000100669780797  3114424321  |3 4 5 6 8  |0 3 4 6 7 
   0.000100667612602  2114434231  |0 3 4 6 7  |3 4 5 6 8 
   0.000100661951293  4411312342  |0 1 6 8 9  |0 1 4 7 8 
  -0.000100507039563  3441213322  |1 2 4 8 9  |0 1 2 6 7 
   0.000100400819144  2433332212  |0 1 6 7 9  |1 2 3 4 5 
   0.000100400666089  3422223313  |1 2 3 4 5  |0 1 6 7 9 
  -0.000100387021732  2224331332  |0 1 2 3 9  |3 4 5 7 8 
  -0.000100386858803  3334221223  |3 4 5 7 8  |0 1 2 3 9 
   0.000100353971055  3124314412  |2 3 6 7 9  |0 3 4 6 7 
   0.000100353683954  4413213421  |0 1 4 7 8  |0 1 3 6 7 
   0.000100353055417  2134214413  |0 3 4 6 7  |2 3 6 7 9 
   0.000100352859871  4412312431  |0 1 3 6 7  |0 1 4 7 8 
   0.000100352033865  2431231441  |0 1 4 7 8  |1 2 5 7 8 
  -0.000100231255362  1142234323  |2 3 4 6 8  |2 5 6 7 9 
   0.000100165062453  4332232213  |0 3 4 6 7  |0 1 2 5 9 
   0.000100141523486  4124312341  |0 2 3 6 8  |0 3 4 7 8 
